<?xml version="1.0" encoding="ascii" standalone="yes"?>
<!DOCTYPE html>
<!-- Conditional comment for mobile ie7 blogs.msdn.com/b/iemobile/ -->
<!--[if IEMobile 7 ]>    <html class="no-js iem7" lang="en"> <![endif]-->
<!--[if (gt IEMobile 7)|!(IEMobile)]><!-->
<html class="no-js" lang="en">
<!--<![endif]-->
  <head>
    <meta charset="utf-8"/>
    <title>Bible Search</title>
    <meta name="description" content=""/>
<!-- Mobile viewport optimization h5bp.com/ad -->
    <meta name="HandheldFriendly" content="True"/>
    <meta name="MobileOptimized" content="320"/>
    <meta name="viewport" content="width=device-width, initial-scale=1"/>
    <meta name="apple-mobile-web-app-capable" content="yes"/>
    <meta name="apple-mobile-web-app-status-bar-style" content="black"/>
<!-- Icon Fonts -->
    <link rel="stylesheet" href="http://m.bibles.org/css/mobile/A.fontello.css.pagespeed.cf.qUOK4Bt9wR.css"/>
<!--[if IE 7]>
  <link rel="stylesheet" href="/css/mobile/fontello-ie7.css"><![endif]-->
<!-- Home screen icon  Mathias Bynens mathiasbynens.be/notes/touch-icons -->
<!-- For iPhone 4 with high-resolution Retina display: -->
    <link rel="apple-touch-icon" sizes="114x114" href="http://m.bibles.org/images/magglass_icon_sharethumbnail-square.png.pagespeed.ce.1pleF6ZLFL.png"/>
<!-- For first-generation iPad: -->
    <link rel="apple-touch-icon" sizes="72x72" href="http://m.bibles.org/images/magglass_icon_sharethumbnail-square.png.pagespeed.ce.1pleF6ZLFL.png"/>
<!-- For non-Retina iPhone, iPod Touch, and Android 2.1+ devices: -->
    <link rel="apple-touch-icon" href="http://m.bibles.org/images/magglass_icon_sharethumbnail-square.png.pagespeed.ce.1pleF6ZLFL.png"/>
<!-- For nokia devices: -->
    <link rel="shortcut icon" href="/images/bsearch_fav.png"/>
<!-- iOS web app, delete if not needed. https://github.com/h5bp/mobile-boilerplate/issues/94 -->
<!-- <script>(function(){var a;if(navigator.platform==="iPad"){a=window.orientation!==90||window.orientation===-90?"img/startup-tablet-landscape.png":"img/startup-tablet-portrait.png"}else{a=window.devicePixelRatio===2?"img/startup-retina.png":"img/startup.png"}document.write('<link rel="apple-touch-startup-image" href="'+a+'"/>')})()</script> -->
<!-- The script prevents links from opening in mobile safari. https://gist.github.com/1042026 -->
<!-- <script>(function(a,b,c){if(c in b&&b[c]){var d,e=a.location,f=/^(a|html)$/i;a.addEventListener("click",function(a){d=a.target;while(!f.test(d.nodeName))d=d.parentNode;"href"in d&&(d.href.indexOf("http")||~d.href.indexOf(e.host))&&(a.preventDefault(),e.href=d.href)},!1)}})(document,window.navigator,"standalone")</script> -->
<!-- Mobile IE allows us to activate ClearType technology for smoothing fonts for easy reading -->
    <meta http-equiv="cleartype" content="on"/>
<!-- more tags for your 'head' to consider h5bp.com/d/head-Tips -->
<!-- Main Stylesheet -->
    <link rel="stylesheet" href="http://m.bibles.org/css/A.mobile,,_jquery.mobile.custom.structure.min.css+mobile,,_style.css+base.css,Mcc.Zg0DR7xsCn.css.pagespeed.cf.cIbz3pofCJ.css"/>
<!-- All JavaScript at the bottom, except for Modernizr which enables HTML5 elements & feature detects -->
    <script src="http://m.bibles.org/javascripts/libraries/modernizr-2.0.6.min.js.pagespeed.jm.5bYgYJ7VCY.js"/>
  </head>
  <body>
<div id="fb-root"/>
<script><![CDATA[window.fbAsyncInit=function(){FB.init({appId:'201616226536206',status:true,cookie:true,xfbml:true});if('undefined'!==typeof _ga){_ga.trackFacebook();}};(function(d){var js,id='facebook-jssdk',ref=d.getElementsByTagName('script')[0];if(d.getElementById(id)){return;}
js=d.createElement('script');js.id=id;js.async=true;js.src="//connect.facebook.net/en_US/all.js";ref.parentNode.insertBefore(js,ref);}(document));]]></script><div id="browse" data-role="page" data-url="/dwr-DWRNT">
<div id="menuMask" style="display:none;"/>
<div id="menu">
<div class="container">
<header class="search"><form class="search-form" action="/search/" data-ajax="false">
<span id="menu-search-icon" class="icon-search-1 search-input-icon"/><input class="menusearch" type="search" placeholder="keyword or reference" name="query"/><input type="hidden" name="vg" value="these"/><input type="hidden" name="version[]" value="eng-GNTD"/><div class="cancel"><a class="btn-dark" href="#">Cancel</a></div>
</form>
</header><div id="main" role="main">
<div id="mainnav">
<ul><li><a href="/"><span class="icon icon-home-1"/>Home</a></li>
<li><a href="/eng-GNTD"><span class="icon icon-book-open"/>Browse</a></li>
<li><a href="/account/passageHistory/"><span class="icon icon-clock"/>Passage History</a></li>
<li><a href="/share/?url=http%3A%2F%2Fbibles.org%2Fdwr-DWRNT"><span class="icon icon-share"/>Share</a></li>
</ul></div>
<div id="subnav">
<ul><li><a href="/account/settings">Settings</a></li>
<li><a href="/account/login">Login</a></li>
<li><a data-ajax="false" href="/swap?sendTo=http%3A%2F%2Fbibles.org%2Fdwr-DWRNT">Desktop Site</a></li>
<li><a href="/pages/about">About</a></li>
</ul></div>
<div class="abs-copyright-legal">
<p>&#169; 2013 American Bible Society</p>
<p>
<a href="/pages/privacy">Privacy Policy</a>
|
<a href="/pages/terms-and-conditions">Terms and Conditions</a>
</p>
</div>
</div>
</div>
</div>
<div id="container">
<header><div class="menu"><a href="/menu/" class="nav-menu-button"><span class="icon-align-justify"/><strong>Menu</strong></a></div>
<div class="version"><a class="btn-dark" href="/dwr-DWRNT/compare">DWRRNT</a></div>
<div class="title">Browse</div>
</header><div class="alphabetical">
<form action="http://m.bibles.org/dwr-DWRNT">
<label for="alpha-book-order">Alphabetical</label>
<input type="checkbox" id="alpha-book-order" name="alpha" value="1"/></form>
</div>
<ul class="book"><li id="Matt"><a data-ajax="false" data-no-loading="" href="/dwr-DWRNT/Matt#Matt">Matthew <span class="icon-down-open-1"/></a>
<ul class="chapter hide"><li><a class="book-intro" href="/dwr-DWRNT/Matt/int">Intro</a></li>
<li><a class="" href="/dwr-DWRNT/Matt/1">1</a></li>
<li><a class="" href="/dwr-DWRNT/Matt/2">2</a></li>
<li><a class="" href="/dwr-DWRNT/Matt/3">3</a></li>
<li><a class="" href="/dwr-DWRNT/Matt/4">4</a></li>
<li><a class="" href="/dwr-DWRNT/Matt/5">5</a></li>
<li><a class="" href="/dwr-DWRNT/Matt/6">6</a></li>
<li><a class="" href="/dwr-DWRNT/Matt/7">7</a></li>
<li><a class="" href="/dwr-DWRNT/Matt/8">8</a></li>
<li><a class="" href="/dwr-DWRNT/Matt/9">9</a></li>
<li><a class="" href="/dwr-DWRNT/Matt/10">10</a></li>
<li><a class="" href="/dwr-DWRNT/Matt/11">11</a></li>
<li><a class="" href="/dwr-DWRNT/Matt/12">12</a></li>
<li><a class="" href="/dwr-DWRNT/Matt/13">13</a></li>
<li><a class="" href="/dwr-DWRNT/Matt/14">14</a></li>
<li><a class="" href="/dwr-DWRNT/Matt/15">15</a></li>
<li><a class="" href="/dwr-DWRNT/Matt/16">16</a></li>
<li><a class="" href="/dwr-DWRNT/Matt/17">17</a></li>
<li><a class="" href="/dwr-DWRNT/Matt/18">18</a></li>
<li><a class="" href="/dwr-DWRNT/Matt/19">19</a></li>
<li><a class="" href="/dwr-DWRNT/Matt/20">20</a></li>
<li><a class="" href="/dwr-DWRNT/Matt/21">21</a></li>
<li><a class="" href="/dwr-DWRNT/Matt/22">22</a></li>
<li><a class="" href="/dwr-DWRNT/Matt/23">23</a></li>
<li><a class="" href="/dwr-DWRNT/Matt/24">24</a></li>
<li><a class="" href="/dwr-DWRNT/Matt/25">25</a></li>
<li><a class="" href="/dwr-DWRNT/Matt/26">26</a></li>
<li><a class="" href="/dwr-DWRNT/Matt/27">27</a></li>
<li><a class="" href="/dwr-DWRNT/Matt/28">28</a></li>
</ul></li>
<li id="Mark"><a data-ajax="false" data-no-loading="" href="/dwr-DWRNT/Mark#Mark">Mark <span class="icon-down-open-1"/></a>
<ul class="chapter hide"><li><a class="book-intro" href="/dwr-DWRNT/Mark/int">Intro</a></li>
<li><a class="" href="/dwr-DWRNT/Mark/1">1</a></li>
<li><a class="" href="/dwr-DWRNT/Mark/2">2</a></li>
<li><a class="" href="/dwr-DWRNT/Mark/3">3</a></li>
<li><a class="" href="/dwr-DWRNT/Mark/4">4</a></li>
<li><a class="" href="/dwr-DWRNT/Mark/5">5</a></li>
<li><a class="" href="/dwr-DWRNT/Mark/6">6</a></li>
<li><a class="" href="/dwr-DWRNT/Mark/7">7</a></li>
<li><a class="" href="/dwr-DWRNT/Mark/8">8</a></li>
<li><a class="" href="/dwr-DWRNT/Mark/9">9</a></li>
<li><a class="" href="/dwr-DWRNT/Mark/10">10</a></li>
<li><a class="" href="/dwr-DWRNT/Mark/11">11</a></li>
<li><a class="" href="/dwr-DWRNT/Mark/12">12</a></li>
<li><a class="" href="/dwr-DWRNT/Mark/13">13</a></li>
<li><a class="" href="/dwr-DWRNT/Mark/14">14</a></li>
<li><a class="" href="/dwr-DWRNT/Mark/15">15</a></li>
<li><a class="" href="/dwr-DWRNT/Mark/16">16</a></li>
</ul></li>
<li id="Luke"><a data-ajax="false" data-no-loading="" href="/dwr-DWRNT/Luke#Luke">Luke <span class="icon-down-open-1"/></a>
<ul class="chapter hide"><li><a class="book-intro" href="/dwr-DWRNT/Luke/int">Intro</a></li>
<li><a class="" href="/dwr-DWRNT/Luke/1">1</a></li>
<li><a class="" href="/dwr-DWRNT/Luke/2">2</a></li>
<li><a class="" href="/dwr-DWRNT/Luke/3">3</a></li>
<li><a class="" href="/dwr-DWRNT/Luke/4">4</a></li>
<li><a class="" href="/dwr-DWRNT/Luke/5">5</a></li>
<li><a class="" href="/dwr-DWRNT/Luke/6">6</a></li>
<li><a class="" href="/dwr-DWRNT/Luke/7">7</a></li>
<li><a class="" href="/dwr-DWRNT/Luke/8">8</a></li>
<li><a class="" href="/dwr-DWRNT/Luke/9">9</a></li>
<li><a class="" href="/dwr-DWRNT/Luke/10">10</a></li>
<li><a class="" href="/dwr-DWRNT/Luke/11">11</a></li>
<li><a class="" href="/dwr-DWRNT/Luke/12">12</a></li>
<li><a class="" href="/dwr-DWRNT/Luke/13">13</a></li>
<li><a class="" href="/dwr-DWRNT/Luke/14">14</a></li>
<li><a class="" href="/dwr-DWRNT/Luke/15">15</a></li>
<li><a class="" href="/dwr-DWRNT/Luke/16">16</a></li>
<li><a class="" href="/dwr-DWRNT/Luke/17">17</a></li>
<li><a class="" href="/dwr-DWRNT/Luke/18">18</a></li>
<li><a class="" href="/dwr-DWRNT/Luke/19">19</a></li>
<li><a class="" href="/dwr-DWRNT/Luke/20">20</a></li>
<li><a class="" href="/dwr-DWRNT/Luke/21">21</a></li>
<li><a class="" href="/dwr-DWRNT/Luke/22">22</a></li>
<li><a class="" href="/dwr-DWRNT/Luke/23">23</a></li>
<li><a class="" href="/dwr-DWRNT/Luke/24">24</a></li>
</ul></li>
<li id="John"><a data-ajax="false" data-no-loading="" href="/dwr-DWRNT/John#John">John <span class="icon-down-open-1"/></a>
<ul class="chapter hide"><li><a class="book-intro" href="/dwr-DWRNT/John/int">Intro</a></li>
<li><a class="" href="/dwr-DWRNT/John/1">1</a></li>
<li><a class="" href="/dwr-DWRNT/John/2">2</a></li>
<li><a class="" href="/dwr-DWRNT/John/3">3</a></li>
<li><a class="" href="/dwr-DWRNT/John/4">4</a></li>
<li><a class="" href="/dwr-DWRNT/John/5">5</a></li>
<li><a class="" href="/dwr-DWRNT/John/6">6</a></li>
<li><a class="" href="/dwr-DWRNT/John/7">7</a></li>
<li><a class="" href="/dwr-DWRNT/John/8">8</a></li>
<li><a class="" href="/dwr-DWRNT/John/9">9</a></li>
<li><a class="" href="/dwr-DWRNT/John/10">10</a></li>
<li><a class="" href="/dwr-DWRNT/John/11">11</a></li>
<li><a class="" href="/dwr-DWRNT/John/12">12</a></li>
<li><a class="" href="/dwr-DWRNT/John/13">13</a></li>
<li><a class="" href="/dwr-DWRNT/John/14">14</a></li>
<li><a class="" href="/dwr-DWRNT/John/15">15</a></li>
<li><a class="" href="/dwr-DWRNT/John/16">16</a></li>
<li><a class="" href="/dwr-DWRNT/John/17">17</a></li>
<li><a class="" href="/dwr-DWRNT/John/18">18</a></li>
<li><a class="" href="/dwr-DWRNT/John/19">19</a></li>
<li><a class="" href="/dwr-DWRNT/John/20">20</a></li>
<li><a class="" href="/dwr-DWRNT/John/21">21</a></li>
</ul></li>
<li id="Acts"><a data-ajax="false" data-no-loading="" href="/dwr-DWRNT/Acts#Acts">Acts <span class="icon-down-open-1"/></a>
<ul class="chapter hide"><li><a class="book-intro" href="/dwr-DWRNT/Acts/int">Intro</a></li>
<li><a class="" href="/dwr-DWRNT/Acts/1">1</a></li>
<li><a class="" href="/dwr-DWRNT/Acts/2">2</a></li>
<li><a class="" href="/dwr-DWRNT/Acts/3">3</a></li>
<li><a class="" href="/dwr-DWRNT/Acts/4">4</a></li>
<li><a class="" href="/dwr-DWRNT/Acts/5">5</a></li>
<li><a class="" href="/dwr-DWRNT/Acts/6">6</a></li>
<li><a class="" href="/dwr-DWRNT/Acts/7">7</a></li>
<li><a class="" href="/dwr-DWRNT/Acts/8">8</a></li>
<li><a class="" href="/dwr-DWRNT/Acts/9">9</a></li>
<li><a class="" href="/dwr-DWRNT/Acts/10">10</a></li>
<li><a class="" href="/dwr-DWRNT/Acts/11">11</a></li>
<li><a class="" href="/dwr-DWRNT/Acts/12">12</a></li>
<li><a class="" href="/dwr-DWRNT/Acts/13">13</a></li>
<li><a class="" href="/dwr-DWRNT/Acts/14">14</a></li>
<li><a class="" href="/dwr-DWRNT/Acts/15">15</a></li>
<li><a class="" href="/dwr-DWRNT/Acts/16">16</a></li>
<li><a class="" href="/dwr-DWRNT/Acts/17">17</a></li>
<li><a class="" href="/dwr-DWRNT/Acts/18">18</a></li>
<li><a class="" href="/dwr-DWRNT/Acts/19">19</a></li>
<li><a class="" href="/dwr-DWRNT/Acts/20">20</a></li>
<li><a class="" href="/dwr-DWRNT/Acts/21">21</a></li>
<li><a class="" href="/dwr-DWRNT/Acts/22">22</a></li>
<li><a class="" href="/dwr-DWRNT/Acts/23">23</a></li>
<li><a class="" href="/dwr-DWRNT/Acts/24">24</a></li>
<li><a class="" href="/dwr-DWRNT/Acts/25">25</a></li>
<li><a class="" href="/dwr-DWRNT/Acts/26">26</a></li>
<li><a class="" href="/dwr-DWRNT/Acts/27">27</a></li>
<li><a class="" href="/dwr-DWRNT/Acts/28">28</a></li>
</ul></li>
<li id="Rom"><a data-ajax="false" data-no-loading="" href="/dwr-DWRNT/Rom#Rom">Romans <span class="icon-down-open-1"/></a>
<ul class="chapter hide"><li><a class="book-intro" href="/dwr-DWRNT/Rom/int">Intro</a></li>
<li><a class="" href="/dwr-DWRNT/Rom/1">1</a></li>
<li><a class="" href="/dwr-DWRNT/Rom/2">2</a></li>
<li><a class="" href="/dwr-DWRNT/Rom/3">3</a></li>
<li><a class="" href="/dwr-DWRNT/Rom/4">4</a></li>
<li><a class="" href="/dwr-DWRNT/Rom/5">5</a></li>
<li><a class="" href="/dwr-DWRNT/Rom/6">6</a></li>
<li><a class="" href="/dwr-DWRNT/Rom/7">7</a></li>
<li><a class="" href="/dwr-DWRNT/Rom/8">8</a></li>
<li><a class="" href="/dwr-DWRNT/Rom/9">9</a></li>
<li><a class="" href="/dwr-DWRNT/Rom/10">10</a></li>
<li><a class="" href="/dwr-DWRNT/Rom/11">11</a></li>
<li><a class="" href="/dwr-DWRNT/Rom/12">12</a></li>
<li><a class="" href="/dwr-DWRNT/Rom/13">13</a></li>
<li><a class="" href="/dwr-DWRNT/Rom/14">14</a></li>
<li><a class="" href="/dwr-DWRNT/Rom/15">15</a></li>
<li><a class="" href="/dwr-DWRNT/Rom/16">16</a></li>
</ul></li>
<li id="1Cor"><a data-ajax="false" data-no-loading="" href="/dwr-DWRNT/1Cor#1Cor">1 Corinthians <span class="icon-down-open-1"/></a>
<ul class="chapter hide"><li><a class="book-intro" href="/dwr-DWRNT/1Cor/int">Intro</a></li>
<li><a class="" href="/dwr-DWRNT/1Cor/1">1</a></li>
<li><a class="" href="/dwr-DWRNT/1Cor/2">2</a></li>
<li><a class="" href="/dwr-DWRNT/1Cor/3">3</a></li>
<li><a class="" href="/dwr-DWRNT/1Cor/4">4</a></li>
<li><a class="" href="/dwr-DWRNT/1Cor/5">5</a></li>
<li><a class="" href="/dwr-DWRNT/1Cor/6">6</a></li>
<li><a class="" href="/dwr-DWRNT/1Cor/7">7</a></li>
<li><a class="" href="/dwr-DWRNT/1Cor/8">8</a></li>
<li><a class="" href="/dwr-DWRNT/1Cor/9">9</a></li>
<li><a class="" href="/dwr-DWRNT/1Cor/10">10</a></li>
<li><a class="" href="/dwr-DWRNT/1Cor/11">11</a></li>
<li><a class="" href="/dwr-DWRNT/1Cor/12">12</a></li>
<li><a class="" href="/dwr-DWRNT/1Cor/13">13</a></li>
<li><a class="" href="/dwr-DWRNT/1Cor/14">14</a></li>
<li><a class="" href="/dwr-DWRNT/1Cor/15">15</a></li>
<li><a class="" href="/dwr-DWRNT/1Cor/16">16</a></li>
</ul></li>
<li id="2Cor"><a data-ajax="false" data-no-loading="" href="/dwr-DWRNT/2Cor#2Cor">2 Corinthians <span class="icon-down-open-1"/></a>
<ul class="chapter hide"><li><a class="book-intro" href="/dwr-DWRNT/2Cor/int">Intro</a></li>
<li><a class="" href="/dwr-DWRNT/2Cor/1">1</a></li>
<li><a class="" href="/dwr-DWRNT/2Cor/2">2</a></li>
<li><a class="" href="/dwr-DWRNT/2Cor/3">3</a></li>
<li><a class="" href="/dwr-DWRNT/2Cor/4">4</a></li>
<li><a class="" href="/dwr-DWRNT/2Cor/5">5</a></li>
<li><a class="" href="/dwr-DWRNT/2Cor/6">6</a></li>
<li><a class="" href="/dwr-DWRNT/2Cor/7">7</a></li>
<li><a class="" href="/dwr-DWRNT/2Cor/8">8</a></li>
<li><a class="" href="/dwr-DWRNT/2Cor/9">9</a></li>
<li><a class="" href="/dwr-DWRNT/2Cor/10">10</a></li>
<li><a class="" href="/dwr-DWRNT/2Cor/11">11</a></li>
<li><a class="" href="/dwr-DWRNT/2Cor/12">12</a></li>
<li><a class="" href="/dwr-DWRNT/2Cor/13">13</a></li>
</ul></li>
<li id="Gal"><a data-ajax="false" data-no-loading="" href="/dwr-DWRNT/Gal#Gal">Galatians <span class="icon-down-open-1"/></a>
<ul class="chapter hide"><li><a class="book-intro" href="/dwr-DWRNT/Gal/int">Intro</a></li>
<li><a class="" href="/dwr-DWRNT/Gal/1">1</a></li>
<li><a class="" href="/dwr-DWRNT/Gal/2">2</a></li>
<li><a class="" href="/dwr-DWRNT/Gal/3">3</a></li>
<li><a class="" href="/dwr-DWRNT/Gal/4">4</a></li>
<li><a class="" href="/dwr-DWRNT/Gal/5">5</a></li>
<li><a class="" href="/dwr-DWRNT/Gal/6">6</a></li>
</ul></li>
<li id="Eph"><a data-ajax="false" data-no-loading="" href="/dwr-DWRNT/Eph#Eph">Ephesians <span class="icon-down-open-1"/></a>
<ul class="chapter hide"><li><a class="book-intro" href="/dwr-DWRNT/Eph/int">Intro</a></li>
<li><a class="" href="/dwr-DWRNT/Eph/1">1</a></li>
<li><a class="" href="/dwr-DWRNT/Eph/2">2</a></li>
<li><a class="" href="/dwr-DWRNT/Eph/3">3</a></li>
<li><a class="" href="/dwr-DWRNT/Eph/4">4</a></li>
<li><a class="" href="/dwr-DWRNT/Eph/5">5</a></li>
<li><a class="" href="/dwr-DWRNT/Eph/6">6</a></li>
</ul></li>
<li id="Phil"><a data-ajax="false" data-no-loading="" href="/dwr-DWRNT/Phil#Phil">Philippians <span class="icon-down-open-1"/></a>
<ul class="chapter hide"><li><a class="book-intro" href="/dwr-DWRNT/Phil/int">Intro</a></li>
<li><a class="" href="/dwr-DWRNT/Phil/1">1</a></li>
<li><a class="" href="/dwr-DWRNT/Phil/2">2</a></li>
<li><a class="" href="/dwr-DWRNT/Phil/3">3</a></li>
<li><a class="" href="/dwr-DWRNT/Phil/4">4</a></li>
</ul></li>
<li id="Col"><a data-ajax="false" data-no-loading="" href="/dwr-DWRNT/Col#Col">Colossians <span class="icon-down-open-1"/></a>
<ul class="chapter hide"><li><a class="book-intro" href="/dwr-DWRNT/Col/int">Intro</a></li>
<li><a class="" href="/dwr-DWRNT/Col/1">1</a></li>
<li><a class="" href="/dwr-DWRNT/Col/2">2</a></li>
<li><a class="" href="/dwr-DWRNT/Col/3">3</a></li>
<li><a class="" href="/dwr-DWRNT/Col/4">4</a></li>
</ul></li>
<li id="1Thess"><a data-ajax="false" data-no-loading="" href="/dwr-DWRNT/1Thess#1Thess">1 Thessalonians <span class="icon-down-open-1"/></a>
<ul class="chapter hide"><li><a class="book-intro" href="/dwr-DWRNT/1Thess/int">Intro</a></li>
<li><a class="" href="/dwr-DWRNT/1Thess/1">1</a></li>
<li><a class="" href="/dwr-DWRNT/1Thess/2">2</a></li>
<li><a class="" href="/dwr-DWRNT/1Thess/3">3</a></li>
<li><a class="" href="/dwr-DWRNT/1Thess/4">4</a></li>
<li><a class="" href="/dwr-DWRNT/1Thess/5">5</a></li>
</ul></li>
<li id="2Thess"><a data-ajax="false" data-no-loading="" href="/dwr-DWRNT/2Thess#2Thess">2 Thessalonians <span class="icon-down-open-1"/></a>
<ul class="chapter hide"><li><a class="book-intro" href="/dwr-DWRNT/2Thess/int">Intro</a></li>
<li><a class="" href="/dwr-DWRNT/2Thess/1">1</a></li>
<li><a class="" href="/dwr-DWRNT/2Thess/2">2</a></li>
<li><a class="" href="/dwr-DWRNT/2Thess/3">3</a></li>
</ul></li>
<li id="1Tim"><a data-ajax="false" data-no-loading="" href="/dwr-DWRNT/1Tim#1Tim">1 Timothy <span class="icon-down-open-1"/></a>
<ul class="chapter hide"><li><a class="book-intro" href="/dwr-DWRNT/1Tim/int">Intro</a></li>
<li><a class="" href="/dwr-DWRNT/1Tim/1">1</a></li>
<li><a class="" href="/dwr-DWRNT/1Tim/2">2</a></li>
<li><a class="" href="/dwr-DWRNT/1Tim/3">3</a></li>
<li><a class="" href="/dwr-DWRNT/1Tim/4">4</a></li>
<li><a class="" href="/dwr-DWRNT/1Tim/5">5</a></li>
<li><a class="" href="/dwr-DWRNT/1Tim/6">6</a></li>
</ul></li>
<li id="2Tim"><a data-ajax="false" data-no-loading="" href="/dwr-DWRNT/2Tim#2Tim">2 Timothy <span class="icon-down-open-1"/></a>
<ul class="chapter hide"><li><a class="book-intro" href="/dwr-DWRNT/2Tim/int">Intro</a></li>
<li><a class="" href="/dwr-DWRNT/2Tim/1">1</a></li>
<li><a class="" href="/dwr-DWRNT/2Tim/2">2</a></li>
<li><a class="" href="/dwr-DWRNT/2Tim/3">3</a></li>
<li><a class="" href="/dwr-DWRNT/2Tim/4">4</a></li>
</ul></li>
<li id="Titus"><a data-ajax="false" data-no-loading="" href="/dwr-DWRNT/Titus#Titus">Titus <span class="icon-down-open-1"/></a>
<ul class="chapter hide"><li><a class="book-intro" href="/dwr-DWRNT/Titus/int">Intro</a></li>
<li><a class="" href="/dwr-DWRNT/Titus/1">1</a></li>
<li><a class="" href="/dwr-DWRNT/Titus/2">2</a></li>
<li><a class="" href="/dwr-DWRNT/Titus/3">3</a></li>
</ul></li>
<li id="Phlm"><a data-ajax="false" data-no-loading="" href="/dwr-DWRNT/Phlm#Phlm">Philemon <span class="icon-down-open-1"/></a>
<ul class="chapter hide"><li><a class="book-intro" href="/dwr-DWRNT/Phlm/int">Intro</a></li>
<li><a class="" href="/dwr-DWRNT/Phlm/1">1</a></li>
</ul></li>
<li id="Heb"><a data-ajax="false" data-no-loading="" href="/dwr-DWRNT/Heb#Heb">Hebrews <span class="icon-down-open-1"/></a>
<ul class="chapter hide"><li><a class="book-intro" href="/dwr-DWRNT/Heb/int">Intro</a></li>
<li><a class="" href="/dwr-DWRNT/Heb/1">1</a></li>
<li><a class="" href="/dwr-DWRNT/Heb/2">2</a></li>
<li><a class="" href="/dwr-DWRNT/Heb/3">3</a></li>
<li><a class="" href="/dwr-DWRNT/Heb/4">4</a></li>
<li><a class="" href="/dwr-DWRNT/Heb/5">5</a></li>
<li><a class="" href="/dwr-DWRNT/Heb/6">6</a></li>
<li><a class="" href="/dwr-DWRNT/Heb/7">7</a></li>
<li><a class="" href="/dwr-DWRNT/Heb/8">8</a></li>
<li><a class="" href="/dwr-DWRNT/Heb/9">9</a></li>
<li><a class="" href="/dwr-DWRNT/Heb/10">10</a></li>
<li><a class="" href="/dwr-DWRNT/Heb/11">11</a></li>
<li><a class="" href="/dwr-DWRNT/Heb/12">12</a></li>
<li><a class="" href="/dwr-DWRNT/Heb/13">13</a></li>
</ul></li>
<li id="Jas"><a data-ajax="false" data-no-loading="" href="/dwr-DWRNT/Jas#Jas">James <span class="icon-down-open-1"/></a>
<ul class="chapter hide"><li><a class="book-intro" href="/dwr-DWRNT/Jas/int">Intro</a></li>
<li><a class="" href="/dwr-DWRNT/Jas/1">1</a></li>
<li><a class="" href="/dwr-DWRNT/Jas/2">2</a></li>
<li><a class="" href="/dwr-DWRNT/Jas/3">3</a></li>
<li><a class="" href="/dwr-DWRNT/Jas/4">4</a></li>
<li><a class="" href="/dwr-DWRNT/Jas/5">5</a></li>
</ul></li>
<li id="1Pet"><a data-ajax="false" data-no-loading="" href="/dwr-DWRNT/1Pet#1Pet">1 Peter <span class="icon-down-open-1"/></a>
<ul class="chapter hide"><li><a class="book-intro" href="/dwr-DWRNT/1Pet/int">Intro</a></li>
<li><a class="" href="/dwr-DWRNT/1Pet/1">1</a></li>
<li><a class="" href="/dwr-DWRNT/1Pet/2">2</a></li>
<li><a class="" href="/dwr-DWRNT/1Pet/3">3</a></li>
<li><a class="" href="/dwr-DWRNT/1Pet/4">4</a></li>
<li><a class="" href="/dwr-DWRNT/1Pet/5">5</a></li>
</ul></li>
<li id="2Pet"><a data-ajax="false" data-no-loading="" href="/dwr-DWRNT/2Pet#2Pet">2 Peter <span class="icon-down-open-1"/></a>
<ul class="chapter hide"><li><a class="book-intro" href="/dwr-DWRNT/2Pet/int">Intro</a></li>
<li><a class="" href="/dwr-DWRNT/2Pet/1">1</a></li>
<li><a class="" href="/dwr-DWRNT/2Pet/2">2</a></li>
<li><a class="" href="/dwr-DWRNT/2Pet/3">3</a></li>
</ul></li>
<li id="1John"><a data-ajax="false" data-no-loading="" href="/dwr-DWRNT/1John#1John">1 John <span class="icon-down-open-1"/></a>
<ul class="chapter hide"><li><a class="book-intro" href="/dwr-DWRNT/1John/int">Intro</a></li>
<li><a class="" href="/dwr-DWRNT/1John/1">1</a></li>
<li><a class="" href="/dwr-DWRNT/1John/2">2</a></li>
<li><a class="" href="/dwr-DWRNT/1John/3">3</a></li>
<li><a class="" href="/dwr-DWRNT/1John/4">4</a></li>
<li><a class="" href="/dwr-DWRNT/1John/5">5</a></li>
</ul></li>
<li id="2John"><a data-ajax="false" data-no-loading="" href="/dwr-DWRNT/2John#2John">2 John <span class="icon-down-open-1"/></a>
<ul class="chapter hide"><li><a class="book-intro" href="/dwr-DWRNT/2John/int">Intro</a></li>
<li><a class="" href="/dwr-DWRNT/2John/1">1</a></li>
</ul></li>
<li id="3John"><a data-ajax="false" data-no-loading="" href="/dwr-DWRNT/3John#3John">3 John <span class="icon-down-open-1"/></a>
<ul class="chapter hide"><li><a class="book-intro" href="/dwr-DWRNT/3John/int">Intro</a></li>
<li><a class="" href="/dwr-DWRNT/3John/1">1</a></li>
</ul></li>
<li id="Jude"><a data-ajax="false" data-no-loading="" href="/dwr-DWRNT/Jude#Jude">Jude <span class="icon-down-open-1"/></a>
<ul class="chapter hide"><li><a class="book-intro" href="/dwr-DWRNT/Jude/int">Intro</a></li>
<li><a class="" href="/dwr-DWRNT/Jude/1">1</a></li>
</ul></li>
<li id="Rev"><a data-ajax="false" data-no-loading="" href="/dwr-DWRNT/Rev#Rev">Revelation <span class="icon-down-open-1"/></a>
<ul class="chapter hide"><li><a class="book-intro" href="/dwr-DWRNT/Rev/int">Intro</a></li>
<li><a class="" href="/dwr-DWRNT/Rev/1">1</a></li>
<li><a class="" href="/dwr-DWRNT/Rev/2">2</a></li>
<li><a class="" href="/dwr-DWRNT/Rev/3">3</a></li>
<li><a class="" href="/dwr-DWRNT/Rev/4">4</a></li>
<li><a class="" href="/dwr-DWRNT/Rev/5">5</a></li>
<li><a class="" href="/dwr-DWRNT/Rev/6">6</a></li>
<li><a class="" href="/dwr-DWRNT/Rev/7">7</a></li>
<li><a class="" href="/dwr-DWRNT/Rev/8">8</a></li>
<li><a class="" href="/dwr-DWRNT/Rev/9">9</a></li>
<li><a class="" href="/dwr-DWRNT/Rev/10">10</a></li>
<li><a class="" href="/dwr-DWRNT/Rev/11">11</a></li>
<li><a class="" href="/dwr-DWRNT/Rev/12">12</a></li>
<li><a class="" href="/dwr-DWRNT/Rev/13">13</a></li>
<li><a class="" href="/dwr-DWRNT/Rev/14">14</a></li>
<li><a class="" href="/dwr-DWRNT/Rev/15">15</a></li>
<li><a class="" href="/dwr-DWRNT/Rev/16">16</a></li>
<li><a class="" href="/dwr-DWRNT/Rev/17">17</a></li>
<li><a class="" href="/dwr-DWRNT/Rev/18">18</a></li>
<li><a class="" href="/dwr-DWRNT/Rev/19">19</a></li>
<li><a class="" href="/dwr-DWRNT/Rev/20">20</a></li>
<li><a class="" href="/dwr-DWRNT/Rev/21">21</a></li>
<li><a class="" href="/dwr-DWRNT/Rev/22">22</a></li>
</ul></li>
</ul></div>
</div>
<script src="//ajax.googleapis.com/ajax/libs/jquery/1.7.1/jquery.min.js"/><script><![CDATA[window.jQuery||document.write('<script src="/javascripts/libraries/jquery-1.7.1.min.js"><\/script>')]]></script><script src="http://m.bibles.org/javascripts/libraries/underscore-min.js.pagespeed.jm.wweA_M5pC1.js"/><script src="/i18n-include/uistrings-i18n-en.js"/><script src="http://m.bibles.org/javascripts/ABS.common.js.pagespeed.jm.vMAyKkgBTM.js"/><script src="//d2ue49q0mum86x.cloudfront.net/include/sa.c.js"/><script src="http://m.bibles.org/javascripts/ABS.verseSelector.js.pagespeed.jm.HC6Q0pD64w.js"/><script src="http://m.bibles.org/javascripts/mobile/ABS.m.js.pagespeed.jm.e92NTaHv8T.js"/><script src="http://m.bibles.org/javascripts/mobile/libraries/jquery.mobile.custom.min.js.pagespeed.jm.powuBvzl6K.js"/><!-- end scripts--><!-- Debugger - remove for production --><!-- <script src="https://getfirebug.com/firebug-lite.js"></script> --><!-- Google Analytics Tracking Code --><script><![CDATA[var _gaq=_gaq||[];_gaq.push(['_setAccount','UA-2342140-34']);_gaq.push(['_setAllowLinker',true]);_gaq.push(['_setAllowHash',false]);_gaq.push(['_trackPageview']);_gaq.push(['_trackPageLoadTime']);_gaq.push(['t2._setAccount','UA-2342140-14']);_gaq.push(['t2._setDomainName','none']);_gaq.push(['t2._setAllowLinker',true]);_gaq.push(['t2._setAllowHash',false]);_gaq.push(['t2._trackPageview']);_gaq.push(['t2._trackPageLoadTime']);_gaq.push(['t3._setAccount','UA-2342140-17']);_gaq.push(['t3._setDomainName','none']);_gaq.push(['t3._setAllowLinker',true]);_gaq.push(['t3._setAllowHash',false]);_gaq.push(['t3._trackPageview']);_gaq.push(['t3._trackPageLoadTime']);(function(){var ga=document.createElement('script');ga.type='text/javascript';ga.async=true;ga.src=('https:'==document.location.protocol?'https://ssl':'http://www')+'.google-analytics.com/ga.js';var s=document.getElementsByTagName('script')[0];s.parentNode.insertBefore(ga,s);})();]]></script></body>
</html>
