<?xml version="1.0" encoding="ascii" standalone="yes"?>
<!DOCTYPE html>
<!-- Conditional comment for mobile ie7 blogs.msdn.com/b/iemobile/ -->
<!--[if IEMobile 7 ]>    <html class="no-js iem7" lang="en"> <![endif]-->
<!--[if (gt IEMobile 7)|!(IEMobile)]><!-->
<html class="no-js" lang="en">
<!--<![endif]-->
  <head>
    <meta charset="utf-8"/>
    <title>Bible Search</title>
    <meta name="description" content=""/>
<!-- Mobile viewport optimization h5bp.com/ad -->
    <meta name="HandheldFriendly" content="True"/>
    <meta name="MobileOptimized" content="320"/>
    <meta name="viewport" content="width=device-width, initial-scale=1"/>
    <meta name="apple-mobile-web-app-capable" content="yes"/>
    <meta name="apple-mobile-web-app-status-bar-style" content="black"/>
<!-- Icon Fonts -->
    <link rel="stylesheet" href="/css/mobile/fontello.css"/>
<!--[if IE 7]>
  <link rel="stylesheet" href="/css/mobile/fontello-ie7.css"><![endif]-->
<!-- Home screen icon  Mathias Bynens mathiasbynens.be/notes/touch-icons -->
<!-- For iPhone 4 with high-resolution Retina display: -->
    <link rel="apple-touch-icon" sizes="114x114" href="/images/magglass_icon_sharethumbnail-square.png"/>
<!-- For first-generation iPad: -->
    <link rel="apple-touch-icon" sizes="72x72" href="/images/magglass_icon_sharethumbnail-square.png"/>
<!-- For non-Retina iPhone, iPod Touch, and Android 2.1+ devices: -->
    <link rel="apple-touch-icon" href="/images/magglass_icon_sharethumbnail-square.png"/>
<!-- For nokia devices: -->
    <link rel="shortcut icon" href="/images/bsearch_fav.png"/>
<!-- iOS web app, delete if not needed. https://github.com/h5bp/mobile-boilerplate/issues/94 -->
<!-- <script>(function(){var a;if(navigator.platform==="iPad"){a=window.orientation!==90||window.orientation===-90?"img/startup-tablet-landscape.png":"img/startup-tablet-portrait.png"}else{a=window.devicePixelRatio===2?"img/startup-retina.png":"img/startup.png"}document.write('<link rel="apple-touch-startup-image" href="'+a+'"/>')})()</script> -->
<!-- The script prevents links from opening in mobile safari. https://gist.github.com/1042026 -->
<!-- <script>(function(a,b,c){if(c in b&&b[c]){var d,e=a.location,f=/^(a|html)$/i;a.addEventListener("click",function(a){d=a.target;while(!f.test(d.nodeName))d=d.parentNode;"href"in d&&(d.href.indexOf("http")||~d.href.indexOf(e.host))&&(a.preventDefault(),e.href=d.href)},!1)}})(document,window.navigator,"standalone")</script> -->
<!-- Mobile IE allows us to activate ClearType technology for smoothing fonts for easy reading -->
    <meta http-equiv="cleartype" content="on"/>
<!-- more tags for your 'head' to consider h5bp.com/d/head-Tips -->
<!-- Main Stylesheet -->
    <link rel="stylesheet" href="/css/mobile/jquery.mobile.custom.structure.min.css"/>
    <link rel="stylesheet" href="/css/mobile/style.css"/>
    <link href="/css/base.css" rel="stylesheet"/>
<!-- All JavaScript at the bottom, except for Modernizr which enables HTML5 elements & feature detects -->
    <script src="/javascripts/libraries/modernizr-2.0.6.min.js"/>
  </head>
  <body>
<div id="fb-root"/>
<script><![CDATA[window.fbAsyncInit=function(){FB.init({appId:'201616226536206',status:true,cookie:true,xfbml:true});if('undefined'!==typeof _ga){_ga.trackFacebook();}};(function(d){var js,id='facebook-jssdk',ref=d.getElementsByTagName('script')[0];if(d.getElementById(id)){return;}
js=d.createElement('script');js.id=id;js.async=true;js.src="//connect.facebook.net/en_US/all.js";ref.parentNode.insertBefore(js,ref);}(document));]]></script><div id="browse" data-role="page" data-url="/eng-RV1885">
<div id="menuMask" style="display:none;"/>
<div id="menu">
<div class="container">
<header class="search"><form class="search-form" action="/search/" data-ajax="false">
<span id="menu-search-icon" class="icon-search-1 search-input-icon"/><input class="menusearch" type="search" placeholder="keyword or reference" name="query"/><input type="hidden" name="vg" value="these"/><input type="hidden" name="version[]" value="eng-GNTD"/><div class="cancel"><a class="btn-dark" href="#">Cancel</a></div>
</form>
</header><div id="main" role="main">
<div id="mainnav">
<ul><li><a href="/"><span class="icon icon-home-1"/>Home</a></li>
<li><a href="/eng-GNTD"><span class="icon icon-book-open"/>Browse</a></li>
<li><a href="/account/passageHistory/"><span class="icon icon-clock"/>Passage History</a></li>
<li><a href="/share/?url=http%3A%2F%2Fbibles.org%2Feng-RV1885"><span class="icon icon-share"/>Share</a></li>
</ul></div>
<div id="subnav">
<ul><li><a href="/account/settings">Settings</a></li>
<li><a href="/account/login">Login</a></li>
<li><a data-ajax="false" href="/swap?sendTo=http%3A%2F%2Fbibles.org%2Feng-RV1885">Desktop Site</a></li>
<li><a href="/pages/about">About</a></li>
</ul></div>
<div class="abs-copyright-legal">
<p>&#169; 2013 American Bible Society</p>
<p>
<a href="/pages/privacy">Privacy Policy</a>
|
<a href="/pages/terms-and-conditions">Terms and Conditions</a>
</p>
</div>
</div>
</div>
</div>
<div id="container">
<header><div class="menu"><a href="/menu/" class="nav-menu-button"><span class="icon-align-justify"/><strong>Menu</strong></a></div>
<div class="version"><a class="btn-dark" href="/eng-RV1885/compare">RV1885</a></div>
<div class="title">Browse</div>
</header><div class="alphabetical">
<form action="http://m.bibles.org/eng-RV1885">
<label for="alpha-book-order">Alphabetical</label>
<input type="checkbox" id="alpha-book-order" name="alpha" value="1"/></form>
</div>
<ul class="book"><li id="Gen"><a data-ajax="false" data-no-loading="" href="/eng-RV1885/Gen#Gen">Genesis <span class="icon-down-open-1"/></a>
<ul class="chapter hide"><li><a class="" href="/eng-RV1885/Gen/1">1</a></li>
<li><a class="" href="/eng-RV1885/Gen/2">2</a></li>
<li><a class="" href="/eng-RV1885/Gen/3">3</a></li>
<li><a class="" href="/eng-RV1885/Gen/4">4</a></li>
<li><a class="" href="/eng-RV1885/Gen/5">5</a></li>
<li><a class="" href="/eng-RV1885/Gen/6">6</a></li>
<li><a class="" href="/eng-RV1885/Gen/7">7</a></li>
<li><a class="" href="/eng-RV1885/Gen/8">8</a></li>
<li><a class="" href="/eng-RV1885/Gen/9">9</a></li>
<li><a class="" href="/eng-RV1885/Gen/10">10</a></li>
<li><a class="" href="/eng-RV1885/Gen/11">11</a></li>
<li><a class="" href="/eng-RV1885/Gen/12">12</a></li>
<li><a class="" href="/eng-RV1885/Gen/13">13</a></li>
<li><a class="" href="/eng-RV1885/Gen/14">14</a></li>
<li><a class="" href="/eng-RV1885/Gen/15">15</a></li>
<li><a class="" href="/eng-RV1885/Gen/16">16</a></li>
<li><a class="" href="/eng-RV1885/Gen/17">17</a></li>
<li><a class="" href="/eng-RV1885/Gen/18">18</a></li>
<li><a class="" href="/eng-RV1885/Gen/19">19</a></li>
<li><a class="" href="/eng-RV1885/Gen/20">20</a></li>
<li><a class="" href="/eng-RV1885/Gen/21">21</a></li>
<li><a class="" href="/eng-RV1885/Gen/22">22</a></li>
<li><a class="" href="/eng-RV1885/Gen/23">23</a></li>
<li><a class="" href="/eng-RV1885/Gen/24">24</a></li>
<li><a class="" href="/eng-RV1885/Gen/25">25</a></li>
<li><a class="" href="/eng-RV1885/Gen/26">26</a></li>
<li><a class="" href="/eng-RV1885/Gen/27">27</a></li>
<li><a class="" href="/eng-RV1885/Gen/28">28</a></li>
<li><a class="" href="/eng-RV1885/Gen/29">29</a></li>
<li><a class="" href="/eng-RV1885/Gen/30">30</a></li>
<li><a class="" href="/eng-RV1885/Gen/31">31</a></li>
<li><a class="" href="/eng-RV1885/Gen/32">32</a></li>
<li><a class="" href="/eng-RV1885/Gen/33">33</a></li>
<li><a class="" href="/eng-RV1885/Gen/34">34</a></li>
<li><a class="" href="/eng-RV1885/Gen/35">35</a></li>
<li><a class="" href="/eng-RV1885/Gen/36">36</a></li>
<li><a class="" href="/eng-RV1885/Gen/37">37</a></li>
<li><a class="" href="/eng-RV1885/Gen/38">38</a></li>
<li><a class="" href="/eng-RV1885/Gen/39">39</a></li>
<li><a class="" href="/eng-RV1885/Gen/40">40</a></li>
<li><a class="" href="/eng-RV1885/Gen/41">41</a></li>
<li><a class="" href="/eng-RV1885/Gen/42">42</a></li>
<li><a class="" href="/eng-RV1885/Gen/43">43</a></li>
<li><a class="" href="/eng-RV1885/Gen/44">44</a></li>
<li><a class="" href="/eng-RV1885/Gen/45">45</a></li>
<li><a class="" href="/eng-RV1885/Gen/46">46</a></li>
<li><a class="" href="/eng-RV1885/Gen/47">47</a></li>
<li><a class="" href="/eng-RV1885/Gen/48">48</a></li>
<li><a class="" href="/eng-RV1885/Gen/49">49</a></li>
<li><a class="" href="/eng-RV1885/Gen/50">50</a></li>
</ul></li>
<li id="Exod"><a data-ajax="false" data-no-loading="" href="/eng-RV1885/Exod#Exod">Exodus <span class="icon-down-open-1"/></a>
<ul class="chapter hide"><li><a class="" href="/eng-RV1885/Exod/1">1</a></li>
<li><a class="" href="/eng-RV1885/Exod/2">2</a></li>
<li><a class="" href="/eng-RV1885/Exod/3">3</a></li>
<li><a class="" href="/eng-RV1885/Exod/4">4</a></li>
<li><a class="" href="/eng-RV1885/Exod/5">5</a></li>
<li><a class="" href="/eng-RV1885/Exod/6">6</a></li>
<li><a class="" href="/eng-RV1885/Exod/7">7</a></li>
<li><a class="" href="/eng-RV1885/Exod/8">8</a></li>
<li><a class="" href="/eng-RV1885/Exod/9">9</a></li>
<li><a class="" href="/eng-RV1885/Exod/10">10</a></li>
<li><a class="" href="/eng-RV1885/Exod/11">11</a></li>
<li><a class="" href="/eng-RV1885/Exod/12">12</a></li>
<li><a class="" href="/eng-RV1885/Exod/13">13</a></li>
<li><a class="" href="/eng-RV1885/Exod/14">14</a></li>
<li><a class="" href="/eng-RV1885/Exod/15">15</a></li>
<li><a class="" href="/eng-RV1885/Exod/16">16</a></li>
<li><a class="" href="/eng-RV1885/Exod/17">17</a></li>
<li><a class="" href="/eng-RV1885/Exod/18">18</a></li>
<li><a class="" href="/eng-RV1885/Exod/19">19</a></li>
<li><a class="" href="/eng-RV1885/Exod/20">20</a></li>
<li><a class="" href="/eng-RV1885/Exod/21">21</a></li>
<li><a class="" href="/eng-RV1885/Exod/22">22</a></li>
<li><a class="" href="/eng-RV1885/Exod/23">23</a></li>
<li><a class="" href="/eng-RV1885/Exod/24">24</a></li>
<li><a class="" href="/eng-RV1885/Exod/25">25</a></li>
<li><a class="" href="/eng-RV1885/Exod/26">26</a></li>
<li><a class="" href="/eng-RV1885/Exod/27">27</a></li>
<li><a class="" href="/eng-RV1885/Exod/28">28</a></li>
<li><a class="" href="/eng-RV1885/Exod/29">29</a></li>
<li><a class="" href="/eng-RV1885/Exod/30">30</a></li>
<li><a class="" href="/eng-RV1885/Exod/31">31</a></li>
<li><a class="" href="/eng-RV1885/Exod/32">32</a></li>
<li><a class="" href="/eng-RV1885/Exod/33">33</a></li>
<li><a class="" href="/eng-RV1885/Exod/34">34</a></li>
<li><a class="" href="/eng-RV1885/Exod/35">35</a></li>
<li><a class="" href="/eng-RV1885/Exod/36">36</a></li>
<li><a class="" href="/eng-RV1885/Exod/37">37</a></li>
<li><a class="" href="/eng-RV1885/Exod/38">38</a></li>
<li><a class="" href="/eng-RV1885/Exod/39">39</a></li>
<li><a class="" href="/eng-RV1885/Exod/40">40</a></li>
</ul></li>
<li id="Lev"><a data-ajax="false" data-no-loading="" href="/eng-RV1885/Lev#Lev">Leviticus <span class="icon-down-open-1"/></a>
<ul class="chapter hide"><li><a class="" href="/eng-RV1885/Lev/1">1</a></li>
<li><a class="" href="/eng-RV1885/Lev/2">2</a></li>
<li><a class="" href="/eng-RV1885/Lev/3">3</a></li>
<li><a class="" href="/eng-RV1885/Lev/4">4</a></li>
<li><a class="" href="/eng-RV1885/Lev/5">5</a></li>
<li><a class="" href="/eng-RV1885/Lev/6">6</a></li>
<li><a class="" href="/eng-RV1885/Lev/7">7</a></li>
<li><a class="" href="/eng-RV1885/Lev/8">8</a></li>
<li><a class="" href="/eng-RV1885/Lev/9">9</a></li>
<li><a class="" href="/eng-RV1885/Lev/10">10</a></li>
<li><a class="" href="/eng-RV1885/Lev/11">11</a></li>
<li><a class="" href="/eng-RV1885/Lev/12">12</a></li>
<li><a class="" href="/eng-RV1885/Lev/13">13</a></li>
<li><a class="" href="/eng-RV1885/Lev/14">14</a></li>
<li><a class="" href="/eng-RV1885/Lev/15">15</a></li>
<li><a class="" href="/eng-RV1885/Lev/16">16</a></li>
<li><a class="" href="/eng-RV1885/Lev/17">17</a></li>
<li><a class="" href="/eng-RV1885/Lev/18">18</a></li>
<li><a class="" href="/eng-RV1885/Lev/19">19</a></li>
<li><a class="" href="/eng-RV1885/Lev/20">20</a></li>
<li><a class="" href="/eng-RV1885/Lev/21">21</a></li>
<li><a class="" href="/eng-RV1885/Lev/22">22</a></li>
<li><a class="" href="/eng-RV1885/Lev/23">23</a></li>
<li><a class="" href="/eng-RV1885/Lev/24">24</a></li>
<li><a class="" href="/eng-RV1885/Lev/25">25</a></li>
<li><a class="" href="/eng-RV1885/Lev/26">26</a></li>
<li><a class="" href="/eng-RV1885/Lev/27">27</a></li>
</ul></li>
<li id="Num"><a data-ajax="false" data-no-loading="" href="/eng-RV1885/Num#Num">Numbers <span class="icon-down-open-1"/></a>
<ul class="chapter hide"><li><a class="" href="/eng-RV1885/Num/1">1</a></li>
<li><a class="" href="/eng-RV1885/Num/2">2</a></li>
<li><a class="" href="/eng-RV1885/Num/3">3</a></li>
<li><a class="" href="/eng-RV1885/Num/4">4</a></li>
<li><a class="" href="/eng-RV1885/Num/5">5</a></li>
<li><a class="" href="/eng-RV1885/Num/6">6</a></li>
<li><a class="" href="/eng-RV1885/Num/7">7</a></li>
<li><a class="" href="/eng-RV1885/Num/8">8</a></li>
<li><a class="" href="/eng-RV1885/Num/9">9</a></li>
<li><a class="" href="/eng-RV1885/Num/10">10</a></li>
<li><a class="" href="/eng-RV1885/Num/11">11</a></li>
<li><a class="" href="/eng-RV1885/Num/12">12</a></li>
<li><a class="" href="/eng-RV1885/Num/13">13</a></li>
<li><a class="" href="/eng-RV1885/Num/14">14</a></li>
<li><a class="" href="/eng-RV1885/Num/15">15</a></li>
<li><a class="" href="/eng-RV1885/Num/16">16</a></li>
<li><a class="" href="/eng-RV1885/Num/17">17</a></li>
<li><a class="" href="/eng-RV1885/Num/18">18</a></li>
<li><a class="" href="/eng-RV1885/Num/19">19</a></li>
<li><a class="" href="/eng-RV1885/Num/20">20</a></li>
<li><a class="" href="/eng-RV1885/Num/21">21</a></li>
<li><a class="" href="/eng-RV1885/Num/22">22</a></li>
<li><a class="" href="/eng-RV1885/Num/23">23</a></li>
<li><a class="" href="/eng-RV1885/Num/24">24</a></li>
<li><a class="" href="/eng-RV1885/Num/25">25</a></li>
<li><a class="" href="/eng-RV1885/Num/26">26</a></li>
<li><a class="" href="/eng-RV1885/Num/27">27</a></li>
<li><a class="" href="/eng-RV1885/Num/28">28</a></li>
<li><a class="" href="/eng-RV1885/Num/29">29</a></li>
<li><a class="" href="/eng-RV1885/Num/30">30</a></li>
<li><a class="" href="/eng-RV1885/Num/31">31</a></li>
<li><a class="" href="/eng-RV1885/Num/32">32</a></li>
<li><a class="" href="/eng-RV1885/Num/33">33</a></li>
<li><a class="" href="/eng-RV1885/Num/34">34</a></li>
<li><a class="" href="/eng-RV1885/Num/35">35</a></li>
<li><a class="" href="/eng-RV1885/Num/36">36</a></li>
</ul></li>
<li id="Deut"><a data-ajax="false" data-no-loading="" href="/eng-RV1885/Deut#Deut">Deuteronomy <span class="icon-down-open-1"/></a>
<ul class="chapter hide"><li><a class="" href="/eng-RV1885/Deut/1">1</a></li>
<li><a class="" href="/eng-RV1885/Deut/2">2</a></li>
<li><a class="" href="/eng-RV1885/Deut/3">3</a></li>
<li><a class="" href="/eng-RV1885/Deut/4">4</a></li>
<li><a class="" href="/eng-RV1885/Deut/5">5</a></li>
<li><a class="" href="/eng-RV1885/Deut/6">6</a></li>
<li><a class="" href="/eng-RV1885/Deut/7">7</a></li>
<li><a class="" href="/eng-RV1885/Deut/8">8</a></li>
<li><a class="" href="/eng-RV1885/Deut/9">9</a></li>
<li><a class="" href="/eng-RV1885/Deut/10">10</a></li>
<li><a class="" href="/eng-RV1885/Deut/11">11</a></li>
<li><a class="" href="/eng-RV1885/Deut/12">12</a></li>
<li><a class="" href="/eng-RV1885/Deut/13">13</a></li>
<li><a class="" href="/eng-RV1885/Deut/14">14</a></li>
<li><a class="" href="/eng-RV1885/Deut/15">15</a></li>
<li><a class="" href="/eng-RV1885/Deut/16">16</a></li>
<li><a class="" href="/eng-RV1885/Deut/17">17</a></li>
<li><a class="" href="/eng-RV1885/Deut/18">18</a></li>
<li><a class="" href="/eng-RV1885/Deut/19">19</a></li>
<li><a class="" href="/eng-RV1885/Deut/20">20</a></li>
<li><a class="" href="/eng-RV1885/Deut/21">21</a></li>
<li><a class="" href="/eng-RV1885/Deut/22">22</a></li>
<li><a class="" href="/eng-RV1885/Deut/23">23</a></li>
<li><a class="" href="/eng-RV1885/Deut/24">24</a></li>
<li><a class="" href="/eng-RV1885/Deut/25">25</a></li>
<li><a class="" href="/eng-RV1885/Deut/26">26</a></li>
<li><a class="" href="/eng-RV1885/Deut/27">27</a></li>
<li><a class="" href="/eng-RV1885/Deut/28">28</a></li>
<li><a class="" href="/eng-RV1885/Deut/29">29</a></li>
<li><a class="" href="/eng-RV1885/Deut/30">30</a></li>
<li><a class="" href="/eng-RV1885/Deut/31">31</a></li>
<li><a class="" href="/eng-RV1885/Deut/32">32</a></li>
<li><a class="" href="/eng-RV1885/Deut/33">33</a></li>
<li><a class="" href="/eng-RV1885/Deut/34">34</a></li>
</ul></li>
<li id="Josh"><a data-ajax="false" data-no-loading="" href="/eng-RV1885/Josh#Josh">Joshua <span class="icon-down-open-1"/></a>
<ul class="chapter hide"><li><a class="" href="/eng-RV1885/Josh/1">1</a></li>
<li><a class="" href="/eng-RV1885/Josh/2">2</a></li>
<li><a class="" href="/eng-RV1885/Josh/3">3</a></li>
<li><a class="" href="/eng-RV1885/Josh/4">4</a></li>
<li><a class="" href="/eng-RV1885/Josh/5">5</a></li>
<li><a class="" href="/eng-RV1885/Josh/6">6</a></li>
<li><a class="" href="/eng-RV1885/Josh/7">7</a></li>
<li><a class="" href="/eng-RV1885/Josh/8">8</a></li>
<li><a class="" href="/eng-RV1885/Josh/9">9</a></li>
<li><a class="" href="/eng-RV1885/Josh/10">10</a></li>
<li><a class="" href="/eng-RV1885/Josh/11">11</a></li>
<li><a class="" href="/eng-RV1885/Josh/12">12</a></li>
<li><a class="" href="/eng-RV1885/Josh/13">13</a></li>
<li><a class="" href="/eng-RV1885/Josh/14">14</a></li>
<li><a class="" href="/eng-RV1885/Josh/15">15</a></li>
<li><a class="" href="/eng-RV1885/Josh/16">16</a></li>
<li><a class="" href="/eng-RV1885/Josh/17">17</a></li>
<li><a class="" href="/eng-RV1885/Josh/18">18</a></li>
<li><a class="" href="/eng-RV1885/Josh/19">19</a></li>
<li><a class="" href="/eng-RV1885/Josh/20">20</a></li>
<li><a class="" href="/eng-RV1885/Josh/21">21</a></li>
<li><a class="" href="/eng-RV1885/Josh/22">22</a></li>
<li><a class="" href="/eng-RV1885/Josh/23">23</a></li>
<li><a class="" href="/eng-RV1885/Josh/24">24</a></li>
</ul></li>
<li id="Judg"><a data-ajax="false" data-no-loading="" href="/eng-RV1885/Judg#Judg">Judges <span class="icon-down-open-1"/></a>
<ul class="chapter hide"><li><a class="" href="/eng-RV1885/Judg/1">1</a></li>
<li><a class="" href="/eng-RV1885/Judg/2">2</a></li>
<li><a class="" href="/eng-RV1885/Judg/3">3</a></li>
<li><a class="" href="/eng-RV1885/Judg/4">4</a></li>
<li><a class="" href="/eng-RV1885/Judg/5">5</a></li>
<li><a class="" href="/eng-RV1885/Judg/6">6</a></li>
<li><a class="" href="/eng-RV1885/Judg/7">7</a></li>
<li><a class="" href="/eng-RV1885/Judg/8">8</a></li>
<li><a class="" href="/eng-RV1885/Judg/9">9</a></li>
<li><a class="" href="/eng-RV1885/Judg/10">10</a></li>
<li><a class="" href="/eng-RV1885/Judg/11">11</a></li>
<li><a class="" href="/eng-RV1885/Judg/12">12</a></li>
<li><a class="" href="/eng-RV1885/Judg/13">13</a></li>
<li><a class="" href="/eng-RV1885/Judg/14">14</a></li>
<li><a class="" href="/eng-RV1885/Judg/15">15</a></li>
<li><a class="" href="/eng-RV1885/Judg/16">16</a></li>
<li><a class="" href="/eng-RV1885/Judg/17">17</a></li>
<li><a class="" href="/eng-RV1885/Judg/18">18</a></li>
<li><a class="" href="/eng-RV1885/Judg/19">19</a></li>
<li><a class="" href="/eng-RV1885/Judg/20">20</a></li>
<li><a class="" href="/eng-RV1885/Judg/21">21</a></li>
</ul></li>
<li id="Ruth"><a data-ajax="false" data-no-loading="" href="/eng-RV1885/Ruth#Ruth">Ruth <span class="icon-down-open-1"/></a>
<ul class="chapter hide"><li><a class="" href="/eng-RV1885/Ruth/1">1</a></li>
<li><a class="" href="/eng-RV1885/Ruth/2">2</a></li>
<li><a class="" href="/eng-RV1885/Ruth/3">3</a></li>
<li><a class="" href="/eng-RV1885/Ruth/4">4</a></li>
</ul></li>
<li id="1Sam"><a data-ajax="false" data-no-loading="" href="/eng-RV1885/1Sam#1Sam">1 Samuel <span class="icon-down-open-1"/></a>
<ul class="chapter hide"><li><a class="" href="/eng-RV1885/1Sam/1">1</a></li>
<li><a class="" href="/eng-RV1885/1Sam/2">2</a></li>
<li><a class="" href="/eng-RV1885/1Sam/3">3</a></li>
<li><a class="" href="/eng-RV1885/1Sam/4">4</a></li>
<li><a class="" href="/eng-RV1885/1Sam/5">5</a></li>
<li><a class="" href="/eng-RV1885/1Sam/6">6</a></li>
<li><a class="" href="/eng-RV1885/1Sam/7">7</a></li>
<li><a class="" href="/eng-RV1885/1Sam/8">8</a></li>
<li><a class="" href="/eng-RV1885/1Sam/9">9</a></li>
<li><a class="" href="/eng-RV1885/1Sam/10">10</a></li>
<li><a class="" href="/eng-RV1885/1Sam/11">11</a></li>
<li><a class="" href="/eng-RV1885/1Sam/12">12</a></li>
<li><a class="" href="/eng-RV1885/1Sam/13">13</a></li>
<li><a class="" href="/eng-RV1885/1Sam/14">14</a></li>
<li><a class="" href="/eng-RV1885/1Sam/15">15</a></li>
<li><a class="" href="/eng-RV1885/1Sam/16">16</a></li>
<li><a class="" href="/eng-RV1885/1Sam/17">17</a></li>
<li><a class="" href="/eng-RV1885/1Sam/18">18</a></li>
<li><a class="" href="/eng-RV1885/1Sam/19">19</a></li>
<li><a class="" href="/eng-RV1885/1Sam/20">20</a></li>
<li><a class="" href="/eng-RV1885/1Sam/21">21</a></li>
<li><a class="" href="/eng-RV1885/1Sam/22">22</a></li>
<li><a class="" href="/eng-RV1885/1Sam/23">23</a></li>
<li><a class="" href="/eng-RV1885/1Sam/24">24</a></li>
<li><a class="" href="/eng-RV1885/1Sam/25">25</a></li>
<li><a class="" href="/eng-RV1885/1Sam/26">26</a></li>
<li><a class="" href="/eng-RV1885/1Sam/27">27</a></li>
<li><a class="" href="/eng-RV1885/1Sam/28">28</a></li>
<li><a class="" href="/eng-RV1885/1Sam/29">29</a></li>
<li><a class="" href="/eng-RV1885/1Sam/30">30</a></li>
<li><a class="" href="/eng-RV1885/1Sam/31">31</a></li>
</ul></li>
<li id="2Sam"><a data-ajax="false" data-no-loading="" href="/eng-RV1885/2Sam#2Sam">2 Samuel <span class="icon-down-open-1"/></a>
<ul class="chapter hide"><li><a class="" href="/eng-RV1885/2Sam/1">1</a></li>
<li><a class="" href="/eng-RV1885/2Sam/2">2</a></li>
<li><a class="" href="/eng-RV1885/2Sam/3">3</a></li>
<li><a class="" href="/eng-RV1885/2Sam/4">4</a></li>
<li><a class="" href="/eng-RV1885/2Sam/5">5</a></li>
<li><a class="" href="/eng-RV1885/2Sam/6">6</a></li>
<li><a class="" href="/eng-RV1885/2Sam/7">7</a></li>
<li><a class="" href="/eng-RV1885/2Sam/8">8</a></li>
<li><a class="" href="/eng-RV1885/2Sam/9">9</a></li>
<li><a class="" href="/eng-RV1885/2Sam/10">10</a></li>
<li><a class="" href="/eng-RV1885/2Sam/11">11</a></li>
<li><a class="" href="/eng-RV1885/2Sam/12">12</a></li>
<li><a class="" href="/eng-RV1885/2Sam/13">13</a></li>
<li><a class="" href="/eng-RV1885/2Sam/14">14</a></li>
<li><a class="" href="/eng-RV1885/2Sam/15">15</a></li>
<li><a class="" href="/eng-RV1885/2Sam/16">16</a></li>
<li><a class="" href="/eng-RV1885/2Sam/17">17</a></li>
<li><a class="" href="/eng-RV1885/2Sam/18">18</a></li>
<li><a class="" href="/eng-RV1885/2Sam/19">19</a></li>
<li><a class="" href="/eng-RV1885/2Sam/20">20</a></li>
<li><a class="" href="/eng-RV1885/2Sam/21">21</a></li>
<li><a class="" href="/eng-RV1885/2Sam/22">22</a></li>
<li><a class="" href="/eng-RV1885/2Sam/23">23</a></li>
<li><a class="" href="/eng-RV1885/2Sam/24">24</a></li>
</ul></li>
<li id="1Kgs"><a data-ajax="false" data-no-loading="" href="/eng-RV1885/1Kgs#1Kgs">1 Kings <span class="icon-down-open-1"/></a>
<ul class="chapter hide"><li><a class="" href="/eng-RV1885/1Kgs/1">1</a></li>
<li><a class="" href="/eng-RV1885/1Kgs/2">2</a></li>
<li><a class="" href="/eng-RV1885/1Kgs/3">3</a></li>
<li><a class="" href="/eng-RV1885/1Kgs/4">4</a></li>
<li><a class="" href="/eng-RV1885/1Kgs/5">5</a></li>
<li><a class="" href="/eng-RV1885/1Kgs/6">6</a></li>
<li><a class="" href="/eng-RV1885/1Kgs/7">7</a></li>
<li><a class="" href="/eng-RV1885/1Kgs/8">8</a></li>
<li><a class="" href="/eng-RV1885/1Kgs/9">9</a></li>
<li><a class="" href="/eng-RV1885/1Kgs/10">10</a></li>
<li><a class="" href="/eng-RV1885/1Kgs/11">11</a></li>
<li><a class="" href="/eng-RV1885/1Kgs/12">12</a></li>
<li><a class="" href="/eng-RV1885/1Kgs/13">13</a></li>
<li><a class="" href="/eng-RV1885/1Kgs/14">14</a></li>
<li><a class="" href="/eng-RV1885/1Kgs/15">15</a></li>
<li><a class="" href="/eng-RV1885/1Kgs/16">16</a></li>
<li><a class="" href="/eng-RV1885/1Kgs/17">17</a></li>
<li><a class="" href="/eng-RV1885/1Kgs/18">18</a></li>
<li><a class="" href="/eng-RV1885/1Kgs/19">19</a></li>
<li><a class="" href="/eng-RV1885/1Kgs/20">20</a></li>
<li><a class="" href="/eng-RV1885/1Kgs/21">21</a></li>
<li><a class="" href="/eng-RV1885/1Kgs/22">22</a></li>
</ul></li>
<li id="2Kgs"><a data-ajax="false" data-no-loading="" href="/eng-RV1885/2Kgs#2Kgs">2 Kings <span class="icon-down-open-1"/></a>
<ul class="chapter hide"><li><a class="" href="/eng-RV1885/2Kgs/1">1</a></li>
<li><a class="" href="/eng-RV1885/2Kgs/2">2</a></li>
<li><a class="" href="/eng-RV1885/2Kgs/3">3</a></li>
<li><a class="" href="/eng-RV1885/2Kgs/4">4</a></li>
<li><a class="" href="/eng-RV1885/2Kgs/5">5</a></li>
<li><a class="" href="/eng-RV1885/2Kgs/6">6</a></li>
<li><a class="" href="/eng-RV1885/2Kgs/7">7</a></li>
<li><a class="" href="/eng-RV1885/2Kgs/8">8</a></li>
<li><a class="" href="/eng-RV1885/2Kgs/9">9</a></li>
<li><a class="" href="/eng-RV1885/2Kgs/10">10</a></li>
<li><a class="" href="/eng-RV1885/2Kgs/11">11</a></li>
<li><a class="" href="/eng-RV1885/2Kgs/12">12</a></li>
<li><a class="" href="/eng-RV1885/2Kgs/13">13</a></li>
<li><a class="" href="/eng-RV1885/2Kgs/14">14</a></li>
<li><a class="" href="/eng-RV1885/2Kgs/15">15</a></li>
<li><a class="" href="/eng-RV1885/2Kgs/16">16</a></li>
<li><a class="" href="/eng-RV1885/2Kgs/17">17</a></li>
<li><a class="" href="/eng-RV1885/2Kgs/18">18</a></li>
<li><a class="" href="/eng-RV1885/2Kgs/19">19</a></li>
<li><a class="" href="/eng-RV1885/2Kgs/20">20</a></li>
<li><a class="" href="/eng-RV1885/2Kgs/21">21</a></li>
<li><a class="" href="/eng-RV1885/2Kgs/22">22</a></li>
<li><a class="" href="/eng-RV1885/2Kgs/23">23</a></li>
<li><a class="" href="/eng-RV1885/2Kgs/24">24</a></li>
<li><a class="" href="/eng-RV1885/2Kgs/25">25</a></li>
</ul></li>
<li id="1Chr"><a data-ajax="false" data-no-loading="" href="/eng-RV1885/1Chr#1Chr">1 Chronicles <span class="icon-down-open-1"/></a>
<ul class="chapter hide"><li><a class="" href="/eng-RV1885/1Chr/1">1</a></li>
<li><a class="" href="/eng-RV1885/1Chr/2">2</a></li>
<li><a class="" href="/eng-RV1885/1Chr/3">3</a></li>
<li><a class="" href="/eng-RV1885/1Chr/4">4</a></li>
<li><a class="" href="/eng-RV1885/1Chr/5">5</a></li>
<li><a class="" href="/eng-RV1885/1Chr/6">6</a></li>
<li><a class="" href="/eng-RV1885/1Chr/7">7</a></li>
<li><a class="" href="/eng-RV1885/1Chr/8">8</a></li>
<li><a class="" href="/eng-RV1885/1Chr/9">9</a></li>
<li><a class="" href="/eng-RV1885/1Chr/10">10</a></li>
<li><a class="" href="/eng-RV1885/1Chr/11">11</a></li>
<li><a class="" href="/eng-RV1885/1Chr/12">12</a></li>
<li><a class="" href="/eng-RV1885/1Chr/13">13</a></li>
<li><a class="" href="/eng-RV1885/1Chr/14">14</a></li>
<li><a class="" href="/eng-RV1885/1Chr/15">15</a></li>
<li><a class="" href="/eng-RV1885/1Chr/16">16</a></li>
<li><a class="" href="/eng-RV1885/1Chr/17">17</a></li>
<li><a class="" href="/eng-RV1885/1Chr/18">18</a></li>
<li><a class="" href="/eng-RV1885/1Chr/19">19</a></li>
<li><a class="" href="/eng-RV1885/1Chr/20">20</a></li>
<li><a class="" href="/eng-RV1885/1Chr/21">21</a></li>
<li><a class="" href="/eng-RV1885/1Chr/22">22</a></li>
<li><a class="" href="/eng-RV1885/1Chr/23">23</a></li>
<li><a class="" href="/eng-RV1885/1Chr/24">24</a></li>
<li><a class="" href="/eng-RV1885/1Chr/25">25</a></li>
<li><a class="" href="/eng-RV1885/1Chr/26">26</a></li>
<li><a class="" href="/eng-RV1885/1Chr/27">27</a></li>
<li><a class="" href="/eng-RV1885/1Chr/28">28</a></li>
<li><a class="" href="/eng-RV1885/1Chr/29">29</a></li>
</ul></li>
<li id="2Chr"><a data-ajax="false" data-no-loading="" href="/eng-RV1885/2Chr#2Chr">2 Chronicles <span class="icon-down-open-1"/></a>
<ul class="chapter hide"><li><a class="" href="/eng-RV1885/2Chr/1">1</a></li>
<li><a class="" href="/eng-RV1885/2Chr/2">2</a></li>
<li><a class="" href="/eng-RV1885/2Chr/3">3</a></li>
<li><a class="" href="/eng-RV1885/2Chr/4">4</a></li>
<li><a class="" href="/eng-RV1885/2Chr/5">5</a></li>
<li><a class="" href="/eng-RV1885/2Chr/6">6</a></li>
<li><a class="" href="/eng-RV1885/2Chr/7">7</a></li>
<li><a class="" href="/eng-RV1885/2Chr/8">8</a></li>
<li><a class="" href="/eng-RV1885/2Chr/9">9</a></li>
<li><a class="" href="/eng-RV1885/2Chr/10">10</a></li>
<li><a class="" href="/eng-RV1885/2Chr/11">11</a></li>
<li><a class="" href="/eng-RV1885/2Chr/12">12</a></li>
<li><a class="" href="/eng-RV1885/2Chr/13">13</a></li>
<li><a class="" href="/eng-RV1885/2Chr/14">14</a></li>
<li><a class="" href="/eng-RV1885/2Chr/15">15</a></li>
<li><a class="" href="/eng-RV1885/2Chr/16">16</a></li>
<li><a class="" href="/eng-RV1885/2Chr/17">17</a></li>
<li><a class="" href="/eng-RV1885/2Chr/18">18</a></li>
<li><a class="" href="/eng-RV1885/2Chr/19">19</a></li>
<li><a class="" href="/eng-RV1885/2Chr/20">20</a></li>
<li><a class="" href="/eng-RV1885/2Chr/21">21</a></li>
<li><a class="" href="/eng-RV1885/2Chr/22">22</a></li>
<li><a class="" href="/eng-RV1885/2Chr/23">23</a></li>
<li><a class="" href="/eng-RV1885/2Chr/24">24</a></li>
<li><a class="" href="/eng-RV1885/2Chr/25">25</a></li>
<li><a class="" href="/eng-RV1885/2Chr/26">26</a></li>
<li><a class="" href="/eng-RV1885/2Chr/27">27</a></li>
<li><a class="" href="/eng-RV1885/2Chr/28">28</a></li>
<li><a class="" href="/eng-RV1885/2Chr/29">29</a></li>
<li><a class="" href="/eng-RV1885/2Chr/30">30</a></li>
<li><a class="" href="/eng-RV1885/2Chr/31">31</a></li>
<li><a class="" href="/eng-RV1885/2Chr/32">32</a></li>
<li><a class="" href="/eng-RV1885/2Chr/33">33</a></li>
<li><a class="" href="/eng-RV1885/2Chr/34">34</a></li>
<li><a class="" href="/eng-RV1885/2Chr/35">35</a></li>
<li><a class="" href="/eng-RV1885/2Chr/36">36</a></li>
</ul></li>
<li id="Ezra"><a data-ajax="false" data-no-loading="" href="/eng-RV1885/Ezra#Ezra">Ezra <span class="icon-down-open-1"/></a>
<ul class="chapter hide"><li><a class="" href="/eng-RV1885/Ezra/1">1</a></li>
<li><a class="" href="/eng-RV1885/Ezra/2">2</a></li>
<li><a class="" href="/eng-RV1885/Ezra/3">3</a></li>
<li><a class="" href="/eng-RV1885/Ezra/4">4</a></li>
<li><a class="" href="/eng-RV1885/Ezra/5">5</a></li>
<li><a class="" href="/eng-RV1885/Ezra/6">6</a></li>
<li><a class="" href="/eng-RV1885/Ezra/7">7</a></li>
<li><a class="" href="/eng-RV1885/Ezra/8">8</a></li>
<li><a class="" href="/eng-RV1885/Ezra/9">9</a></li>
<li><a class="" href="/eng-RV1885/Ezra/10">10</a></li>
</ul></li>
<li id="Neh"><a data-ajax="false" data-no-loading="" href="/eng-RV1885/Neh#Neh">Nehemiah <span class="icon-down-open-1"/></a>
<ul class="chapter hide"><li><a class="" href="/eng-RV1885/Neh/1">1</a></li>
<li><a class="" href="/eng-RV1885/Neh/2">2</a></li>
<li><a class="" href="/eng-RV1885/Neh/3">3</a></li>
<li><a class="" href="/eng-RV1885/Neh/4">4</a></li>
<li><a class="" href="/eng-RV1885/Neh/5">5</a></li>
<li><a class="" href="/eng-RV1885/Neh/6">6</a></li>
<li><a class="" href="/eng-RV1885/Neh/7">7</a></li>
<li><a class="" href="/eng-RV1885/Neh/8">8</a></li>
<li><a class="" href="/eng-RV1885/Neh/9">9</a></li>
<li><a class="" href="/eng-RV1885/Neh/10">10</a></li>
<li><a class="" href="/eng-RV1885/Neh/11">11</a></li>
<li><a class="" href="/eng-RV1885/Neh/12">12</a></li>
<li><a class="" href="/eng-RV1885/Neh/13">13</a></li>
</ul></li>
<li id="Esth"><a data-ajax="false" data-no-loading="" href="/eng-RV1885/Esth#Esth">Esther <span class="icon-down-open-1"/></a>
<ul class="chapter hide"><li><a class="" href="/eng-RV1885/Esth/1">1</a></li>
<li><a class="" href="/eng-RV1885/Esth/2">2</a></li>
<li><a class="" href="/eng-RV1885/Esth/3">3</a></li>
<li><a class="" href="/eng-RV1885/Esth/4">4</a></li>
<li><a class="" href="/eng-RV1885/Esth/5">5</a></li>
<li><a class="" href="/eng-RV1885/Esth/6">6</a></li>
<li><a class="" href="/eng-RV1885/Esth/7">7</a></li>
<li><a class="" href="/eng-RV1885/Esth/8">8</a></li>
<li><a class="" href="/eng-RV1885/Esth/9">9</a></li>
<li><a class="" href="/eng-RV1885/Esth/10">10</a></li>
</ul></li>
<li id="Job"><a data-ajax="false" data-no-loading="" href="/eng-RV1885/Job#Job">Job <span class="icon-down-open-1"/></a>
<ul class="chapter hide"><li><a class="" href="/eng-RV1885/Job/1">1</a></li>
<li><a class="" href="/eng-RV1885/Job/2">2</a></li>
<li><a class="" href="/eng-RV1885/Job/3">3</a></li>
<li><a class="" href="/eng-RV1885/Job/4">4</a></li>
<li><a class="" href="/eng-RV1885/Job/5">5</a></li>
<li><a class="" href="/eng-RV1885/Job/6">6</a></li>
<li><a class="" href="/eng-RV1885/Job/7">7</a></li>
<li><a class="" href="/eng-RV1885/Job/8">8</a></li>
<li><a class="" href="/eng-RV1885/Job/9">9</a></li>
<li><a class="" href="/eng-RV1885/Job/10">10</a></li>
<li><a class="" href="/eng-RV1885/Job/11">11</a></li>
<li><a class="" href="/eng-RV1885/Job/12">12</a></li>
<li><a class="" href="/eng-RV1885/Job/13">13</a></li>
<li><a class="" href="/eng-RV1885/Job/14">14</a></li>
<li><a class="" href="/eng-RV1885/Job/15">15</a></li>
<li><a class="" href="/eng-RV1885/Job/16">16</a></li>
<li><a class="" href="/eng-RV1885/Job/17">17</a></li>
<li><a class="" href="/eng-RV1885/Job/18">18</a></li>
<li><a class="" href="/eng-RV1885/Job/19">19</a></li>
<li><a class="" href="/eng-RV1885/Job/20">20</a></li>
<li><a class="" href="/eng-RV1885/Job/21">21</a></li>
<li><a class="" href="/eng-RV1885/Job/22">22</a></li>
<li><a class="" href="/eng-RV1885/Job/23">23</a></li>
<li><a class="" href="/eng-RV1885/Job/24">24</a></li>
<li><a class="" href="/eng-RV1885/Job/25">25</a></li>
<li><a class="" href="/eng-RV1885/Job/26">26</a></li>
<li><a class="" href="/eng-RV1885/Job/27">27</a></li>
<li><a class="" href="/eng-RV1885/Job/28">28</a></li>
<li><a class="" href="/eng-RV1885/Job/29">29</a></li>
<li><a class="" href="/eng-RV1885/Job/30">30</a></li>
<li><a class="" href="/eng-RV1885/Job/31">31</a></li>
<li><a class="" href="/eng-RV1885/Job/32">32</a></li>
<li><a class="" href="/eng-RV1885/Job/33">33</a></li>
<li><a class="" href="/eng-RV1885/Job/34">34</a></li>
<li><a class="" href="/eng-RV1885/Job/35">35</a></li>
<li><a class="" href="/eng-RV1885/Job/36">36</a></li>
<li><a class="" href="/eng-RV1885/Job/37">37</a></li>
<li><a class="" href="/eng-RV1885/Job/38">38</a></li>
<li><a class="" href="/eng-RV1885/Job/39">39</a></li>
<li><a class="" href="/eng-RV1885/Job/40">40</a></li>
<li><a class="" href="/eng-RV1885/Job/41">41</a></li>
<li><a class="" href="/eng-RV1885/Job/42">42</a></li>
</ul></li>
<li id="Ps"><a data-ajax="false" data-no-loading="" href="/eng-RV1885/Ps#Ps">Psalms <span class="icon-down-open-1"/></a>
<ul class="chapter hide"><li><a class="" href="/eng-RV1885/Ps/1">1</a></li>
<li><a class="" href="/eng-RV1885/Ps/2">2</a></li>
<li><a class="" href="/eng-RV1885/Ps/3">3</a></li>
<li><a class="" href="/eng-RV1885/Ps/4">4</a></li>
<li><a class="" href="/eng-RV1885/Ps/5">5</a></li>
<li><a class="" href="/eng-RV1885/Ps/6">6</a></li>
<li><a class="" href="/eng-RV1885/Ps/7">7</a></li>
<li><a class="" href="/eng-RV1885/Ps/8">8</a></li>
<li><a class="" href="/eng-RV1885/Ps/9">9</a></li>
<li><a class="" href="/eng-RV1885/Ps/10">10</a></li>
<li><a class="" href="/eng-RV1885/Ps/11">11</a></li>
<li><a class="" href="/eng-RV1885/Ps/12">12</a></li>
<li><a class="" href="/eng-RV1885/Ps/13">13</a></li>
<li><a class="" href="/eng-RV1885/Ps/14">14</a></li>
<li><a class="" href="/eng-RV1885/Ps/15">15</a></li>
<li><a class="" href="/eng-RV1885/Ps/16">16</a></li>
<li><a class="" href="/eng-RV1885/Ps/17">17</a></li>
<li><a class="" href="/eng-RV1885/Ps/18">18</a></li>
<li><a class="" href="/eng-RV1885/Ps/19">19</a></li>
<li><a class="" href="/eng-RV1885/Ps/20">20</a></li>
<li><a class="" href="/eng-RV1885/Ps/21">21</a></li>
<li><a class="" href="/eng-RV1885/Ps/22">22</a></li>
<li><a class="" href="/eng-RV1885/Ps/23">23</a></li>
<li><a class="" href="/eng-RV1885/Ps/24">24</a></li>
<li><a class="" href="/eng-RV1885/Ps/25">25</a></li>
<li><a class="" href="/eng-RV1885/Ps/26">26</a></li>
<li><a class="" href="/eng-RV1885/Ps/27">27</a></li>
<li><a class="" href="/eng-RV1885/Ps/28">28</a></li>
<li><a class="" href="/eng-RV1885/Ps/29">29</a></li>
<li><a class="" href="/eng-RV1885/Ps/30">30</a></li>
<li><a class="" href="/eng-RV1885/Ps/31">31</a></li>
<li><a class="" href="/eng-RV1885/Ps/32">32</a></li>
<li><a class="" href="/eng-RV1885/Ps/33">33</a></li>
<li><a class="" href="/eng-RV1885/Ps/34">34</a></li>
<li><a class="" href="/eng-RV1885/Ps/35">35</a></li>
<li><a class="" href="/eng-RV1885/Ps/36">36</a></li>
<li><a class="" href="/eng-RV1885/Ps/37">37</a></li>
<li><a class="" href="/eng-RV1885/Ps/38">38</a></li>
<li><a class="" href="/eng-RV1885/Ps/39">39</a></li>
<li><a class="" href="/eng-RV1885/Ps/40">40</a></li>
<li><a class="" href="/eng-RV1885/Ps/41">41</a></li>
<li><a class="" href="/eng-RV1885/Ps/42">42</a></li>
<li><a class="" href="/eng-RV1885/Ps/43">43</a></li>
<li><a class="" href="/eng-RV1885/Ps/44">44</a></li>
<li><a class="" href="/eng-RV1885/Ps/45">45</a></li>
<li><a class="" href="/eng-RV1885/Ps/46">46</a></li>
<li><a class="" href="/eng-RV1885/Ps/47">47</a></li>
<li><a class="" href="/eng-RV1885/Ps/48">48</a></li>
<li><a class="" href="/eng-RV1885/Ps/49">49</a></li>
<li><a class="" href="/eng-RV1885/Ps/50">50</a></li>
<li><a class="" href="/eng-RV1885/Ps/51">51</a></li>
<li><a class="" href="/eng-RV1885/Ps/52">52</a></li>
<li><a class="" href="/eng-RV1885/Ps/53">53</a></li>
<li><a class="" href="/eng-RV1885/Ps/54">54</a></li>
<li><a class="" href="/eng-RV1885/Ps/55">55</a></li>
<li><a class="" href="/eng-RV1885/Ps/56">56</a></li>
<li><a class="" href="/eng-RV1885/Ps/57">57</a></li>
<li><a class="" href="/eng-RV1885/Ps/58">58</a></li>
<li><a class="" href="/eng-RV1885/Ps/59">59</a></li>
<li><a class="" href="/eng-RV1885/Ps/60">60</a></li>
<li><a class="" href="/eng-RV1885/Ps/61">61</a></li>
<li><a class="" href="/eng-RV1885/Ps/62">62</a></li>
<li><a class="" href="/eng-RV1885/Ps/63">63</a></li>
<li><a class="" href="/eng-RV1885/Ps/64">64</a></li>
<li><a class="" href="/eng-RV1885/Ps/65">65</a></li>
<li><a class="" href="/eng-RV1885/Ps/66">66</a></li>
<li><a class="" href="/eng-RV1885/Ps/67">67</a></li>
<li><a class="" href="/eng-RV1885/Ps/68">68</a></li>
<li><a class="" href="/eng-RV1885/Ps/69">69</a></li>
<li><a class="" href="/eng-RV1885/Ps/70">70</a></li>
<li><a class="" href="/eng-RV1885/Ps/71">71</a></li>
<li><a class="" href="/eng-RV1885/Ps/72">72</a></li>
<li><a class="" href="/eng-RV1885/Ps/73">73</a></li>
<li><a class="" href="/eng-RV1885/Ps/74">74</a></li>
<li><a class="" href="/eng-RV1885/Ps/75">75</a></li>
<li><a class="" href="/eng-RV1885/Ps/76">76</a></li>
<li><a class="" href="/eng-RV1885/Ps/77">77</a></li>
<li><a class="" href="/eng-RV1885/Ps/78">78</a></li>
<li><a class="" href="/eng-RV1885/Ps/79">79</a></li>
<li><a class="" href="/eng-RV1885/Ps/80">80</a></li>
<li><a class="" href="/eng-RV1885/Ps/81">81</a></li>
<li><a class="" href="/eng-RV1885/Ps/82">82</a></li>
<li><a class="" href="/eng-RV1885/Ps/83">83</a></li>
<li><a class="" href="/eng-RV1885/Ps/84">84</a></li>
<li><a class="" href="/eng-RV1885/Ps/85">85</a></li>
<li><a class="" href="/eng-RV1885/Ps/86">86</a></li>
<li><a class="" href="/eng-RV1885/Ps/87">87</a></li>
<li><a class="" href="/eng-RV1885/Ps/88">88</a></li>
<li><a class="" href="/eng-RV1885/Ps/89">89</a></li>
<li><a class="" href="/eng-RV1885/Ps/90">90</a></li>
<li><a class="" href="/eng-RV1885/Ps/91">91</a></li>
<li><a class="" href="/eng-RV1885/Ps/92">92</a></li>
<li><a class="" href="/eng-RV1885/Ps/93">93</a></li>
<li><a class="" href="/eng-RV1885/Ps/94">94</a></li>
<li><a class="" href="/eng-RV1885/Ps/95">95</a></li>
<li><a class="" href="/eng-RV1885/Ps/96">96</a></li>
<li><a class="" href="/eng-RV1885/Ps/97">97</a></li>
<li><a class="" href="/eng-RV1885/Ps/98">98</a></li>
<li><a class="" href="/eng-RV1885/Ps/99">99</a></li>
<li><a class="" href="/eng-RV1885/Ps/100">100</a></li>
<li><a class="" href="/eng-RV1885/Ps/101">101</a></li>
<li><a class="" href="/eng-RV1885/Ps/102">102</a></li>
<li><a class="" href="/eng-RV1885/Ps/103">103</a></li>
<li><a class="" href="/eng-RV1885/Ps/104">104</a></li>
<li><a class="" href="/eng-RV1885/Ps/105">105</a></li>
<li><a class="" href="/eng-RV1885/Ps/106">106</a></li>
<li><a class="" href="/eng-RV1885/Ps/107">107</a></li>
<li><a class="" href="/eng-RV1885/Ps/108">108</a></li>
<li><a class="" href="/eng-RV1885/Ps/109">109</a></li>
<li><a class="" href="/eng-RV1885/Ps/110">110</a></li>
<li><a class="" href="/eng-RV1885/Ps/111">111</a></li>
<li><a class="" href="/eng-RV1885/Ps/112">112</a></li>
<li><a class="" href="/eng-RV1885/Ps/113">113</a></li>
<li><a class="" href="/eng-RV1885/Ps/114">114</a></li>
<li><a class="" href="/eng-RV1885/Ps/115">115</a></li>
<li><a class="" href="/eng-RV1885/Ps/116">116</a></li>
<li><a class="" href="/eng-RV1885/Ps/117">117</a></li>
<li><a class="" href="/eng-RV1885/Ps/118">118</a></li>
<li><a class="" href="/eng-RV1885/Ps/119">119</a></li>
<li><a class="" href="/eng-RV1885/Ps/120">120</a></li>
<li><a class="" href="/eng-RV1885/Ps/121">121</a></li>
<li><a class="" href="/eng-RV1885/Ps/122">122</a></li>
<li><a class="" href="/eng-RV1885/Ps/123">123</a></li>
<li><a class="" href="/eng-RV1885/Ps/124">124</a></li>
<li><a class="" href="/eng-RV1885/Ps/125">125</a></li>
<li><a class="" href="/eng-RV1885/Ps/126">126</a></li>
<li><a class="" href="/eng-RV1885/Ps/127">127</a></li>
<li><a class="" href="/eng-RV1885/Ps/128">128</a></li>
<li><a class="" href="/eng-RV1885/Ps/129">129</a></li>
<li><a class="" href="/eng-RV1885/Ps/130">130</a></li>
<li><a class="" href="/eng-RV1885/Ps/131">131</a></li>
<li><a class="" href="/eng-RV1885/Ps/132">132</a></li>
<li><a class="" href="/eng-RV1885/Ps/133">133</a></li>
<li><a class="" href="/eng-RV1885/Ps/134">134</a></li>
<li><a class="" href="/eng-RV1885/Ps/135">135</a></li>
<li><a class="" href="/eng-RV1885/Ps/136">136</a></li>
<li><a class="" href="/eng-RV1885/Ps/137">137</a></li>
<li><a class="" href="/eng-RV1885/Ps/138">138</a></li>
<li><a class="" href="/eng-RV1885/Ps/139">139</a></li>
<li><a class="" href="/eng-RV1885/Ps/140">140</a></li>
<li><a class="" href="/eng-RV1885/Ps/141">141</a></li>
<li><a class="" href="/eng-RV1885/Ps/142">142</a></li>
<li><a class="" href="/eng-RV1885/Ps/143">143</a></li>
<li><a class="" href="/eng-RV1885/Ps/144">144</a></li>
<li><a class="" href="/eng-RV1885/Ps/145">145</a></li>
<li><a class="" href="/eng-RV1885/Ps/146">146</a></li>
<li><a class="" href="/eng-RV1885/Ps/147">147</a></li>
<li><a class="" href="/eng-RV1885/Ps/148">148</a></li>
<li><a class="" href="/eng-RV1885/Ps/149">149</a></li>
<li><a class="" href="/eng-RV1885/Ps/150">150</a></li>
</ul></li>
<li id="Prov"><a data-ajax="false" data-no-loading="" href="/eng-RV1885/Prov#Prov">Proverbs <span class="icon-down-open-1"/></a>
<ul class="chapter hide"><li><a class="" href="/eng-RV1885/Prov/1">1</a></li>
<li><a class="" href="/eng-RV1885/Prov/2">2</a></li>
<li><a class="" href="/eng-RV1885/Prov/3">3</a></li>
<li><a class="" href="/eng-RV1885/Prov/4">4</a></li>
<li><a class="" href="/eng-RV1885/Prov/5">5</a></li>
<li><a class="" href="/eng-RV1885/Prov/6">6</a></li>
<li><a class="" href="/eng-RV1885/Prov/7">7</a></li>
<li><a class="" href="/eng-RV1885/Prov/8">8</a></li>
<li><a class="" href="/eng-RV1885/Prov/9">9</a></li>
<li><a class="" href="/eng-RV1885/Prov/10">10</a></li>
<li><a class="" href="/eng-RV1885/Prov/11">11</a></li>
<li><a class="" href="/eng-RV1885/Prov/12">12</a></li>
<li><a class="" href="/eng-RV1885/Prov/13">13</a></li>
<li><a class="" href="/eng-RV1885/Prov/14">14</a></li>
<li><a class="" href="/eng-RV1885/Prov/15">15</a></li>
<li><a class="" href="/eng-RV1885/Prov/16">16</a></li>
<li><a class="" href="/eng-RV1885/Prov/17">17</a></li>
<li><a class="" href="/eng-RV1885/Prov/18">18</a></li>
<li><a class="" href="/eng-RV1885/Prov/19">19</a></li>
<li><a class="" href="/eng-RV1885/Prov/20">20</a></li>
<li><a class="" href="/eng-RV1885/Prov/21">21</a></li>
<li><a class="" href="/eng-RV1885/Prov/22">22</a></li>
<li><a class="" href="/eng-RV1885/Prov/23">23</a></li>
<li><a class="" href="/eng-RV1885/Prov/24">24</a></li>
<li><a class="" href="/eng-RV1885/Prov/25">25</a></li>
<li><a class="" href="/eng-RV1885/Prov/26">26</a></li>
<li><a class="" href="/eng-RV1885/Prov/27">27</a></li>
<li><a class="" href="/eng-RV1885/Prov/28">28</a></li>
<li><a class="" href="/eng-RV1885/Prov/29">29</a></li>
<li><a class="" href="/eng-RV1885/Prov/30">30</a></li>
<li><a class="" href="/eng-RV1885/Prov/31">31</a></li>
</ul></li>
<li id="Eccl"><a data-ajax="false" data-no-loading="" href="/eng-RV1885/Eccl#Eccl">Ecclesiastes <span class="icon-down-open-1"/></a>
<ul class="chapter hide"><li><a class="" href="/eng-RV1885/Eccl/1">1</a></li>
<li><a class="" href="/eng-RV1885/Eccl/2">2</a></li>
<li><a class="" href="/eng-RV1885/Eccl/3">3</a></li>
<li><a class="" href="/eng-RV1885/Eccl/4">4</a></li>
<li><a class="" href="/eng-RV1885/Eccl/5">5</a></li>
<li><a class="" href="/eng-RV1885/Eccl/6">6</a></li>
<li><a class="" href="/eng-RV1885/Eccl/7">7</a></li>
<li><a class="" href="/eng-RV1885/Eccl/8">8</a></li>
<li><a class="" href="/eng-RV1885/Eccl/9">9</a></li>
<li><a class="" href="/eng-RV1885/Eccl/10">10</a></li>
<li><a class="" href="/eng-RV1885/Eccl/11">11</a></li>
<li><a class="" href="/eng-RV1885/Eccl/12">12</a></li>
</ul></li>
<li id="Song"><a data-ajax="false" data-no-loading="" href="/eng-RV1885/Song#Song">Song of Songs <span class="icon-down-open-1"/></a>
<ul class="chapter hide"><li><a class="" href="/eng-RV1885/Song/1">1</a></li>
<li><a class="" href="/eng-RV1885/Song/2">2</a></li>
<li><a class="" href="/eng-RV1885/Song/3">3</a></li>
<li><a class="" href="/eng-RV1885/Song/4">4</a></li>
<li><a class="" href="/eng-RV1885/Song/5">5</a></li>
<li><a class="" href="/eng-RV1885/Song/6">6</a></li>
<li><a class="" href="/eng-RV1885/Song/7">7</a></li>
<li><a class="" href="/eng-RV1885/Song/8">8</a></li>
</ul></li>
<li id="Isa"><a data-ajax="false" data-no-loading="" href="/eng-RV1885/Isa#Isa">Isaiah <span class="icon-down-open-1"/></a>
<ul class="chapter hide"><li><a class="" href="/eng-RV1885/Isa/1">1</a></li>
<li><a class="" href="/eng-RV1885/Isa/2">2</a></li>
<li><a class="" href="/eng-RV1885/Isa/3">3</a></li>
<li><a class="" href="/eng-RV1885/Isa/4">4</a></li>
<li><a class="" href="/eng-RV1885/Isa/5">5</a></li>
<li><a class="" href="/eng-RV1885/Isa/6">6</a></li>
<li><a class="" href="/eng-RV1885/Isa/7">7</a></li>
<li><a class="" href="/eng-RV1885/Isa/8">8</a></li>
<li><a class="" href="/eng-RV1885/Isa/9">9</a></li>
<li><a class="" href="/eng-RV1885/Isa/10">10</a></li>
<li><a class="" href="/eng-RV1885/Isa/11">11</a></li>
<li><a class="" href="/eng-RV1885/Isa/12">12</a></li>
<li><a class="" href="/eng-RV1885/Isa/13">13</a></li>
<li><a class="" href="/eng-RV1885/Isa/14">14</a></li>
<li><a class="" href="/eng-RV1885/Isa/15">15</a></li>
<li><a class="" href="/eng-RV1885/Isa/16">16</a></li>
<li><a class="" href="/eng-RV1885/Isa/17">17</a></li>
<li><a class="" href="/eng-RV1885/Isa/18">18</a></li>
<li><a class="" href="/eng-RV1885/Isa/19">19</a></li>
<li><a class="" href="/eng-RV1885/Isa/20">20</a></li>
<li><a class="" href="/eng-RV1885/Isa/21">21</a></li>
<li><a class="" href="/eng-RV1885/Isa/22">22</a></li>
<li><a class="" href="/eng-RV1885/Isa/23">23</a></li>
<li><a class="" href="/eng-RV1885/Isa/24">24</a></li>
<li><a class="" href="/eng-RV1885/Isa/25">25</a></li>
<li><a class="" href="/eng-RV1885/Isa/26">26</a></li>
<li><a class="" href="/eng-RV1885/Isa/27">27</a></li>
<li><a class="" href="/eng-RV1885/Isa/28">28</a></li>
<li><a class="" href="/eng-RV1885/Isa/29">29</a></li>
<li><a class="" href="/eng-RV1885/Isa/30">30</a></li>
<li><a class="" href="/eng-RV1885/Isa/31">31</a></li>
<li><a class="" href="/eng-RV1885/Isa/32">32</a></li>
<li><a class="" href="/eng-RV1885/Isa/33">33</a></li>
<li><a class="" href="/eng-RV1885/Isa/34">34</a></li>
<li><a class="" href="/eng-RV1885/Isa/35">35</a></li>
<li><a class="" href="/eng-RV1885/Isa/36">36</a></li>
<li><a class="" href="/eng-RV1885/Isa/37">37</a></li>
<li><a class="" href="/eng-RV1885/Isa/38">38</a></li>
<li><a class="" href="/eng-RV1885/Isa/39">39</a></li>
<li><a class="" href="/eng-RV1885/Isa/40">40</a></li>
<li><a class="" href="/eng-RV1885/Isa/41">41</a></li>
<li><a class="" href="/eng-RV1885/Isa/42">42</a></li>
<li><a class="" href="/eng-RV1885/Isa/43">43</a></li>
<li><a class="" href="/eng-RV1885/Isa/44">44</a></li>
<li><a class="" href="/eng-RV1885/Isa/45">45</a></li>
<li><a class="" href="/eng-RV1885/Isa/46">46</a></li>
<li><a class="" href="/eng-RV1885/Isa/47">47</a></li>
<li><a class="" href="/eng-RV1885/Isa/48">48</a></li>
<li><a class="" href="/eng-RV1885/Isa/49">49</a></li>
<li><a class="" href="/eng-RV1885/Isa/50">50</a></li>
<li><a class="" href="/eng-RV1885/Isa/51">51</a></li>
<li><a class="" href="/eng-RV1885/Isa/52">52</a></li>
<li><a class="" href="/eng-RV1885/Isa/53">53</a></li>
<li><a class="" href="/eng-RV1885/Isa/54">54</a></li>
<li><a class="" href="/eng-RV1885/Isa/55">55</a></li>
<li><a class="" href="/eng-RV1885/Isa/56">56</a></li>
<li><a class="" href="/eng-RV1885/Isa/57">57</a></li>
<li><a class="" href="/eng-RV1885/Isa/58">58</a></li>
<li><a class="" href="/eng-RV1885/Isa/59">59</a></li>
<li><a class="" href="/eng-RV1885/Isa/60">60</a></li>
<li><a class="" href="/eng-RV1885/Isa/61">61</a></li>
<li><a class="" href="/eng-RV1885/Isa/62">62</a></li>
<li><a class="" href="/eng-RV1885/Isa/63">63</a></li>
<li><a class="" href="/eng-RV1885/Isa/64">64</a></li>
<li><a class="" href="/eng-RV1885/Isa/65">65</a></li>
<li><a class="" href="/eng-RV1885/Isa/66">66</a></li>
</ul></li>
<li id="Jer"><a data-ajax="false" data-no-loading="" href="/eng-RV1885/Jer#Jer">Jeremiah <span class="icon-down-open-1"/></a>
<ul class="chapter hide"><li><a class="" href="/eng-RV1885/Jer/1">1</a></li>
<li><a class="" href="/eng-RV1885/Jer/2">2</a></li>
<li><a class="" href="/eng-RV1885/Jer/3">3</a></li>
<li><a class="" href="/eng-RV1885/Jer/4">4</a></li>
<li><a class="" href="/eng-RV1885/Jer/5">5</a></li>
<li><a class="" href="/eng-RV1885/Jer/6">6</a></li>
<li><a class="" href="/eng-RV1885/Jer/7">7</a></li>
<li><a class="" href="/eng-RV1885/Jer/8">8</a></li>
<li><a class="" href="/eng-RV1885/Jer/9">9</a></li>
<li><a class="" href="/eng-RV1885/Jer/10">10</a></li>
<li><a class="" href="/eng-RV1885/Jer/11">11</a></li>
<li><a class="" href="/eng-RV1885/Jer/12">12</a></li>
<li><a class="" href="/eng-RV1885/Jer/13">13</a></li>
<li><a class="" href="/eng-RV1885/Jer/14">14</a></li>
<li><a class="" href="/eng-RV1885/Jer/15">15</a></li>
<li><a class="" href="/eng-RV1885/Jer/16">16</a></li>
<li><a class="" href="/eng-RV1885/Jer/17">17</a></li>
<li><a class="" href="/eng-RV1885/Jer/18">18</a></li>
<li><a class="" href="/eng-RV1885/Jer/19">19</a></li>
<li><a class="" href="/eng-RV1885/Jer/20">20</a></li>
<li><a class="" href="/eng-RV1885/Jer/21">21</a></li>
<li><a class="" href="/eng-RV1885/Jer/22">22</a></li>
<li><a class="" href="/eng-RV1885/Jer/23">23</a></li>
<li><a class="" href="/eng-RV1885/Jer/24">24</a></li>
<li><a class="" href="/eng-RV1885/Jer/25">25</a></li>
<li><a class="" href="/eng-RV1885/Jer/26">26</a></li>
<li><a class="" href="/eng-RV1885/Jer/27">27</a></li>
<li><a class="" href="/eng-RV1885/Jer/28">28</a></li>
<li><a class="" href="/eng-RV1885/Jer/29">29</a></li>
<li><a class="" href="/eng-RV1885/Jer/30">30</a></li>
<li><a class="" href="/eng-RV1885/Jer/31">31</a></li>
<li><a class="" href="/eng-RV1885/Jer/32">32</a></li>
<li><a class="" href="/eng-RV1885/Jer/33">33</a></li>
<li><a class="" href="/eng-RV1885/Jer/34">34</a></li>
<li><a class="" href="/eng-RV1885/Jer/35">35</a></li>
<li><a class="" href="/eng-RV1885/Jer/36">36</a></li>
<li><a class="" href="/eng-RV1885/Jer/37">37</a></li>
<li><a class="" href="/eng-RV1885/Jer/38">38</a></li>
<li><a class="" href="/eng-RV1885/Jer/39">39</a></li>
<li><a class="" href="/eng-RV1885/Jer/40">40</a></li>
<li><a class="" href="/eng-RV1885/Jer/41">41</a></li>
<li><a class="" href="/eng-RV1885/Jer/42">42</a></li>
<li><a class="" href="/eng-RV1885/Jer/43">43</a></li>
<li><a class="" href="/eng-RV1885/Jer/44">44</a></li>
<li><a class="" href="/eng-RV1885/Jer/45">45</a></li>
<li><a class="" href="/eng-RV1885/Jer/46">46</a></li>
<li><a class="" href="/eng-RV1885/Jer/47">47</a></li>
<li><a class="" href="/eng-RV1885/Jer/48">48</a></li>
<li><a class="" href="/eng-RV1885/Jer/49">49</a></li>
<li><a class="" href="/eng-RV1885/Jer/50">50</a></li>
<li><a class="" href="/eng-RV1885/Jer/51">51</a></li>
<li><a class="" href="/eng-RV1885/Jer/52">52</a></li>
</ul></li>
<li id="Lam"><a data-ajax="false" data-no-loading="" href="/eng-RV1885/Lam#Lam">Lamentations <span class="icon-down-open-1"/></a>
<ul class="chapter hide"><li><a class="" href="/eng-RV1885/Lam/1">1</a></li>
<li><a class="" href="/eng-RV1885/Lam/2">2</a></li>
<li><a class="" href="/eng-RV1885/Lam/3">3</a></li>
<li><a class="" href="/eng-RV1885/Lam/4">4</a></li>
<li><a class="" href="/eng-RV1885/Lam/5">5</a></li>
</ul></li>
<li id="Ezek"><a data-ajax="false" data-no-loading="" href="/eng-RV1885/Ezek#Ezek">Ezekiel <span class="icon-down-open-1"/></a>
<ul class="chapter hide"><li><a class="" href="/eng-RV1885/Ezek/1">1</a></li>
<li><a class="" href="/eng-RV1885/Ezek/2">2</a></li>
<li><a class="" href="/eng-RV1885/Ezek/3">3</a></li>
<li><a class="" href="/eng-RV1885/Ezek/4">4</a></li>
<li><a class="" href="/eng-RV1885/Ezek/5">5</a></li>
<li><a class="" href="/eng-RV1885/Ezek/6">6</a></li>
<li><a class="" href="/eng-RV1885/Ezek/7">7</a></li>
<li><a class="" href="/eng-RV1885/Ezek/8">8</a></li>
<li><a class="" href="/eng-RV1885/Ezek/9">9</a></li>
<li><a class="" href="/eng-RV1885/Ezek/10">10</a></li>
<li><a class="" href="/eng-RV1885/Ezek/11">11</a></li>
<li><a class="" href="/eng-RV1885/Ezek/12">12</a></li>
<li><a class="" href="/eng-RV1885/Ezek/13">13</a></li>
<li><a class="" href="/eng-RV1885/Ezek/14">14</a></li>
<li><a class="" href="/eng-RV1885/Ezek/15">15</a></li>
<li><a class="" href="/eng-RV1885/Ezek/16">16</a></li>
<li><a class="" href="/eng-RV1885/Ezek/17">17</a></li>
<li><a class="" href="/eng-RV1885/Ezek/18">18</a></li>
<li><a class="" href="/eng-RV1885/Ezek/19">19</a></li>
<li><a class="" href="/eng-RV1885/Ezek/20">20</a></li>
<li><a class="" href="/eng-RV1885/Ezek/21">21</a></li>
<li><a class="" href="/eng-RV1885/Ezek/22">22</a></li>
<li><a class="" href="/eng-RV1885/Ezek/23">23</a></li>
<li><a class="" href="/eng-RV1885/Ezek/24">24</a></li>
<li><a class="" href="/eng-RV1885/Ezek/25">25</a></li>
<li><a class="" href="/eng-RV1885/Ezek/26">26</a></li>
<li><a class="" href="/eng-RV1885/Ezek/27">27</a></li>
<li><a class="" href="/eng-RV1885/Ezek/28">28</a></li>
<li><a class="" href="/eng-RV1885/Ezek/29">29</a></li>
<li><a class="" href="/eng-RV1885/Ezek/30">30</a></li>
<li><a class="" href="/eng-RV1885/Ezek/31">31</a></li>
<li><a class="" href="/eng-RV1885/Ezek/32">32</a></li>
<li><a class="" href="/eng-RV1885/Ezek/33">33</a></li>
<li><a class="" href="/eng-RV1885/Ezek/34">34</a></li>
<li><a class="" href="/eng-RV1885/Ezek/35">35</a></li>
<li><a class="" href="/eng-RV1885/Ezek/36">36</a></li>
<li><a class="" href="/eng-RV1885/Ezek/37">37</a></li>
<li><a class="" href="/eng-RV1885/Ezek/38">38</a></li>
<li><a class="" href="/eng-RV1885/Ezek/39">39</a></li>
<li><a class="" href="/eng-RV1885/Ezek/40">40</a></li>
<li><a class="" href="/eng-RV1885/Ezek/41">41</a></li>
<li><a class="" href="/eng-RV1885/Ezek/42">42</a></li>
<li><a class="" href="/eng-RV1885/Ezek/43">43</a></li>
<li><a class="" href="/eng-RV1885/Ezek/44">44</a></li>
<li><a class="" href="/eng-RV1885/Ezek/45">45</a></li>
<li><a class="" href="/eng-RV1885/Ezek/46">46</a></li>
<li><a class="" href="/eng-RV1885/Ezek/47">47</a></li>
<li><a class="" href="/eng-RV1885/Ezek/48">48</a></li>
</ul></li>
<li id="Dan"><a data-ajax="false" data-no-loading="" href="/eng-RV1885/Dan#Dan">Daniel <span class="icon-down-open-1"/></a>
<ul class="chapter hide"><li><a class="" href="/eng-RV1885/Dan/1">1</a></li>
<li><a class="" href="/eng-RV1885/Dan/2">2</a></li>
<li><a class="" href="/eng-RV1885/Dan/3">3</a></li>
<li><a class="" href="/eng-RV1885/Dan/4">4</a></li>
<li><a class="" href="/eng-RV1885/Dan/5">5</a></li>
<li><a class="" href="/eng-RV1885/Dan/6">6</a></li>
<li><a class="" href="/eng-RV1885/Dan/7">7</a></li>
<li><a class="" href="/eng-RV1885/Dan/8">8</a></li>
<li><a class="" href="/eng-RV1885/Dan/9">9</a></li>
<li><a class="" href="/eng-RV1885/Dan/10">10</a></li>
<li><a class="" href="/eng-RV1885/Dan/11">11</a></li>
<li><a class="" href="/eng-RV1885/Dan/12">12</a></li>
</ul></li>
<li id="Hos"><a data-ajax="false" data-no-loading="" href="/eng-RV1885/Hos#Hos">Hosea <span class="icon-down-open-1"/></a>
<ul class="chapter hide"><li><a class="" href="/eng-RV1885/Hos/1">1</a></li>
<li><a class="" href="/eng-RV1885/Hos/2">2</a></li>
<li><a class="" href="/eng-RV1885/Hos/3">3</a></li>
<li><a class="" href="/eng-RV1885/Hos/4">4</a></li>
<li><a class="" href="/eng-RV1885/Hos/5">5</a></li>
<li><a class="" href="/eng-RV1885/Hos/6">6</a></li>
<li><a class="" href="/eng-RV1885/Hos/7">7</a></li>
<li><a class="" href="/eng-RV1885/Hos/8">8</a></li>
<li><a class="" href="/eng-RV1885/Hos/9">9</a></li>
<li><a class="" href="/eng-RV1885/Hos/10">10</a></li>
<li><a class="" href="/eng-RV1885/Hos/11">11</a></li>
<li><a class="" href="/eng-RV1885/Hos/12">12</a></li>
<li><a class="" href="/eng-RV1885/Hos/13">13</a></li>
<li><a class="" href="/eng-RV1885/Hos/14">14</a></li>
</ul></li>
<li id="Joel"><a data-ajax="false" data-no-loading="" href="/eng-RV1885/Joel#Joel">Joel <span class="icon-down-open-1"/></a>
<ul class="chapter hide"><li><a class="" href="/eng-RV1885/Joel/1">1</a></li>
<li><a class="" href="/eng-RV1885/Joel/2">2</a></li>
<li><a class="" href="/eng-RV1885/Joel/3">3</a></li>
</ul></li>
<li id="Amos"><a data-ajax="false" data-no-loading="" href="/eng-RV1885/Amos#Amos">Amos <span class="icon-down-open-1"/></a>
<ul class="chapter hide"><li><a class="" href="/eng-RV1885/Amos/1">1</a></li>
<li><a class="" href="/eng-RV1885/Amos/2">2</a></li>
<li><a class="" href="/eng-RV1885/Amos/3">3</a></li>
<li><a class="" href="/eng-RV1885/Amos/4">4</a></li>
<li><a class="" href="/eng-RV1885/Amos/5">5</a></li>
<li><a class="" href="/eng-RV1885/Amos/6">6</a></li>
<li><a class="" href="/eng-RV1885/Amos/7">7</a></li>
<li><a class="" href="/eng-RV1885/Amos/8">8</a></li>
<li><a class="" href="/eng-RV1885/Amos/9">9</a></li>
</ul></li>
<li id="Obad"><a data-ajax="false" data-no-loading="" href="/eng-RV1885/Obad#Obad">Obadiah <span class="icon-down-open-1"/></a>
<ul class="chapter hide"><li><a class="" href="/eng-RV1885/Obad/1">1</a></li>
</ul></li>
<li id="Jonah"><a data-ajax="false" data-no-loading="" href="/eng-RV1885/Jonah#Jonah">Jonah <span class="icon-down-open-1"/></a>
<ul class="chapter hide"><li><a class="" href="/eng-RV1885/Jonah/1">1</a></li>
<li><a class="" href="/eng-RV1885/Jonah/2">2</a></li>
<li><a class="" href="/eng-RV1885/Jonah/3">3</a></li>
<li><a class="" href="/eng-RV1885/Jonah/4">4</a></li>
</ul></li>
<li id="Mic"><a data-ajax="false" data-no-loading="" href="/eng-RV1885/Mic#Mic">Micah <span class="icon-down-open-1"/></a>
<ul class="chapter hide"><li><a class="" href="/eng-RV1885/Mic/1">1</a></li>
<li><a class="" href="/eng-RV1885/Mic/2">2</a></li>
<li><a class="" href="/eng-RV1885/Mic/3">3</a></li>
<li><a class="" href="/eng-RV1885/Mic/4">4</a></li>
<li><a class="" href="/eng-RV1885/Mic/5">5</a></li>
<li><a class="" href="/eng-RV1885/Mic/6">6</a></li>
<li><a class="" href="/eng-RV1885/Mic/7">7</a></li>
</ul></li>
<li id="Nah"><a data-ajax="false" data-no-loading="" href="/eng-RV1885/Nah#Nah">Nahum <span class="icon-down-open-1"/></a>
<ul class="chapter hide"><li><a class="" href="/eng-RV1885/Nah/1">1</a></li>
<li><a class="" href="/eng-RV1885/Nah/2">2</a></li>
<li><a class="" href="/eng-RV1885/Nah/3">3</a></li>
</ul></li>
<li id="Hab"><a data-ajax="false" data-no-loading="" href="/eng-RV1885/Hab#Hab">Habakkuk <span class="icon-down-open-1"/></a>
<ul class="chapter hide"><li><a class="" href="/eng-RV1885/Hab/1">1</a></li>
<li><a class="" href="/eng-RV1885/Hab/2">2</a></li>
<li><a class="" href="/eng-RV1885/Hab/3">3</a></li>
</ul></li>
<li id="Zeph"><a data-ajax="false" data-no-loading="" href="/eng-RV1885/Zeph#Zeph">Zephaniah <span class="icon-down-open-1"/></a>
<ul class="chapter hide"><li><a class="" href="/eng-RV1885/Zeph/1">1</a></li>
<li><a class="" href="/eng-RV1885/Zeph/2">2</a></li>
<li><a class="" href="/eng-RV1885/Zeph/3">3</a></li>
</ul></li>
<li id="Hag"><a data-ajax="false" data-no-loading="" href="/eng-RV1885/Hag#Hag">Haggai <span class="icon-down-open-1"/></a>
<ul class="chapter hide"><li><a class="" href="/eng-RV1885/Hag/1">1</a></li>
<li><a class="" href="/eng-RV1885/Hag/2">2</a></li>
</ul></li>
<li id="Zech"><a data-ajax="false" data-no-loading="" href="/eng-RV1885/Zech#Zech">Zechariah <span class="icon-down-open-1"/></a>
<ul class="chapter hide"><li><a class="" href="/eng-RV1885/Zech/1">1</a></li>
<li><a class="" href="/eng-RV1885/Zech/2">2</a></li>
<li><a class="" href="/eng-RV1885/Zech/3">3</a></li>
<li><a class="" href="/eng-RV1885/Zech/4">4</a></li>
<li><a class="" href="/eng-RV1885/Zech/5">5</a></li>
<li><a class="" href="/eng-RV1885/Zech/6">6</a></li>
<li><a class="" href="/eng-RV1885/Zech/7">7</a></li>
<li><a class="" href="/eng-RV1885/Zech/8">8</a></li>
<li><a class="" href="/eng-RV1885/Zech/9">9</a></li>
<li><a class="" href="/eng-RV1885/Zech/10">10</a></li>
<li><a class="" href="/eng-RV1885/Zech/11">11</a></li>
<li><a class="" href="/eng-RV1885/Zech/12">12</a></li>
<li><a class="" href="/eng-RV1885/Zech/13">13</a></li>
<li><a class="" href="/eng-RV1885/Zech/14">14</a></li>
</ul></li>
<li id="Mal"><a data-ajax="false" data-no-loading="" href="/eng-RV1885/Mal#Mal">Malachi <span class="icon-down-open-1"/></a>
<ul class="chapter hide"><li><a class="" href="/eng-RV1885/Mal/1">1</a></li>
<li><a class="" href="/eng-RV1885/Mal/2">2</a></li>
<li><a class="" href="/eng-RV1885/Mal/3">3</a></li>
<li><a class="" href="/eng-RV1885/Mal/4">4</a></li>
</ul></li>
<li id="Matt"><a data-ajax="false" data-no-loading="" href="/eng-RV1885/Matt#Matt">Matthew <span class="icon-down-open-1"/></a>
<ul class="chapter hide"><li><a class="" href="/eng-RV1885/Matt/1">1</a></li>
<li><a class="" href="/eng-RV1885/Matt/2">2</a></li>
<li><a class="" href="/eng-RV1885/Matt/3">3</a></li>
<li><a class="" href="/eng-RV1885/Matt/4">4</a></li>
<li><a class="" href="/eng-RV1885/Matt/5">5</a></li>
<li><a class="" href="/eng-RV1885/Matt/6">6</a></li>
<li><a class="" href="/eng-RV1885/Matt/7">7</a></li>
<li><a class="" href="/eng-RV1885/Matt/8">8</a></li>
<li><a class="" href="/eng-RV1885/Matt/9">9</a></li>
<li><a class="" href="/eng-RV1885/Matt/10">10</a></li>
<li><a class="" href="/eng-RV1885/Matt/11">11</a></li>
<li><a class="" href="/eng-RV1885/Matt/12">12</a></li>
<li><a class="" href="/eng-RV1885/Matt/13">13</a></li>
<li><a class="" href="/eng-RV1885/Matt/14">14</a></li>
<li><a class="" href="/eng-RV1885/Matt/15">15</a></li>
<li><a class="" href="/eng-RV1885/Matt/16">16</a></li>
<li><a class="" href="/eng-RV1885/Matt/17">17</a></li>
<li><a class="" href="/eng-RV1885/Matt/18">18</a></li>
<li><a class="" href="/eng-RV1885/Matt/19">19</a></li>
<li><a class="" href="/eng-RV1885/Matt/20">20</a></li>
<li><a class="" href="/eng-RV1885/Matt/21">21</a></li>
<li><a class="" href="/eng-RV1885/Matt/22">22</a></li>
<li><a class="" href="/eng-RV1885/Matt/23">23</a></li>
<li><a class="" href="/eng-RV1885/Matt/24">24</a></li>
<li><a class="" href="/eng-RV1885/Matt/25">25</a></li>
<li><a class="" href="/eng-RV1885/Matt/26">26</a></li>
<li><a class="" href="/eng-RV1885/Matt/27">27</a></li>
<li><a class="" href="/eng-RV1885/Matt/28">28</a></li>
</ul></li>
<li id="Mark"><a data-ajax="false" data-no-loading="" href="/eng-RV1885/Mark#Mark">Mark <span class="icon-down-open-1"/></a>
<ul class="chapter hide"><li><a class="" href="/eng-RV1885/Mark/1">1</a></li>
<li><a class="" href="/eng-RV1885/Mark/2">2</a></li>
<li><a class="" href="/eng-RV1885/Mark/3">3</a></li>
<li><a class="" href="/eng-RV1885/Mark/4">4</a></li>
<li><a class="" href="/eng-RV1885/Mark/5">5</a></li>
<li><a class="" href="/eng-RV1885/Mark/6">6</a></li>
<li><a class="" href="/eng-RV1885/Mark/7">7</a></li>
<li><a class="" href="/eng-RV1885/Mark/8">8</a></li>
<li><a class="" href="/eng-RV1885/Mark/9">9</a></li>
<li><a class="" href="/eng-RV1885/Mark/10">10</a></li>
<li><a class="" href="/eng-RV1885/Mark/11">11</a></li>
<li><a class="" href="/eng-RV1885/Mark/12">12</a></li>
<li><a class="" href="/eng-RV1885/Mark/13">13</a></li>
<li><a class="" href="/eng-RV1885/Mark/14">14</a></li>
<li><a class="" href="/eng-RV1885/Mark/15">15</a></li>
<li><a class="" href="/eng-RV1885/Mark/16">16</a></li>
</ul></li>
<li id="Luke"><a data-ajax="false" data-no-loading="" href="/eng-RV1885/Luke#Luke">Luke <span class="icon-down-open-1"/></a>
<ul class="chapter hide"><li><a class="" href="/eng-RV1885/Luke/1">1</a></li>
<li><a class="" href="/eng-RV1885/Luke/2">2</a></li>
<li><a class="" href="/eng-RV1885/Luke/3">3</a></li>
<li><a class="" href="/eng-RV1885/Luke/4">4</a></li>
<li><a class="" href="/eng-RV1885/Luke/5">5</a></li>
<li><a class="" href="/eng-RV1885/Luke/6">6</a></li>
<li><a class="" href="/eng-RV1885/Luke/7">7</a></li>
<li><a class="" href="/eng-RV1885/Luke/8">8</a></li>
<li><a class="" href="/eng-RV1885/Luke/9">9</a></li>
<li><a class="" href="/eng-RV1885/Luke/10">10</a></li>
<li><a class="" href="/eng-RV1885/Luke/11">11</a></li>
<li><a class="" href="/eng-RV1885/Luke/12">12</a></li>
<li><a class="" href="/eng-RV1885/Luke/13">13</a></li>
<li><a class="" href="/eng-RV1885/Luke/14">14</a></li>
<li><a class="" href="/eng-RV1885/Luke/15">15</a></li>
<li><a class="" href="/eng-RV1885/Luke/16">16</a></li>
<li><a class="" href="/eng-RV1885/Luke/17">17</a></li>
<li><a class="" href="/eng-RV1885/Luke/18">18</a></li>
<li><a class="" href="/eng-RV1885/Luke/19">19</a></li>
<li><a class="" href="/eng-RV1885/Luke/20">20</a></li>
<li><a class="" href="/eng-RV1885/Luke/21">21</a></li>
<li><a class="" href="/eng-RV1885/Luke/22">22</a></li>
<li><a class="" href="/eng-RV1885/Luke/23">23</a></li>
<li><a class="" href="/eng-RV1885/Luke/24">24</a></li>
</ul></li>
<li id="John"><a data-ajax="false" data-no-loading="" href="/eng-RV1885/John#John">John <span class="icon-down-open-1"/></a>
<ul class="chapter hide"><li><a class="" href="/eng-RV1885/John/1">1</a></li>
<li><a class="" href="/eng-RV1885/John/2">2</a></li>
<li><a class="" href="/eng-RV1885/John/3">3</a></li>
<li><a class="" href="/eng-RV1885/John/4">4</a></li>
<li><a class="" href="/eng-RV1885/John/5">5</a></li>
<li><a class="" href="/eng-RV1885/John/6">6</a></li>
<li><a class="" href="/eng-RV1885/John/7">7</a></li>
<li><a class="" href="/eng-RV1885/John/8">8</a></li>
<li><a class="" href="/eng-RV1885/John/9">9</a></li>
<li><a class="" href="/eng-RV1885/John/10">10</a></li>
<li><a class="" href="/eng-RV1885/John/11">11</a></li>
<li><a class="" href="/eng-RV1885/John/12">12</a></li>
<li><a class="" href="/eng-RV1885/John/13">13</a></li>
<li><a class="" href="/eng-RV1885/John/14">14</a></li>
<li><a class="" href="/eng-RV1885/John/15">15</a></li>
<li><a class="" href="/eng-RV1885/John/16">16</a></li>
<li><a class="" href="/eng-RV1885/John/17">17</a></li>
<li><a class="" href="/eng-RV1885/John/18">18</a></li>
<li><a class="" href="/eng-RV1885/John/19">19</a></li>
<li><a class="" href="/eng-RV1885/John/20">20</a></li>
<li><a class="" href="/eng-RV1885/John/21">21</a></li>
</ul></li>
<li id="Acts"><a data-ajax="false" data-no-loading="" href="/eng-RV1885/Acts#Acts">The Acts <span class="icon-down-open-1"/></a>
<ul class="chapter hide"><li><a class="" href="/eng-RV1885/Acts/1">1</a></li>
<li><a class="" href="/eng-RV1885/Acts/2">2</a></li>
<li><a class="" href="/eng-RV1885/Acts/3">3</a></li>
<li><a class="" href="/eng-RV1885/Acts/4">4</a></li>
<li><a class="" href="/eng-RV1885/Acts/5">5</a></li>
<li><a class="" href="/eng-RV1885/Acts/6">6</a></li>
<li><a class="" href="/eng-RV1885/Acts/7">7</a></li>
<li><a class="" href="/eng-RV1885/Acts/8">8</a></li>
<li><a class="" href="/eng-RV1885/Acts/9">9</a></li>
<li><a class="" href="/eng-RV1885/Acts/10">10</a></li>
<li><a class="" href="/eng-RV1885/Acts/11">11</a></li>
<li><a class="" href="/eng-RV1885/Acts/12">12</a></li>
<li><a class="" href="/eng-RV1885/Acts/13">13</a></li>
<li><a class="" href="/eng-RV1885/Acts/14">14</a></li>
<li><a class="" href="/eng-RV1885/Acts/15">15</a></li>
<li><a class="" href="/eng-RV1885/Acts/16">16</a></li>
<li><a class="" href="/eng-RV1885/Acts/17">17</a></li>
<li><a class="" href="/eng-RV1885/Acts/18">18</a></li>
<li><a class="" href="/eng-RV1885/Acts/19">19</a></li>
<li><a class="" href="/eng-RV1885/Acts/20">20</a></li>
<li><a class="" href="/eng-RV1885/Acts/21">21</a></li>
<li><a class="" href="/eng-RV1885/Acts/22">22</a></li>
<li><a class="" href="/eng-RV1885/Acts/23">23</a></li>
<li><a class="" href="/eng-RV1885/Acts/24">24</a></li>
<li><a class="" href="/eng-RV1885/Acts/25">25</a></li>
<li><a class="" href="/eng-RV1885/Acts/26">26</a></li>
<li><a class="" href="/eng-RV1885/Acts/27">27</a></li>
<li><a class="" href="/eng-RV1885/Acts/28">28</a></li>
</ul></li>
<li id="Rom"><a data-ajax="false" data-no-loading="" href="/eng-RV1885/Rom#Rom">Romans <span class="icon-down-open-1"/></a>
<ul class="chapter hide"><li><a class="" href="/eng-RV1885/Rom/1">1</a></li>
<li><a class="" href="/eng-RV1885/Rom/2">2</a></li>
<li><a class="" href="/eng-RV1885/Rom/3">3</a></li>
<li><a class="" href="/eng-RV1885/Rom/4">4</a></li>
<li><a class="" href="/eng-RV1885/Rom/5">5</a></li>
<li><a class="" href="/eng-RV1885/Rom/6">6</a></li>
<li><a class="" href="/eng-RV1885/Rom/7">7</a></li>
<li><a class="" href="/eng-RV1885/Rom/8">8</a></li>
<li><a class="" href="/eng-RV1885/Rom/9">9</a></li>
<li><a class="" href="/eng-RV1885/Rom/10">10</a></li>
<li><a class="" href="/eng-RV1885/Rom/11">11</a></li>
<li><a class="" href="/eng-RV1885/Rom/12">12</a></li>
<li><a class="" href="/eng-RV1885/Rom/13">13</a></li>
<li><a class="" href="/eng-RV1885/Rom/14">14</a></li>
<li><a class="" href="/eng-RV1885/Rom/15">15</a></li>
<li><a class="" href="/eng-RV1885/Rom/16">16</a></li>
</ul></li>
<li id="1Cor"><a data-ajax="false" data-no-loading="" href="/eng-RV1885/1Cor#1Cor">1 Corinthians <span class="icon-down-open-1"/></a>
<ul class="chapter hide"><li><a class="" href="/eng-RV1885/1Cor/1">1</a></li>
<li><a class="" href="/eng-RV1885/1Cor/2">2</a></li>
<li><a class="" href="/eng-RV1885/1Cor/3">3</a></li>
<li><a class="" href="/eng-RV1885/1Cor/4">4</a></li>
<li><a class="" href="/eng-RV1885/1Cor/5">5</a></li>
<li><a class="" href="/eng-RV1885/1Cor/6">6</a></li>
<li><a class="" href="/eng-RV1885/1Cor/7">7</a></li>
<li><a class="" href="/eng-RV1885/1Cor/8">8</a></li>
<li><a class="" href="/eng-RV1885/1Cor/9">9</a></li>
<li><a class="" href="/eng-RV1885/1Cor/10">10</a></li>
<li><a class="" href="/eng-RV1885/1Cor/11">11</a></li>
<li><a class="" href="/eng-RV1885/1Cor/12">12</a></li>
<li><a class="" href="/eng-RV1885/1Cor/13">13</a></li>
<li><a class="" href="/eng-RV1885/1Cor/14">14</a></li>
<li><a class="" href="/eng-RV1885/1Cor/15">15</a></li>
<li><a class="" href="/eng-RV1885/1Cor/16">16</a></li>
</ul></li>
<li id="2Cor"><a data-ajax="false" data-no-loading="" href="/eng-RV1885/2Cor#2Cor">2 Corinthians <span class="icon-down-open-1"/></a>
<ul class="chapter hide"><li><a class="" href="/eng-RV1885/2Cor/1">1</a></li>
<li><a class="" href="/eng-RV1885/2Cor/2">2</a></li>
<li><a class="" href="/eng-RV1885/2Cor/3">3</a></li>
<li><a class="" href="/eng-RV1885/2Cor/4">4</a></li>
<li><a class="" href="/eng-RV1885/2Cor/5">5</a></li>
<li><a class="" href="/eng-RV1885/2Cor/6">6</a></li>
<li><a class="" href="/eng-RV1885/2Cor/7">7</a></li>
<li><a class="" href="/eng-RV1885/2Cor/8">8</a></li>
<li><a class="" href="/eng-RV1885/2Cor/9">9</a></li>
<li><a class="" href="/eng-RV1885/2Cor/10">10</a></li>
<li><a class="" href="/eng-RV1885/2Cor/11">11</a></li>
<li><a class="" href="/eng-RV1885/2Cor/12">12</a></li>
<li><a class="" href="/eng-RV1885/2Cor/13">13</a></li>
</ul></li>
<li id="Gal"><a data-ajax="false" data-no-loading="" href="/eng-RV1885/Gal#Gal">Galatians <span class="icon-down-open-1"/></a>
<ul class="chapter hide"><li><a class="" href="/eng-RV1885/Gal/1">1</a></li>
<li><a class="" href="/eng-RV1885/Gal/2">2</a></li>
<li><a class="" href="/eng-RV1885/Gal/3">3</a></li>
<li><a class="" href="/eng-RV1885/Gal/4">4</a></li>
<li><a class="" href="/eng-RV1885/Gal/5">5</a></li>
<li><a class="" href="/eng-RV1885/Gal/6">6</a></li>
</ul></li>
<li id="Eph"><a data-ajax="false" data-no-loading="" href="/eng-RV1885/Eph#Eph">Ephesians <span class="icon-down-open-1"/></a>
<ul class="chapter hide"><li><a class="" href="/eng-RV1885/Eph/1">1</a></li>
<li><a class="" href="/eng-RV1885/Eph/2">2</a></li>
<li><a class="" href="/eng-RV1885/Eph/3">3</a></li>
<li><a class="" href="/eng-RV1885/Eph/4">4</a></li>
<li><a class="" href="/eng-RV1885/Eph/5">5</a></li>
<li><a class="" href="/eng-RV1885/Eph/6">6</a></li>
</ul></li>
<li id="Phil"><a data-ajax="false" data-no-loading="" href="/eng-RV1885/Phil#Phil">Philippians <span class="icon-down-open-1"/></a>
<ul class="chapter hide"><li><a class="" href="/eng-RV1885/Phil/1">1</a></li>
<li><a class="" href="/eng-RV1885/Phil/2">2</a></li>
<li><a class="" href="/eng-RV1885/Phil/3">3</a></li>
<li><a class="" href="/eng-RV1885/Phil/4">4</a></li>
</ul></li>
<li id="Col"><a data-ajax="false" data-no-loading="" href="/eng-RV1885/Col#Col">Colossians <span class="icon-down-open-1"/></a>
<ul class="chapter hide"><li><a class="" href="/eng-RV1885/Col/1">1</a></li>
<li><a class="" href="/eng-RV1885/Col/2">2</a></li>
<li><a class="" href="/eng-RV1885/Col/3">3</a></li>
<li><a class="" href="/eng-RV1885/Col/4">4</a></li>
</ul></li>
<li id="1Thess"><a data-ajax="false" data-no-loading="" href="/eng-RV1885/1Thess#1Thess">1 Thessalonians <span class="icon-down-open-1"/></a>
<ul class="chapter hide"><li><a class="" href="/eng-RV1885/1Thess/1">1</a></li>
<li><a class="" href="/eng-RV1885/1Thess/2">2</a></li>
<li><a class="" href="/eng-RV1885/1Thess/3">3</a></li>
<li><a class="" href="/eng-RV1885/1Thess/4">4</a></li>
<li><a class="" href="/eng-RV1885/1Thess/5">5</a></li>
</ul></li>
<li id="2Thess"><a data-ajax="false" data-no-loading="" href="/eng-RV1885/2Thess#2Thess">2 Thessalonians <span class="icon-down-open-1"/></a>
<ul class="chapter hide"><li><a class="" href="/eng-RV1885/2Thess/1">1</a></li>
<li><a class="" href="/eng-RV1885/2Thess/2">2</a></li>
<li><a class="" href="/eng-RV1885/2Thess/3">3</a></li>
</ul></li>
<li id="1Tim"><a data-ajax="false" data-no-loading="" href="/eng-RV1885/1Tim#1Tim">1 Timothy <span class="icon-down-open-1"/></a>
<ul class="chapter hide"><li><a class="" href="/eng-RV1885/1Tim/1">1</a></li>
<li><a class="" href="/eng-RV1885/1Tim/2">2</a></li>
<li><a class="" href="/eng-RV1885/1Tim/3">3</a></li>
<li><a class="" href="/eng-RV1885/1Tim/4">4</a></li>
<li><a class="" href="/eng-RV1885/1Tim/5">5</a></li>
<li><a class="" href="/eng-RV1885/1Tim/6">6</a></li>
</ul></li>
<li id="2Tim"><a data-ajax="false" data-no-loading="" href="/eng-RV1885/2Tim#2Tim">2 Timothy <span class="icon-down-open-1"/></a>
<ul class="chapter hide"><li><a class="" href="/eng-RV1885/2Tim/1">1</a></li>
<li><a class="" href="/eng-RV1885/2Tim/2">2</a></li>
<li><a class="" href="/eng-RV1885/2Tim/3">3</a></li>
<li><a class="" href="/eng-RV1885/2Tim/4">4</a></li>
</ul></li>
<li id="Titus"><a data-ajax="false" data-no-loading="" href="/eng-RV1885/Titus#Titus">Titus <span class="icon-down-open-1"/></a>
<ul class="chapter hide"><li><a class="" href="/eng-RV1885/Titus/1">1</a></li>
<li><a class="" href="/eng-RV1885/Titus/2">2</a></li>
<li><a class="" href="/eng-RV1885/Titus/3">3</a></li>
</ul></li>
<li id="Phlm"><a data-ajax="false" data-no-loading="" href="/eng-RV1885/Phlm#Phlm">Philem <span class="icon-down-open-1"/></a>
<ul class="chapter hide"><li><a class="" href="/eng-RV1885/Phlm/1">1</a></li>
</ul></li>
<li id="Heb"><a data-ajax="false" data-no-loading="" href="/eng-RV1885/Heb#Heb">Hebrews <span class="icon-down-open-1"/></a>
<ul class="chapter hide"><li><a class="" href="/eng-RV1885/Heb/1">1</a></li>
<li><a class="" href="/eng-RV1885/Heb/2">2</a></li>
<li><a class="" href="/eng-RV1885/Heb/3">3</a></li>
<li><a class="" href="/eng-RV1885/Heb/4">4</a></li>
<li><a class="" href="/eng-RV1885/Heb/5">5</a></li>
<li><a class="" href="/eng-RV1885/Heb/6">6</a></li>
<li><a class="" href="/eng-RV1885/Heb/7">7</a></li>
<li><a class="" href="/eng-RV1885/Heb/8">8</a></li>
<li><a class="" href="/eng-RV1885/Heb/9">9</a></li>
<li><a class="" href="/eng-RV1885/Heb/10">10</a></li>
<li><a class="" href="/eng-RV1885/Heb/11">11</a></li>
<li><a class="" href="/eng-RV1885/Heb/12">12</a></li>
<li><a class="" href="/eng-RV1885/Heb/13">13</a></li>
</ul></li>
<li id="Jas"><a data-ajax="false" data-no-loading="" href="/eng-RV1885/Jas#Jas">James <span class="icon-down-open-1"/></a>
<ul class="chapter hide"><li><a class="" href="/eng-RV1885/Jas/1">1</a></li>
<li><a class="" href="/eng-RV1885/Jas/2">2</a></li>
<li><a class="" href="/eng-RV1885/Jas/3">3</a></li>
<li><a class="" href="/eng-RV1885/Jas/4">4</a></li>
<li><a class="" href="/eng-RV1885/Jas/5">5</a></li>
</ul></li>
<li id="1Pet"><a data-ajax="false" data-no-loading="" href="/eng-RV1885/1Pet#1Pet">1 Peter <span class="icon-down-open-1"/></a>
<ul class="chapter hide"><li><a class="" href="/eng-RV1885/1Pet/1">1</a></li>
<li><a class="" href="/eng-RV1885/1Pet/2">2</a></li>
<li><a class="" href="/eng-RV1885/1Pet/3">3</a></li>
<li><a class="" href="/eng-RV1885/1Pet/4">4</a></li>
<li><a class="" href="/eng-RV1885/1Pet/5">5</a></li>
</ul></li>
<li id="2Pet"><a data-ajax="false" data-no-loading="" href="/eng-RV1885/2Pet#2Pet">2 Peter <span class="icon-down-open-1"/></a>
<ul class="chapter hide"><li><a class="" href="/eng-RV1885/2Pet/1">1</a></li>
<li><a class="" href="/eng-RV1885/2Pet/2">2</a></li>
<li><a class="" href="/eng-RV1885/2Pet/3">3</a></li>
</ul></li>
<li id="1John"><a data-ajax="false" data-no-loading="" href="/eng-RV1885/1John#1John">1 John <span class="icon-down-open-1"/></a>
<ul class="chapter hide"><li><a class="" href="/eng-RV1885/1John/1">1</a></li>
<li><a class="" href="/eng-RV1885/1John/2">2</a></li>
<li><a class="" href="/eng-RV1885/1John/3">3</a></li>
<li><a class="" href="/eng-RV1885/1John/4">4</a></li>
<li><a class="" href="/eng-RV1885/1John/5">5</a></li>
</ul></li>
<li id="2John"><a data-ajax="false" data-no-loading="" href="/eng-RV1885/2John#2John">2 John <span class="icon-down-open-1"/></a>
<ul class="chapter hide"><li><a class="" href="/eng-RV1885/2John/1">1</a></li>
</ul></li>
<li id="3John"><a data-ajax="false" data-no-loading="" href="/eng-RV1885/3John#3John">3 John <span class="icon-down-open-1"/></a>
<ul class="chapter hide"><li><a class="" href="/eng-RV1885/3John/1">1</a></li>
</ul></li>
<li id="Jude"><a data-ajax="false" data-no-loading="" href="/eng-RV1885/Jude#Jude">Jude <span class="icon-down-open-1"/></a>
<ul class="chapter hide"><li><a class="" href="/eng-RV1885/Jude/1">1</a></li>
</ul></li>
<li id="Rev"><a data-ajax="false" data-no-loading="" href="/eng-RV1885/Rev#Rev">Revelation <span class="icon-down-open-1"/></a>
<ul class="chapter hide"><li><a class="" href="/eng-RV1885/Rev/1">1</a></li>
<li><a class="" href="/eng-RV1885/Rev/2">2</a></li>
<li><a class="" href="/eng-RV1885/Rev/3">3</a></li>
<li><a class="" href="/eng-RV1885/Rev/4">4</a></li>
<li><a class="" href="/eng-RV1885/Rev/5">5</a></li>
<li><a class="" href="/eng-RV1885/Rev/6">6</a></li>
<li><a class="" href="/eng-RV1885/Rev/7">7</a></li>
<li><a class="" href="/eng-RV1885/Rev/8">8</a></li>
<li><a class="" href="/eng-RV1885/Rev/9">9</a></li>
<li><a class="" href="/eng-RV1885/Rev/10">10</a></li>
<li><a class="" href="/eng-RV1885/Rev/11">11</a></li>
<li><a class="" href="/eng-RV1885/Rev/12">12</a></li>
<li><a class="" href="/eng-RV1885/Rev/13">13</a></li>
<li><a class="" href="/eng-RV1885/Rev/14">14</a></li>
<li><a class="" href="/eng-RV1885/Rev/15">15</a></li>
<li><a class="" href="/eng-RV1885/Rev/16">16</a></li>
<li><a class="" href="/eng-RV1885/Rev/17">17</a></li>
<li><a class="" href="/eng-RV1885/Rev/18">18</a></li>
<li><a class="" href="/eng-RV1885/Rev/19">19</a></li>
<li><a class="" href="/eng-RV1885/Rev/20">20</a></li>
<li><a class="" href="/eng-RV1885/Rev/21">21</a></li>
<li><a class="" href="/eng-RV1885/Rev/22">22</a></li>
</ul></li>
</ul></div>
</div>
<script src="//ajax.googleapis.com/ajax/libs/jquery/1.7.1/jquery.min.js"/><script><![CDATA[window.jQuery||document.write('<script src="/javascripts/libraries/jquery-1.7.1.min.js"><\/script>')]]></script><script src="/javascripts/libraries/underscore-min.js"/><script src="/i18n-include/uistrings-i18n-en.js"/><script src="/javascripts/ABS.common.js"/><script src="//d2ue49q0mum86x.cloudfront.net/include/sa.c.js"/><script src="/javascripts/ABS.verseSelector.js"/><script src="/javascripts/mobile/ABS.m.js"/><script src="/javascripts/mobile/libraries/jquery.mobile.custom.min.js"/><!-- end scripts--><!-- Debugger - remove for production --><!-- <script src="https://getfirebug.com/firebug-lite.js"></script> --><!-- Google Analytics Tracking Code --><script><![CDATA[var _gaq=_gaq||[];_gaq.push(['_setAccount','UA-2342140-34']);_gaq.push(['_setAllowLinker',true]);_gaq.push(['_setAllowHash',false]);_gaq.push(['_trackPageview']);_gaq.push(['_trackPageLoadTime']);_gaq.push(['t2._setAccount','UA-2342140-14']);_gaq.push(['t2._setDomainName','none']);_gaq.push(['t2._setAllowLinker',true]);_gaq.push(['t2._setAllowHash',false]);_gaq.push(['t2._trackPageview']);_gaq.push(['t2._trackPageLoadTime']);_gaq.push(['t3._setAccount','UA-2342140-17']);_gaq.push(['t3._setDomainName','none']);_gaq.push(['t3._setAllowLinker',true]);_gaq.push(['t3._setAllowHash',false]);_gaq.push(['t3._trackPageview']);_gaq.push(['t3._trackPageLoadTime']);(function(){var ga=document.createElement('script');ga.type='text/javascript';ga.async=true;ga.src=('https:'==document.location.protocol?'https://ssl':'http://www')+'.google-analytics.com/ga.js';var s=document.getElementsByTagName('script')[0];s.parentNode.insertBefore(ga,s);})();]]></script></body>
</html>
