<?xml version="1.0" encoding="ascii" standalone="yes"?>
<!DOCTYPE html>
<!-- Conditional comment for mobile ie7 blogs.msdn.com/b/iemobile/ -->
<!--[if IEMobile 7 ]>    <html class="no-js iem7" lang="en"> <![endif]-->
<!--[if (gt IEMobile 7)|!(IEMobile)]><!-->
<html class="no-js" lang="en">
<!--<![endif]-->
  <head>
    <meta charset="utf-8"/>
    <title>Bible Search</title>
    <meta name="description" content=""/>
<!-- Mobile viewport optimization h5bp.com/ad -->
    <meta name="HandheldFriendly" content="True"/>
    <meta name="MobileOptimized" content="320"/>
    <meta name="viewport" content="width=device-width, initial-scale=1"/>
    <meta name="apple-mobile-web-app-capable" content="yes"/>
    <meta name="apple-mobile-web-app-status-bar-style" content="black"/>
<!-- Icon Fonts -->
    <link rel="stylesheet" href="/css/mobile/fontello.css"/>
<!--[if IE 7]>
  <link rel="stylesheet" href="/css/mobile/fontello-ie7.css"><![endif]-->
<!-- Home screen icon  Mathias Bynens mathiasbynens.be/notes/touch-icons -->
<!-- For iPhone 4 with high-resolution Retina display: -->
    <link rel="apple-touch-icon" sizes="114x114" href="/images/magglass_icon_sharethumbnail-square.png"/>
<!-- For first-generation iPad: -->
    <link rel="apple-touch-icon" sizes="72x72" href="/images/magglass_icon_sharethumbnail-square.png"/>
<!-- For non-Retina iPhone, iPod Touch, and Android 2.1+ devices: -->
    <link rel="apple-touch-icon" href="/images/magglass_icon_sharethumbnail-square.png"/>
<!-- For nokia devices: -->
    <link rel="shortcut icon" href="/images/bsearch_fav.png"/>
<!-- iOS web app, delete if not needed. https://github.com/h5bp/mobile-boilerplate/issues/94 -->
<!-- <script>(function(){var a;if(navigator.platform==="iPad"){a=window.orientation!==90||window.orientation===-90?"img/startup-tablet-landscape.png":"img/startup-tablet-portrait.png"}else{a=window.devicePixelRatio===2?"img/startup-retina.png":"img/startup.png"}document.write('<link rel="apple-touch-startup-image" href="'+a+'"/>')})()</script> -->
<!-- The script prevents links from opening in mobile safari. https://gist.github.com/1042026 -->
<!-- <script>(function(a,b,c){if(c in b&&b[c]){var d,e=a.location,f=/^(a|html)$/i;a.addEventListener("click",function(a){d=a.target;while(!f.test(d.nodeName))d=d.parentNode;"href"in d&&(d.href.indexOf("http")||~d.href.indexOf(e.host))&&(a.preventDefault(),e.href=d.href)},!1)}})(document,window.navigator,"standalone")</script> -->
<!-- Mobile IE allows us to activate ClearType technology for smoothing fonts for easy reading -->
    <meta http-equiv="cleartype" content="on"/>
<!-- more tags for your 'head' to consider h5bp.com/d/head-Tips -->
<!-- Main Stylesheet -->
    <link rel="stylesheet" href="/css/mobile/jquery.mobile.custom.structure.min.css"/>
    <link rel="stylesheet" href="/css/mobile/style.css"/>
    <link href="/css/base.css" rel="stylesheet"/>
<!-- All JavaScript at the bottom, except for Modernizr which enables HTML5 elements & feature detects -->
    <script src="/javascripts/libraries/modernizr-2.0.6.min.js"/>
  </head>
  <body>
<div id="fb-root"/>
<script><![CDATA[window.fbAsyncInit=function(){FB.init({appId:'201616226536206',status:true,cookie:true,xfbml:true});if('undefined'!==typeof _ga){_ga.trackFacebook();}};(function(d){var js,id='facebook-jssdk',ref=d.getElementsByTagName('script')[0];if(d.getElementById(id)){return;}
js=d.createElement('script');js.id=id;js.async=true;js.src="//connect.facebook.net/en_US/all.js";ref.parentNode.insertBefore(js,ref);}(document));]]></script><div id="browse" data-role="page" data-url="/ind-BIMK">
<div id="menuMask" style="display:none;"/>
<div id="menu">
<div class="container">
<header class="search"><form class="search-form" action="/search/" data-ajax="false">
<span id="menu-search-icon" class="icon-search-1 search-input-icon"/><input class="menusearch" type="search" placeholder="keyword or reference" name="query"/><input type="hidden" name="vg" value="these"/><input type="hidden" name="version[]" value="eng-GNTD"/><div class="cancel"><a class="btn-dark" href="#">Cancel</a></div>
</form>
</header><div id="main" role="main">
<div id="mainnav">
<ul><li><a href="/"><span class="icon icon-home-1"/>Home</a></li>
<li><a href="/eng-GNTD"><span class="icon icon-book-open"/>Browse</a></li>
<li><a href="/account/passageHistory/"><span class="icon icon-clock"/>Passage History</a></li>
<li><a href="/share/?url=http%3A%2F%2Fbibles.org%2Find-BIMK"><span class="icon icon-share"/>Share</a></li>
</ul></div>
<div id="subnav">
<ul><li><a href="/account/settings">Settings</a></li>
<li><a href="/account/login">Login</a></li>
<li><a data-ajax="false" href="/swap?sendTo=http%3A%2F%2Fbibles.org%2Find-BIMK">Desktop Site</a></li>
<li><a href="/pages/about">About</a></li>
</ul></div>
<div class="abs-copyright-legal">
<p>&#169; 2013 American Bible Society</p>
<p>
<a href="/pages/privacy">Privacy Policy</a>
|
<a href="/pages/terms-and-conditions">Terms and Conditions</a>
</p>
</div>
</div>
</div>
</div>
<div id="container">
<header><div class="menu"><a href="/menu/" class="nav-menu-button"><span class="icon-align-justify"/><strong>Menu</strong></a></div>
<div class="version"><a class="btn-dark" href="/ind-BIMK/compare">BIMK</a></div>
<div class="title">Browse</div>
</header><div class="alphabetical">
<form action="http://m.bibles.org/ind-BIMK">
<label for="alpha-book-order">Alphabetical</label>
<input type="checkbox" id="alpha-book-order" name="alpha" value="1"/></form>
</div>
<ul class="book"><li id="Gen"><a data-ajax="false" data-no-loading="" href="/ind-BIMK/Gen#Gen">Kejadian <span class="icon-down-open-1"/></a>
<ul class="chapter hide"><li><a class="" href="/ind-BIMK/Gen/1">1</a></li>
<li><a class="" href="/ind-BIMK/Gen/2">2</a></li>
<li><a class="" href="/ind-BIMK/Gen/3">3</a></li>
<li><a class="" href="/ind-BIMK/Gen/4">4</a></li>
<li><a class="" href="/ind-BIMK/Gen/5">5</a></li>
<li><a class="" href="/ind-BIMK/Gen/6">6</a></li>
<li><a class="" href="/ind-BIMK/Gen/7">7</a></li>
<li><a class="" href="/ind-BIMK/Gen/8">8</a></li>
<li><a class="" href="/ind-BIMK/Gen/9">9</a></li>
<li><a class="" href="/ind-BIMK/Gen/10">10</a></li>
<li><a class="" href="/ind-BIMK/Gen/11">11</a></li>
<li><a class="" href="/ind-BIMK/Gen/12">12</a></li>
<li><a class="" href="/ind-BIMK/Gen/13">13</a></li>
<li><a class="" href="/ind-BIMK/Gen/14">14</a></li>
<li><a class="" href="/ind-BIMK/Gen/15">15</a></li>
<li><a class="" href="/ind-BIMK/Gen/16">16</a></li>
<li><a class="" href="/ind-BIMK/Gen/17">17</a></li>
<li><a class="" href="/ind-BIMK/Gen/18">18</a></li>
<li><a class="" href="/ind-BIMK/Gen/19">19</a></li>
<li><a class="" href="/ind-BIMK/Gen/20">20</a></li>
<li><a class="" href="/ind-BIMK/Gen/21">21</a></li>
<li><a class="" href="/ind-BIMK/Gen/22">22</a></li>
<li><a class="" href="/ind-BIMK/Gen/23">23</a></li>
<li><a class="" href="/ind-BIMK/Gen/24">24</a></li>
<li><a class="" href="/ind-BIMK/Gen/25">25</a></li>
<li><a class="" href="/ind-BIMK/Gen/26">26</a></li>
<li><a class="" href="/ind-BIMK/Gen/27">27</a></li>
<li><a class="" href="/ind-BIMK/Gen/28">28</a></li>
<li><a class="" href="/ind-BIMK/Gen/29">29</a></li>
<li><a class="" href="/ind-BIMK/Gen/30">30</a></li>
<li><a class="" href="/ind-BIMK/Gen/31">31</a></li>
<li><a class="" href="/ind-BIMK/Gen/32">32</a></li>
<li><a class="" href="/ind-BIMK/Gen/33">33</a></li>
<li><a class="" href="/ind-BIMK/Gen/34">34</a></li>
<li><a class="" href="/ind-BIMK/Gen/35">35</a></li>
<li><a class="" href="/ind-BIMK/Gen/36">36</a></li>
<li><a class="" href="/ind-BIMK/Gen/37">37</a></li>
<li><a class="" href="/ind-BIMK/Gen/38">38</a></li>
<li><a class="" href="/ind-BIMK/Gen/39">39</a></li>
<li><a class="" href="/ind-BIMK/Gen/40">40</a></li>
<li><a class="" href="/ind-BIMK/Gen/41">41</a></li>
<li><a class="" href="/ind-BIMK/Gen/42">42</a></li>
<li><a class="" href="/ind-BIMK/Gen/43">43</a></li>
<li><a class="" href="/ind-BIMK/Gen/44">44</a></li>
<li><a class="" href="/ind-BIMK/Gen/45">45</a></li>
<li><a class="" href="/ind-BIMK/Gen/46">46</a></li>
<li><a class="" href="/ind-BIMK/Gen/47">47</a></li>
<li><a class="" href="/ind-BIMK/Gen/48">48</a></li>
<li><a class="" href="/ind-BIMK/Gen/49">49</a></li>
<li><a class="" href="/ind-BIMK/Gen/50">50</a></li>
</ul></li>
<li id="Exod"><a data-ajax="false" data-no-loading="" href="/ind-BIMK/Exod#Exod">Keluaran <span class="icon-down-open-1"/></a>
<ul class="chapter hide"><li><a class="" href="/ind-BIMK/Exod/1">1</a></li>
<li><a class="" href="/ind-BIMK/Exod/2">2</a></li>
<li><a class="" href="/ind-BIMK/Exod/3">3</a></li>
<li><a class="" href="/ind-BIMK/Exod/4">4</a></li>
<li><a class="" href="/ind-BIMK/Exod/5">5</a></li>
<li><a class="" href="/ind-BIMK/Exod/6">6</a></li>
<li><a class="" href="/ind-BIMK/Exod/7">7</a></li>
<li><a class="" href="/ind-BIMK/Exod/8">8</a></li>
<li><a class="" href="/ind-BIMK/Exod/9">9</a></li>
<li><a class="" href="/ind-BIMK/Exod/10">10</a></li>
<li><a class="" href="/ind-BIMK/Exod/11">11</a></li>
<li><a class="" href="/ind-BIMK/Exod/12">12</a></li>
<li><a class="" href="/ind-BIMK/Exod/13">13</a></li>
<li><a class="" href="/ind-BIMK/Exod/14">14</a></li>
<li><a class="" href="/ind-BIMK/Exod/15">15</a></li>
<li><a class="" href="/ind-BIMK/Exod/16">16</a></li>
<li><a class="" href="/ind-BIMK/Exod/17">17</a></li>
<li><a class="" href="/ind-BIMK/Exod/18">18</a></li>
<li><a class="" href="/ind-BIMK/Exod/19">19</a></li>
<li><a class="" href="/ind-BIMK/Exod/20">20</a></li>
<li><a class="" href="/ind-BIMK/Exod/21">21</a></li>
<li><a class="" href="/ind-BIMK/Exod/22">22</a></li>
<li><a class="" href="/ind-BIMK/Exod/23">23</a></li>
<li><a class="" href="/ind-BIMK/Exod/24">24</a></li>
<li><a class="" href="/ind-BIMK/Exod/25">25</a></li>
<li><a class="" href="/ind-BIMK/Exod/26">26</a></li>
<li><a class="" href="/ind-BIMK/Exod/27">27</a></li>
<li><a class="" href="/ind-BIMK/Exod/28">28</a></li>
<li><a class="" href="/ind-BIMK/Exod/29">29</a></li>
<li><a class="" href="/ind-BIMK/Exod/30">30</a></li>
<li><a class="" href="/ind-BIMK/Exod/31">31</a></li>
<li><a class="" href="/ind-BIMK/Exod/32">32</a></li>
<li><a class="" href="/ind-BIMK/Exod/33">33</a></li>
<li><a class="" href="/ind-BIMK/Exod/34">34</a></li>
<li><a class="" href="/ind-BIMK/Exod/35">35</a></li>
<li><a class="" href="/ind-BIMK/Exod/36">36</a></li>
<li><a class="" href="/ind-BIMK/Exod/37">37</a></li>
<li><a class="" href="/ind-BIMK/Exod/38">38</a></li>
<li><a class="" href="/ind-BIMK/Exod/39">39</a></li>
<li><a class="" href="/ind-BIMK/Exod/40">40</a></li>
</ul></li>
<li id="Lev"><a data-ajax="false" data-no-loading="" href="/ind-BIMK/Lev#Lev">Imamat <span class="icon-down-open-1"/></a>
<ul class="chapter hide"><li><a class="" href="/ind-BIMK/Lev/1">1</a></li>
<li><a class="" href="/ind-BIMK/Lev/2">2</a></li>
<li><a class="" href="/ind-BIMK/Lev/3">3</a></li>
<li><a class="" href="/ind-BIMK/Lev/4">4</a></li>
<li><a class="" href="/ind-BIMK/Lev/5">5</a></li>
<li><a class="" href="/ind-BIMK/Lev/6">6</a></li>
<li><a class="" href="/ind-BIMK/Lev/7">7</a></li>
<li><a class="" href="/ind-BIMK/Lev/8">8</a></li>
<li><a class="" href="/ind-BIMK/Lev/9">9</a></li>
<li><a class="" href="/ind-BIMK/Lev/10">10</a></li>
<li><a class="" href="/ind-BIMK/Lev/11">11</a></li>
<li><a class="" href="/ind-BIMK/Lev/12">12</a></li>
<li><a class="" href="/ind-BIMK/Lev/13">13</a></li>
<li><a class="" href="/ind-BIMK/Lev/14">14</a></li>
<li><a class="" href="/ind-BIMK/Lev/15">15</a></li>
<li><a class="" href="/ind-BIMK/Lev/16">16</a></li>
<li><a class="" href="/ind-BIMK/Lev/17">17</a></li>
<li><a class="" href="/ind-BIMK/Lev/18">18</a></li>
<li><a class="" href="/ind-BIMK/Lev/19">19</a></li>
<li><a class="" href="/ind-BIMK/Lev/20">20</a></li>
<li><a class="" href="/ind-BIMK/Lev/21">21</a></li>
<li><a class="" href="/ind-BIMK/Lev/22">22</a></li>
<li><a class="" href="/ind-BIMK/Lev/23">23</a></li>
<li><a class="" href="/ind-BIMK/Lev/24">24</a></li>
<li><a class="" href="/ind-BIMK/Lev/25">25</a></li>
<li><a class="" href="/ind-BIMK/Lev/26">26</a></li>
<li><a class="" href="/ind-BIMK/Lev/27">27</a></li>
</ul></li>
<li id="Num"><a data-ajax="false" data-no-loading="" href="/ind-BIMK/Num#Num">Bilangan <span class="icon-down-open-1"/></a>
<ul class="chapter hide"><li><a class="" href="/ind-BIMK/Num/1">1</a></li>
<li><a class="" href="/ind-BIMK/Num/2">2</a></li>
<li><a class="" href="/ind-BIMK/Num/3">3</a></li>
<li><a class="" href="/ind-BIMK/Num/4">4</a></li>
<li><a class="" href="/ind-BIMK/Num/5">5</a></li>
<li><a class="" href="/ind-BIMK/Num/6">6</a></li>
<li><a class="" href="/ind-BIMK/Num/7">7</a></li>
<li><a class="" href="/ind-BIMK/Num/8">8</a></li>
<li><a class="" href="/ind-BIMK/Num/9">9</a></li>
<li><a class="" href="/ind-BIMK/Num/10">10</a></li>
<li><a class="" href="/ind-BIMK/Num/11">11</a></li>
<li><a class="" href="/ind-BIMK/Num/12">12</a></li>
<li><a class="" href="/ind-BIMK/Num/13">13</a></li>
<li><a class="" href="/ind-BIMK/Num/14">14</a></li>
<li><a class="" href="/ind-BIMK/Num/15">15</a></li>
<li><a class="" href="/ind-BIMK/Num/16">16</a></li>
<li><a class="" href="/ind-BIMK/Num/17">17</a></li>
<li><a class="" href="/ind-BIMK/Num/18">18</a></li>
<li><a class="" href="/ind-BIMK/Num/19">19</a></li>
<li><a class="" href="/ind-BIMK/Num/20">20</a></li>
<li><a class="" href="/ind-BIMK/Num/21">21</a></li>
<li><a class="" href="/ind-BIMK/Num/22">22</a></li>
<li><a class="" href="/ind-BIMK/Num/23">23</a></li>
<li><a class="" href="/ind-BIMK/Num/24">24</a></li>
<li><a class="" href="/ind-BIMK/Num/25">25</a></li>
<li><a class="" href="/ind-BIMK/Num/26">26</a></li>
<li><a class="" href="/ind-BIMK/Num/27">27</a></li>
<li><a class="" href="/ind-BIMK/Num/28">28</a></li>
<li><a class="" href="/ind-BIMK/Num/29">29</a></li>
<li><a class="" href="/ind-BIMK/Num/30">30</a></li>
<li><a class="" href="/ind-BIMK/Num/31">31</a></li>
<li><a class="" href="/ind-BIMK/Num/32">32</a></li>
<li><a class="" href="/ind-BIMK/Num/33">33</a></li>
<li><a class="" href="/ind-BIMK/Num/34">34</a></li>
<li><a class="" href="/ind-BIMK/Num/35">35</a></li>
<li><a class="" href="/ind-BIMK/Num/36">36</a></li>
</ul></li>
<li id="Deut"><a data-ajax="false" data-no-loading="" href="/ind-BIMK/Deut#Deut">Ulangan <span class="icon-down-open-1"/></a>
<ul class="chapter hide"><li><a class="" href="/ind-BIMK/Deut/1">1</a></li>
<li><a class="" href="/ind-BIMK/Deut/2">2</a></li>
<li><a class="" href="/ind-BIMK/Deut/3">3</a></li>
<li><a class="" href="/ind-BIMK/Deut/4">4</a></li>
<li><a class="" href="/ind-BIMK/Deut/5">5</a></li>
<li><a class="" href="/ind-BIMK/Deut/6">6</a></li>
<li><a class="" href="/ind-BIMK/Deut/7">7</a></li>
<li><a class="" href="/ind-BIMK/Deut/8">8</a></li>
<li><a class="" href="/ind-BIMK/Deut/9">9</a></li>
<li><a class="" href="/ind-BIMK/Deut/10">10</a></li>
<li><a class="" href="/ind-BIMK/Deut/11">11</a></li>
<li><a class="" href="/ind-BIMK/Deut/12">12</a></li>
<li><a class="" href="/ind-BIMK/Deut/13">13</a></li>
<li><a class="" href="/ind-BIMK/Deut/14">14</a></li>
<li><a class="" href="/ind-BIMK/Deut/15">15</a></li>
<li><a class="" href="/ind-BIMK/Deut/16">16</a></li>
<li><a class="" href="/ind-BIMK/Deut/17">17</a></li>
<li><a class="" href="/ind-BIMK/Deut/18">18</a></li>
<li><a class="" href="/ind-BIMK/Deut/19">19</a></li>
<li><a class="" href="/ind-BIMK/Deut/20">20</a></li>
<li><a class="" href="/ind-BIMK/Deut/21">21</a></li>
<li><a class="" href="/ind-BIMK/Deut/22">22</a></li>
<li><a class="" href="/ind-BIMK/Deut/23">23</a></li>
<li><a class="" href="/ind-BIMK/Deut/24">24</a></li>
<li><a class="" href="/ind-BIMK/Deut/25">25</a></li>
<li><a class="" href="/ind-BIMK/Deut/26">26</a></li>
<li><a class="" href="/ind-BIMK/Deut/27">27</a></li>
<li><a class="" href="/ind-BIMK/Deut/28">28</a></li>
<li><a class="" href="/ind-BIMK/Deut/29">29</a></li>
<li><a class="" href="/ind-BIMK/Deut/30">30</a></li>
<li><a class="" href="/ind-BIMK/Deut/31">31</a></li>
<li><a class="" href="/ind-BIMK/Deut/32">32</a></li>
<li><a class="" href="/ind-BIMK/Deut/33">33</a></li>
<li><a class="" href="/ind-BIMK/Deut/34">34</a></li>
</ul></li>
<li id="Josh"><a data-ajax="false" data-no-loading="" href="/ind-BIMK/Josh#Josh">Yosua <span class="icon-down-open-1"/></a>
<ul class="chapter hide"><li><a class="" href="/ind-BIMK/Josh/1">1</a></li>
<li><a class="" href="/ind-BIMK/Josh/2">2</a></li>
<li><a class="" href="/ind-BIMK/Josh/3">3</a></li>
<li><a class="" href="/ind-BIMK/Josh/4">4</a></li>
<li><a class="" href="/ind-BIMK/Josh/5">5</a></li>
<li><a class="" href="/ind-BIMK/Josh/6">6</a></li>
<li><a class="" href="/ind-BIMK/Josh/7">7</a></li>
<li><a class="" href="/ind-BIMK/Josh/8">8</a></li>
<li><a class="" href="/ind-BIMK/Josh/9">9</a></li>
<li><a class="" href="/ind-BIMK/Josh/10">10</a></li>
<li><a class="" href="/ind-BIMK/Josh/11">11</a></li>
<li><a class="" href="/ind-BIMK/Josh/12">12</a></li>
<li><a class="" href="/ind-BIMK/Josh/13">13</a></li>
<li><a class="" href="/ind-BIMK/Josh/14">14</a></li>
<li><a class="" href="/ind-BIMK/Josh/15">15</a></li>
<li><a class="" href="/ind-BIMK/Josh/16">16</a></li>
<li><a class="" href="/ind-BIMK/Josh/17">17</a></li>
<li><a class="" href="/ind-BIMK/Josh/18">18</a></li>
<li><a class="" href="/ind-BIMK/Josh/19">19</a></li>
<li><a class="" href="/ind-BIMK/Josh/20">20</a></li>
<li><a class="" href="/ind-BIMK/Josh/21">21</a></li>
<li><a class="" href="/ind-BIMK/Josh/22">22</a></li>
<li><a class="" href="/ind-BIMK/Josh/23">23</a></li>
<li><a class="" href="/ind-BIMK/Josh/24">24</a></li>
</ul></li>
<li id="Judg"><a data-ajax="false" data-no-loading="" href="/ind-BIMK/Judg#Judg">Hakim-hakim <span class="icon-down-open-1"/></a>
<ul class="chapter hide"><li><a class="" href="/ind-BIMK/Judg/1">1</a></li>
<li><a class="" href="/ind-BIMK/Judg/2">2</a></li>
<li><a class="" href="/ind-BIMK/Judg/3">3</a></li>
<li><a class="" href="/ind-BIMK/Judg/4">4</a></li>
<li><a class="" href="/ind-BIMK/Judg/5">5</a></li>
<li><a class="" href="/ind-BIMK/Judg/6">6</a></li>
<li><a class="" href="/ind-BIMK/Judg/7">7</a></li>
<li><a class="" href="/ind-BIMK/Judg/8">8</a></li>
<li><a class="" href="/ind-BIMK/Judg/9">9</a></li>
<li><a class="" href="/ind-BIMK/Judg/10">10</a></li>
<li><a class="" href="/ind-BIMK/Judg/11">11</a></li>
<li><a class="" href="/ind-BIMK/Judg/12">12</a></li>
<li><a class="" href="/ind-BIMK/Judg/13">13</a></li>
<li><a class="" href="/ind-BIMK/Judg/14">14</a></li>
<li><a class="" href="/ind-BIMK/Judg/15">15</a></li>
<li><a class="" href="/ind-BIMK/Judg/16">16</a></li>
<li><a class="" href="/ind-BIMK/Judg/17">17</a></li>
<li><a class="" href="/ind-BIMK/Judg/18">18</a></li>
<li><a class="" href="/ind-BIMK/Judg/19">19</a></li>
<li><a class="" href="/ind-BIMK/Judg/20">20</a></li>
<li><a class="" href="/ind-BIMK/Judg/21">21</a></li>
</ul></li>
<li id="Ruth"><a data-ajax="false" data-no-loading="" href="/ind-BIMK/Ruth#Ruth">Rut <span class="icon-down-open-1"/></a>
<ul class="chapter hide"><li><a class="" href="/ind-BIMK/Ruth/1">1</a></li>
<li><a class="" href="/ind-BIMK/Ruth/2">2</a></li>
<li><a class="" href="/ind-BIMK/Ruth/3">3</a></li>
<li><a class="" href="/ind-BIMK/Ruth/4">4</a></li>
</ul></li>
<li id="1Sam"><a data-ajax="false" data-no-loading="" href="/ind-BIMK/1Sam#1Sam">1 Samuel <span class="icon-down-open-1"/></a>
<ul class="chapter hide"><li><a class="" href="/ind-BIMK/1Sam/1">1</a></li>
<li><a class="" href="/ind-BIMK/1Sam/2">2</a></li>
<li><a class="" href="/ind-BIMK/1Sam/3">3</a></li>
<li><a class="" href="/ind-BIMK/1Sam/4">4</a></li>
<li><a class="" href="/ind-BIMK/1Sam/5">5</a></li>
<li><a class="" href="/ind-BIMK/1Sam/6">6</a></li>
<li><a class="" href="/ind-BIMK/1Sam/7">7</a></li>
<li><a class="" href="/ind-BIMK/1Sam/8">8</a></li>
<li><a class="" href="/ind-BIMK/1Sam/9">9</a></li>
<li><a class="" href="/ind-BIMK/1Sam/10">10</a></li>
<li><a class="" href="/ind-BIMK/1Sam/11">11</a></li>
<li><a class="" href="/ind-BIMK/1Sam/12">12</a></li>
<li><a class="" href="/ind-BIMK/1Sam/13">13</a></li>
<li><a class="" href="/ind-BIMK/1Sam/14">14</a></li>
<li><a class="" href="/ind-BIMK/1Sam/15">15</a></li>
<li><a class="" href="/ind-BIMK/1Sam/16">16</a></li>
<li><a class="" href="/ind-BIMK/1Sam/17">17</a></li>
<li><a class="" href="/ind-BIMK/1Sam/18">18</a></li>
<li><a class="" href="/ind-BIMK/1Sam/19">19</a></li>
<li><a class="" href="/ind-BIMK/1Sam/20">20</a></li>
<li><a class="" href="/ind-BIMK/1Sam/21">21</a></li>
<li><a class="" href="/ind-BIMK/1Sam/22">22</a></li>
<li><a class="" href="/ind-BIMK/1Sam/23">23</a></li>
<li><a class="" href="/ind-BIMK/1Sam/24">24</a></li>
<li><a class="" href="/ind-BIMK/1Sam/25">25</a></li>
<li><a class="" href="/ind-BIMK/1Sam/26">26</a></li>
<li><a class="" href="/ind-BIMK/1Sam/27">27</a></li>
<li><a class="" href="/ind-BIMK/1Sam/28">28</a></li>
<li><a class="" href="/ind-BIMK/1Sam/29">29</a></li>
<li><a class="" href="/ind-BIMK/1Sam/30">30</a></li>
<li><a class="" href="/ind-BIMK/1Sam/31">31</a></li>
</ul></li>
<li id="2Sam"><a data-ajax="false" data-no-loading="" href="/ind-BIMK/2Sam#2Sam">2 Samuel <span class="icon-down-open-1"/></a>
<ul class="chapter hide"><li><a class="" href="/ind-BIMK/2Sam/1">1</a></li>
<li><a class="" href="/ind-BIMK/2Sam/2">2</a></li>
<li><a class="" href="/ind-BIMK/2Sam/3">3</a></li>
<li><a class="" href="/ind-BIMK/2Sam/4">4</a></li>
<li><a class="" href="/ind-BIMK/2Sam/5">5</a></li>
<li><a class="" href="/ind-BIMK/2Sam/6">6</a></li>
<li><a class="" href="/ind-BIMK/2Sam/7">7</a></li>
<li><a class="" href="/ind-BIMK/2Sam/8">8</a></li>
<li><a class="" href="/ind-BIMK/2Sam/9">9</a></li>
<li><a class="" href="/ind-BIMK/2Sam/10">10</a></li>
<li><a class="" href="/ind-BIMK/2Sam/11">11</a></li>
<li><a class="" href="/ind-BIMK/2Sam/12">12</a></li>
<li><a class="" href="/ind-BIMK/2Sam/13">13</a></li>
<li><a class="" href="/ind-BIMK/2Sam/14">14</a></li>
<li><a class="" href="/ind-BIMK/2Sam/15">15</a></li>
<li><a class="" href="/ind-BIMK/2Sam/16">16</a></li>
<li><a class="" href="/ind-BIMK/2Sam/17">17</a></li>
<li><a class="" href="/ind-BIMK/2Sam/18">18</a></li>
<li><a class="" href="/ind-BIMK/2Sam/19">19</a></li>
<li><a class="" href="/ind-BIMK/2Sam/20">20</a></li>
<li><a class="" href="/ind-BIMK/2Sam/21">21</a></li>
<li><a class="" href="/ind-BIMK/2Sam/22">22</a></li>
<li><a class="" href="/ind-BIMK/2Sam/23">23</a></li>
<li><a class="" href="/ind-BIMK/2Sam/24">24</a></li>
</ul></li>
<li id="1Kgs"><a data-ajax="false" data-no-loading="" href="/ind-BIMK/1Kgs#1Kgs">1 Raja-raja <span class="icon-down-open-1"/></a>
<ul class="chapter hide"><li><a class="" href="/ind-BIMK/1Kgs/1">1</a></li>
<li><a class="" href="/ind-BIMK/1Kgs/2">2</a></li>
<li><a class="" href="/ind-BIMK/1Kgs/3">3</a></li>
<li><a class="" href="/ind-BIMK/1Kgs/4">4</a></li>
<li><a class="" href="/ind-BIMK/1Kgs/5">5</a></li>
<li><a class="" href="/ind-BIMK/1Kgs/6">6</a></li>
<li><a class="" href="/ind-BIMK/1Kgs/7">7</a></li>
<li><a class="" href="/ind-BIMK/1Kgs/8">8</a></li>
<li><a class="" href="/ind-BIMK/1Kgs/9">9</a></li>
<li><a class="" href="/ind-BIMK/1Kgs/10">10</a></li>
<li><a class="" href="/ind-BIMK/1Kgs/11">11</a></li>
<li><a class="" href="/ind-BIMK/1Kgs/12">12</a></li>
<li><a class="" href="/ind-BIMK/1Kgs/13">13</a></li>
<li><a class="" href="/ind-BIMK/1Kgs/14">14</a></li>
<li><a class="" href="/ind-BIMK/1Kgs/15">15</a></li>
<li><a class="" href="/ind-BIMK/1Kgs/16">16</a></li>
<li><a class="" href="/ind-BIMK/1Kgs/17">17</a></li>
<li><a class="" href="/ind-BIMK/1Kgs/18">18</a></li>
<li><a class="" href="/ind-BIMK/1Kgs/19">19</a></li>
<li><a class="" href="/ind-BIMK/1Kgs/20">20</a></li>
<li><a class="" href="/ind-BIMK/1Kgs/21">21</a></li>
<li><a class="" href="/ind-BIMK/1Kgs/22">22</a></li>
</ul></li>
<li id="2Kgs"><a data-ajax="false" data-no-loading="" href="/ind-BIMK/2Kgs#2Kgs">2 Raja-raja <span class="icon-down-open-1"/></a>
<ul class="chapter hide"><li><a class="" href="/ind-BIMK/2Kgs/1">1</a></li>
<li><a class="" href="/ind-BIMK/2Kgs/2">2</a></li>
<li><a class="" href="/ind-BIMK/2Kgs/3">3</a></li>
<li><a class="" href="/ind-BIMK/2Kgs/4">4</a></li>
<li><a class="" href="/ind-BIMK/2Kgs/5">5</a></li>
<li><a class="" href="/ind-BIMK/2Kgs/6">6</a></li>
<li><a class="" href="/ind-BIMK/2Kgs/7">7</a></li>
<li><a class="" href="/ind-BIMK/2Kgs/8">8</a></li>
<li><a class="" href="/ind-BIMK/2Kgs/9">9</a></li>
<li><a class="" href="/ind-BIMK/2Kgs/10">10</a></li>
<li><a class="" href="/ind-BIMK/2Kgs/11">11</a></li>
<li><a class="" href="/ind-BIMK/2Kgs/12">12</a></li>
<li><a class="" href="/ind-BIMK/2Kgs/13">13</a></li>
<li><a class="" href="/ind-BIMK/2Kgs/14">14</a></li>
<li><a class="" href="/ind-BIMK/2Kgs/15">15</a></li>
<li><a class="" href="/ind-BIMK/2Kgs/16">16</a></li>
<li><a class="" href="/ind-BIMK/2Kgs/17">17</a></li>
<li><a class="" href="/ind-BIMK/2Kgs/18">18</a></li>
<li><a class="" href="/ind-BIMK/2Kgs/19">19</a></li>
<li><a class="" href="/ind-BIMK/2Kgs/20">20</a></li>
<li><a class="" href="/ind-BIMK/2Kgs/21">21</a></li>
<li><a class="" href="/ind-BIMK/2Kgs/22">22</a></li>
<li><a class="" href="/ind-BIMK/2Kgs/23">23</a></li>
<li><a class="" href="/ind-BIMK/2Kgs/24">24</a></li>
<li><a class="" href="/ind-BIMK/2Kgs/25">25</a></li>
</ul></li>
<li id="1Chr"><a data-ajax="false" data-no-loading="" href="/ind-BIMK/1Chr#1Chr">1 Tawarikh <span class="icon-down-open-1"/></a>
<ul class="chapter hide"><li><a class="" href="/ind-BIMK/1Chr/1">1</a></li>
<li><a class="" href="/ind-BIMK/1Chr/2">2</a></li>
<li><a class="" href="/ind-BIMK/1Chr/3">3</a></li>
<li><a class="" href="/ind-BIMK/1Chr/4">4</a></li>
<li><a class="" href="/ind-BIMK/1Chr/5">5</a></li>
<li><a class="" href="/ind-BIMK/1Chr/6">6</a></li>
<li><a class="" href="/ind-BIMK/1Chr/7">7</a></li>
<li><a class="" href="/ind-BIMK/1Chr/8">8</a></li>
<li><a class="" href="/ind-BIMK/1Chr/9">9</a></li>
<li><a class="" href="/ind-BIMK/1Chr/10">10</a></li>
<li><a class="" href="/ind-BIMK/1Chr/11">11</a></li>
<li><a class="" href="/ind-BIMK/1Chr/12">12</a></li>
<li><a class="" href="/ind-BIMK/1Chr/13">13</a></li>
<li><a class="" href="/ind-BIMK/1Chr/14">14</a></li>
<li><a class="" href="/ind-BIMK/1Chr/15">15</a></li>
<li><a class="" href="/ind-BIMK/1Chr/16">16</a></li>
<li><a class="" href="/ind-BIMK/1Chr/17">17</a></li>
<li><a class="" href="/ind-BIMK/1Chr/18">18</a></li>
<li><a class="" href="/ind-BIMK/1Chr/19">19</a></li>
<li><a class="" href="/ind-BIMK/1Chr/20">20</a></li>
<li><a class="" href="/ind-BIMK/1Chr/21">21</a></li>
<li><a class="" href="/ind-BIMK/1Chr/22">22</a></li>
<li><a class="" href="/ind-BIMK/1Chr/23">23</a></li>
<li><a class="" href="/ind-BIMK/1Chr/24">24</a></li>
<li><a class="" href="/ind-BIMK/1Chr/25">25</a></li>
<li><a class="" href="/ind-BIMK/1Chr/26">26</a></li>
<li><a class="" href="/ind-BIMK/1Chr/27">27</a></li>
<li><a class="" href="/ind-BIMK/1Chr/28">28</a></li>
<li><a class="" href="/ind-BIMK/1Chr/29">29</a></li>
</ul></li>
<li id="2Chr"><a data-ajax="false" data-no-loading="" href="/ind-BIMK/2Chr#2Chr">2 Tawarikh <span class="icon-down-open-1"/></a>
<ul class="chapter hide"><li><a class="" href="/ind-BIMK/2Chr/1">1</a></li>
<li><a class="" href="/ind-BIMK/2Chr/2">2</a></li>
<li><a class="" href="/ind-BIMK/2Chr/3">3</a></li>
<li><a class="" href="/ind-BIMK/2Chr/4">4</a></li>
<li><a class="" href="/ind-BIMK/2Chr/5">5</a></li>
<li><a class="" href="/ind-BIMK/2Chr/6">6</a></li>
<li><a class="" href="/ind-BIMK/2Chr/7">7</a></li>
<li><a class="" href="/ind-BIMK/2Chr/8">8</a></li>
<li><a class="" href="/ind-BIMK/2Chr/9">9</a></li>
<li><a class="" href="/ind-BIMK/2Chr/10">10</a></li>
<li><a class="" href="/ind-BIMK/2Chr/11">11</a></li>
<li><a class="" href="/ind-BIMK/2Chr/12">12</a></li>
<li><a class="" href="/ind-BIMK/2Chr/13">13</a></li>
<li><a class="" href="/ind-BIMK/2Chr/14">14</a></li>
<li><a class="" href="/ind-BIMK/2Chr/15">15</a></li>
<li><a class="" href="/ind-BIMK/2Chr/16">16</a></li>
<li><a class="" href="/ind-BIMK/2Chr/17">17</a></li>
<li><a class="" href="/ind-BIMK/2Chr/18">18</a></li>
<li><a class="" href="/ind-BIMK/2Chr/19">19</a></li>
<li><a class="" href="/ind-BIMK/2Chr/20">20</a></li>
<li><a class="" href="/ind-BIMK/2Chr/21">21</a></li>
<li><a class="" href="/ind-BIMK/2Chr/22">22</a></li>
<li><a class="" href="/ind-BIMK/2Chr/23">23</a></li>
<li><a class="" href="/ind-BIMK/2Chr/24">24</a></li>
<li><a class="" href="/ind-BIMK/2Chr/25">25</a></li>
<li><a class="" href="/ind-BIMK/2Chr/26">26</a></li>
<li><a class="" href="/ind-BIMK/2Chr/27">27</a></li>
<li><a class="" href="/ind-BIMK/2Chr/28">28</a></li>
<li><a class="" href="/ind-BIMK/2Chr/29">29</a></li>
<li><a class="" href="/ind-BIMK/2Chr/30">30</a></li>
<li><a class="" href="/ind-BIMK/2Chr/31">31</a></li>
<li><a class="" href="/ind-BIMK/2Chr/32">32</a></li>
<li><a class="" href="/ind-BIMK/2Chr/33">33</a></li>
<li><a class="" href="/ind-BIMK/2Chr/34">34</a></li>
<li><a class="" href="/ind-BIMK/2Chr/35">35</a></li>
<li><a class="" href="/ind-BIMK/2Chr/36">36</a></li>
</ul></li>
<li id="Ezra"><a data-ajax="false" data-no-loading="" href="/ind-BIMK/Ezra#Ezra">Ezra <span class="icon-down-open-1"/></a>
<ul class="chapter hide"><li><a class="" href="/ind-BIMK/Ezra/1">1</a></li>
<li><a class="" href="/ind-BIMK/Ezra/2">2</a></li>
<li><a class="" href="/ind-BIMK/Ezra/3">3</a></li>
<li><a class="" href="/ind-BIMK/Ezra/4">4</a></li>
<li><a class="" href="/ind-BIMK/Ezra/5">5</a></li>
<li><a class="" href="/ind-BIMK/Ezra/6">6</a></li>
<li><a class="" href="/ind-BIMK/Ezra/7">7</a></li>
<li><a class="" href="/ind-BIMK/Ezra/8">8</a></li>
<li><a class="" href="/ind-BIMK/Ezra/9">9</a></li>
<li><a class="" href="/ind-BIMK/Ezra/10">10</a></li>
</ul></li>
<li id="Neh"><a data-ajax="false" data-no-loading="" href="/ind-BIMK/Neh#Neh">Nehemia <span class="icon-down-open-1"/></a>
<ul class="chapter hide"><li><a class="" href="/ind-BIMK/Neh/1">1</a></li>
<li><a class="" href="/ind-BIMK/Neh/2">2</a></li>
<li><a class="" href="/ind-BIMK/Neh/3">3</a></li>
<li><a class="" href="/ind-BIMK/Neh/4">4</a></li>
<li><a class="" href="/ind-BIMK/Neh/5">5</a></li>
<li><a class="" href="/ind-BIMK/Neh/6">6</a></li>
<li><a class="" href="/ind-BIMK/Neh/7">7</a></li>
<li><a class="" href="/ind-BIMK/Neh/8">8</a></li>
<li><a class="" href="/ind-BIMK/Neh/9">9</a></li>
<li><a class="" href="/ind-BIMK/Neh/10">10</a></li>
<li><a class="" href="/ind-BIMK/Neh/11">11</a></li>
<li><a class="" href="/ind-BIMK/Neh/12">12</a></li>
<li><a class="" href="/ind-BIMK/Neh/13">13</a></li>
</ul></li>
<li id="Esth"><a data-ajax="false" data-no-loading="" href="/ind-BIMK/Esth#Esth">Ester <span class="icon-down-open-1"/></a>
<ul class="chapter hide"><li><a class="" href="/ind-BIMK/Esth/1">1</a></li>
<li><a class="" href="/ind-BIMK/Esth/2">2</a></li>
<li><a class="" href="/ind-BIMK/Esth/3">3</a></li>
<li><a class="" href="/ind-BIMK/Esth/4">4</a></li>
<li><a class="" href="/ind-BIMK/Esth/5">5</a></li>
<li><a class="" href="/ind-BIMK/Esth/6">6</a></li>
<li><a class="" href="/ind-BIMK/Esth/7">7</a></li>
<li><a class="" href="/ind-BIMK/Esth/8">8</a></li>
<li><a class="" href="/ind-BIMK/Esth/9">9</a></li>
<li><a class="" href="/ind-BIMK/Esth/10">10</a></li>
</ul></li>
<li id="Job"><a data-ajax="false" data-no-loading="" href="/ind-BIMK/Job#Job">Ayub <span class="icon-down-open-1"/></a>
<ul class="chapter hide"><li><a class="" href="/ind-BIMK/Job/1">1</a></li>
<li><a class="" href="/ind-BIMK/Job/2">2</a></li>
<li><a class="" href="/ind-BIMK/Job/3">3</a></li>
<li><a class="" href="/ind-BIMK/Job/4">4</a></li>
<li><a class="" href="/ind-BIMK/Job/5">5</a></li>
<li><a class="" href="/ind-BIMK/Job/6">6</a></li>
<li><a class="" href="/ind-BIMK/Job/7">7</a></li>
<li><a class="" href="/ind-BIMK/Job/8">8</a></li>
<li><a class="" href="/ind-BIMK/Job/9">9</a></li>
<li><a class="" href="/ind-BIMK/Job/10">10</a></li>
<li><a class="" href="/ind-BIMK/Job/11">11</a></li>
<li><a class="" href="/ind-BIMK/Job/12">12</a></li>
<li><a class="" href="/ind-BIMK/Job/13">13</a></li>
<li><a class="" href="/ind-BIMK/Job/14">14</a></li>
<li><a class="" href="/ind-BIMK/Job/15">15</a></li>
<li><a class="" href="/ind-BIMK/Job/16">16</a></li>
<li><a class="" href="/ind-BIMK/Job/17">17</a></li>
<li><a class="" href="/ind-BIMK/Job/18">18</a></li>
<li><a class="" href="/ind-BIMK/Job/19">19</a></li>
<li><a class="" href="/ind-BIMK/Job/20">20</a></li>
<li><a class="" href="/ind-BIMK/Job/21">21</a></li>
<li><a class="" href="/ind-BIMK/Job/22">22</a></li>
<li><a class="" href="/ind-BIMK/Job/23">23</a></li>
<li><a class="" href="/ind-BIMK/Job/24">24</a></li>
<li><a class="" href="/ind-BIMK/Job/25">25</a></li>
<li><a class="" href="/ind-BIMK/Job/26">26</a></li>
<li><a class="" href="/ind-BIMK/Job/27">27</a></li>
<li><a class="" href="/ind-BIMK/Job/28">28</a></li>
<li><a class="" href="/ind-BIMK/Job/29">29</a></li>
<li><a class="" href="/ind-BIMK/Job/30">30</a></li>
<li><a class="" href="/ind-BIMK/Job/31">31</a></li>
<li><a class="" href="/ind-BIMK/Job/32">32</a></li>
<li><a class="" href="/ind-BIMK/Job/33">33</a></li>
<li><a class="" href="/ind-BIMK/Job/34">34</a></li>
<li><a class="" href="/ind-BIMK/Job/35">35</a></li>
<li><a class="" href="/ind-BIMK/Job/36">36</a></li>
<li><a class="" href="/ind-BIMK/Job/37">37</a></li>
<li><a class="" href="/ind-BIMK/Job/38">38</a></li>
<li><a class="" href="/ind-BIMK/Job/39">39</a></li>
<li><a class="" href="/ind-BIMK/Job/40">40</a></li>
<li><a class="" href="/ind-BIMK/Job/41">41</a></li>
<li><a class="" href="/ind-BIMK/Job/42">42</a></li>
</ul></li>
<li id="Ps"><a data-ajax="false" data-no-loading="" href="/ind-BIMK/Ps#Ps">Mazmur <span class="icon-down-open-1"/></a>
<ul class="chapter hide"><li><a class="" href="/ind-BIMK/Ps/1">1</a></li>
<li><a class="" href="/ind-BIMK/Ps/2">2</a></li>
<li><a class="" href="/ind-BIMK/Ps/3">3</a></li>
<li><a class="" href="/ind-BIMK/Ps/4">4</a></li>
<li><a class="" href="/ind-BIMK/Ps/5">5</a></li>
<li><a class="" href="/ind-BIMK/Ps/6">6</a></li>
<li><a class="" href="/ind-BIMK/Ps/7">7</a></li>
<li><a class="" href="/ind-BIMK/Ps/8">8</a></li>
<li><a class="" href="/ind-BIMK/Ps/9">9</a></li>
<li><a class="" href="/ind-BIMK/Ps/10">10</a></li>
<li><a class="" href="/ind-BIMK/Ps/11">11</a></li>
<li><a class="" href="/ind-BIMK/Ps/12">12</a></li>
<li><a class="" href="/ind-BIMK/Ps/13">13</a></li>
<li><a class="" href="/ind-BIMK/Ps/14">14</a></li>
<li><a class="" href="/ind-BIMK/Ps/15">15</a></li>
<li><a class="" href="/ind-BIMK/Ps/16">16</a></li>
<li><a class="" href="/ind-BIMK/Ps/17">17</a></li>
<li><a class="" href="/ind-BIMK/Ps/18">18</a></li>
<li><a class="" href="/ind-BIMK/Ps/19">19</a></li>
<li><a class="" href="/ind-BIMK/Ps/20">20</a></li>
<li><a class="" href="/ind-BIMK/Ps/21">21</a></li>
<li><a class="" href="/ind-BIMK/Ps/22">22</a></li>
<li><a class="" href="/ind-BIMK/Ps/23">23</a></li>
<li><a class="" href="/ind-BIMK/Ps/24">24</a></li>
<li><a class="" href="/ind-BIMK/Ps/25">25</a></li>
<li><a class="" href="/ind-BIMK/Ps/26">26</a></li>
<li><a class="" href="/ind-BIMK/Ps/27">27</a></li>
<li><a class="" href="/ind-BIMK/Ps/28">28</a></li>
<li><a class="" href="/ind-BIMK/Ps/29">29</a></li>
<li><a class="" href="/ind-BIMK/Ps/30">30</a></li>
<li><a class="" href="/ind-BIMK/Ps/31">31</a></li>
<li><a class="" href="/ind-BIMK/Ps/32">32</a></li>
<li><a class="" href="/ind-BIMK/Ps/33">33</a></li>
<li><a class="" href="/ind-BIMK/Ps/34">34</a></li>
<li><a class="" href="/ind-BIMK/Ps/35">35</a></li>
<li><a class="" href="/ind-BIMK/Ps/36">36</a></li>
<li><a class="" href="/ind-BIMK/Ps/37">37</a></li>
<li><a class="" href="/ind-BIMK/Ps/38">38</a></li>
<li><a class="" href="/ind-BIMK/Ps/39">39</a></li>
<li><a class="" href="/ind-BIMK/Ps/40">40</a></li>
<li><a class="" href="/ind-BIMK/Ps/41">41</a></li>
<li><a class="" href="/ind-BIMK/Ps/42">42</a></li>
<li><a class="" href="/ind-BIMK/Ps/43">43</a></li>
<li><a class="" href="/ind-BIMK/Ps/44">44</a></li>
<li><a class="" href="/ind-BIMK/Ps/45">45</a></li>
<li><a class="" href="/ind-BIMK/Ps/46">46</a></li>
<li><a class="" href="/ind-BIMK/Ps/47">47</a></li>
<li><a class="" href="/ind-BIMK/Ps/48">48</a></li>
<li><a class="" href="/ind-BIMK/Ps/49">49</a></li>
<li><a class="" href="/ind-BIMK/Ps/50">50</a></li>
<li><a class="" href="/ind-BIMK/Ps/51">51</a></li>
<li><a class="" href="/ind-BIMK/Ps/52">52</a></li>
<li><a class="" href="/ind-BIMK/Ps/53">53</a></li>
<li><a class="" href="/ind-BIMK/Ps/54">54</a></li>
<li><a class="" href="/ind-BIMK/Ps/55">55</a></li>
<li><a class="" href="/ind-BIMK/Ps/56">56</a></li>
<li><a class="" href="/ind-BIMK/Ps/57">57</a></li>
<li><a class="" href="/ind-BIMK/Ps/58">58</a></li>
<li><a class="" href="/ind-BIMK/Ps/59">59</a></li>
<li><a class="" href="/ind-BIMK/Ps/60">60</a></li>
<li><a class="" href="/ind-BIMK/Ps/61">61</a></li>
<li><a class="" href="/ind-BIMK/Ps/62">62</a></li>
<li><a class="" href="/ind-BIMK/Ps/63">63</a></li>
<li><a class="" href="/ind-BIMK/Ps/64">64</a></li>
<li><a class="" href="/ind-BIMK/Ps/65">65</a></li>
<li><a class="" href="/ind-BIMK/Ps/66">66</a></li>
<li><a class="" href="/ind-BIMK/Ps/67">67</a></li>
<li><a class="" href="/ind-BIMK/Ps/68">68</a></li>
<li><a class="" href="/ind-BIMK/Ps/69">69</a></li>
<li><a class="" href="/ind-BIMK/Ps/70">70</a></li>
<li><a class="" href="/ind-BIMK/Ps/71">71</a></li>
<li><a class="" href="/ind-BIMK/Ps/72">72</a></li>
<li><a class="" href="/ind-BIMK/Ps/73">73</a></li>
<li><a class="" href="/ind-BIMK/Ps/74">74</a></li>
<li><a class="" href="/ind-BIMK/Ps/75">75</a></li>
<li><a class="" href="/ind-BIMK/Ps/76">76</a></li>
<li><a class="" href="/ind-BIMK/Ps/77">77</a></li>
<li><a class="" href="/ind-BIMK/Ps/78">78</a></li>
<li><a class="" href="/ind-BIMK/Ps/79">79</a></li>
<li><a class="" href="/ind-BIMK/Ps/80">80</a></li>
<li><a class="" href="/ind-BIMK/Ps/81">81</a></li>
<li><a class="" href="/ind-BIMK/Ps/82">82</a></li>
<li><a class="" href="/ind-BIMK/Ps/83">83</a></li>
<li><a class="" href="/ind-BIMK/Ps/84">84</a></li>
<li><a class="" href="/ind-BIMK/Ps/85">85</a></li>
<li><a class="" href="/ind-BIMK/Ps/86">86</a></li>
<li><a class="" href="/ind-BIMK/Ps/87">87</a></li>
<li><a class="" href="/ind-BIMK/Ps/88">88</a></li>
<li><a class="" href="/ind-BIMK/Ps/89">89</a></li>
<li><a class="" href="/ind-BIMK/Ps/90">90</a></li>
<li><a class="" href="/ind-BIMK/Ps/91">91</a></li>
<li><a class="" href="/ind-BIMK/Ps/92">92</a></li>
<li><a class="" href="/ind-BIMK/Ps/93">93</a></li>
<li><a class="" href="/ind-BIMK/Ps/94">94</a></li>
<li><a class="" href="/ind-BIMK/Ps/95">95</a></li>
<li><a class="" href="/ind-BIMK/Ps/96">96</a></li>
<li><a class="" href="/ind-BIMK/Ps/97">97</a></li>
<li><a class="" href="/ind-BIMK/Ps/98">98</a></li>
<li><a class="" href="/ind-BIMK/Ps/99">99</a></li>
<li><a class="" href="/ind-BIMK/Ps/100">100</a></li>
<li><a class="" href="/ind-BIMK/Ps/101">101</a></li>
<li><a class="" href="/ind-BIMK/Ps/102">102</a></li>
<li><a class="" href="/ind-BIMK/Ps/103">103</a></li>
<li><a class="" href="/ind-BIMK/Ps/104">104</a></li>
<li><a class="" href="/ind-BIMK/Ps/105">105</a></li>
<li><a class="" href="/ind-BIMK/Ps/106">106</a></li>
<li><a class="" href="/ind-BIMK/Ps/107">107</a></li>
<li><a class="" href="/ind-BIMK/Ps/108">108</a></li>
<li><a class="" href="/ind-BIMK/Ps/109">109</a></li>
<li><a class="" href="/ind-BIMK/Ps/110">110</a></li>
<li><a class="" href="/ind-BIMK/Ps/111">111</a></li>
<li><a class="" href="/ind-BIMK/Ps/112">112</a></li>
<li><a class="" href="/ind-BIMK/Ps/113">113</a></li>
<li><a class="" href="/ind-BIMK/Ps/114">114</a></li>
<li><a class="" href="/ind-BIMK/Ps/115">115</a></li>
<li><a class="" href="/ind-BIMK/Ps/116">116</a></li>
<li><a class="" href="/ind-BIMK/Ps/117">117</a></li>
<li><a class="" href="/ind-BIMK/Ps/118">118</a></li>
<li><a class="" href="/ind-BIMK/Ps/119">119</a></li>
<li><a class="" href="/ind-BIMK/Ps/120">120</a></li>
<li><a class="" href="/ind-BIMK/Ps/121">121</a></li>
<li><a class="" href="/ind-BIMK/Ps/122">122</a></li>
<li><a class="" href="/ind-BIMK/Ps/123">123</a></li>
<li><a class="" href="/ind-BIMK/Ps/124">124</a></li>
<li><a class="" href="/ind-BIMK/Ps/125">125</a></li>
<li><a class="" href="/ind-BIMK/Ps/126">126</a></li>
<li><a class="" href="/ind-BIMK/Ps/127">127</a></li>
<li><a class="" href="/ind-BIMK/Ps/128">128</a></li>
<li><a class="" href="/ind-BIMK/Ps/129">129</a></li>
<li><a class="" href="/ind-BIMK/Ps/130">130</a></li>
<li><a class="" href="/ind-BIMK/Ps/131">131</a></li>
<li><a class="" href="/ind-BIMK/Ps/132">132</a></li>
<li><a class="" href="/ind-BIMK/Ps/133">133</a></li>
<li><a class="" href="/ind-BIMK/Ps/134">134</a></li>
<li><a class="" href="/ind-BIMK/Ps/135">135</a></li>
<li><a class="" href="/ind-BIMK/Ps/136">136</a></li>
<li><a class="" href="/ind-BIMK/Ps/137">137</a></li>
<li><a class="" href="/ind-BIMK/Ps/138">138</a></li>
<li><a class="" href="/ind-BIMK/Ps/139">139</a></li>
<li><a class="" href="/ind-BIMK/Ps/140">140</a></li>
<li><a class="" href="/ind-BIMK/Ps/141">141</a></li>
<li><a class="" href="/ind-BIMK/Ps/142">142</a></li>
<li><a class="" href="/ind-BIMK/Ps/143">143</a></li>
<li><a class="" href="/ind-BIMK/Ps/144">144</a></li>
<li><a class="" href="/ind-BIMK/Ps/145">145</a></li>
<li><a class="" href="/ind-BIMK/Ps/146">146</a></li>
<li><a class="" href="/ind-BIMK/Ps/147">147</a></li>
<li><a class="" href="/ind-BIMK/Ps/148">148</a></li>
<li><a class="" href="/ind-BIMK/Ps/149">149</a></li>
<li><a class="" href="/ind-BIMK/Ps/150">150</a></li>
</ul></li>
<li id="Prov"><a data-ajax="false" data-no-loading="" href="/ind-BIMK/Prov#Prov">Amsal <span class="icon-down-open-1"/></a>
<ul class="chapter hide"><li><a class="" href="/ind-BIMK/Prov/1">1</a></li>
<li><a class="" href="/ind-BIMK/Prov/2">2</a></li>
<li><a class="" href="/ind-BIMK/Prov/3">3</a></li>
<li><a class="" href="/ind-BIMK/Prov/4">4</a></li>
<li><a class="" href="/ind-BIMK/Prov/5">5</a></li>
<li><a class="" href="/ind-BIMK/Prov/6">6</a></li>
<li><a class="" href="/ind-BIMK/Prov/7">7</a></li>
<li><a class="" href="/ind-BIMK/Prov/8">8</a></li>
<li><a class="" href="/ind-BIMK/Prov/9">9</a></li>
<li><a class="" href="/ind-BIMK/Prov/10">10</a></li>
<li><a class="" href="/ind-BIMK/Prov/11">11</a></li>
<li><a class="" href="/ind-BIMK/Prov/12">12</a></li>
<li><a class="" href="/ind-BIMK/Prov/13">13</a></li>
<li><a class="" href="/ind-BIMK/Prov/14">14</a></li>
<li><a class="" href="/ind-BIMK/Prov/15">15</a></li>
<li><a class="" href="/ind-BIMK/Prov/16">16</a></li>
<li><a class="" href="/ind-BIMK/Prov/17">17</a></li>
<li><a class="" href="/ind-BIMK/Prov/18">18</a></li>
<li><a class="" href="/ind-BIMK/Prov/19">19</a></li>
<li><a class="" href="/ind-BIMK/Prov/20">20</a></li>
<li><a class="" href="/ind-BIMK/Prov/21">21</a></li>
<li><a class="" href="/ind-BIMK/Prov/22">22</a></li>
<li><a class="" href="/ind-BIMK/Prov/23">23</a></li>
<li><a class="" href="/ind-BIMK/Prov/24">24</a></li>
<li><a class="" href="/ind-BIMK/Prov/25">25</a></li>
<li><a class="" href="/ind-BIMK/Prov/26">26</a></li>
<li><a class="" href="/ind-BIMK/Prov/27">27</a></li>
<li><a class="" href="/ind-BIMK/Prov/28">28</a></li>
<li><a class="" href="/ind-BIMK/Prov/29">29</a></li>
<li><a class="" href="/ind-BIMK/Prov/30">30</a></li>
<li><a class="" href="/ind-BIMK/Prov/31">31</a></li>
</ul></li>
<li id="Eccl"><a data-ajax="false" data-no-loading="" href="/ind-BIMK/Eccl#Eccl">Pengkhotbah <span class="icon-down-open-1"/></a>
<ul class="chapter hide"><li><a class="" href="/ind-BIMK/Eccl/1">1</a></li>
<li><a class="" href="/ind-BIMK/Eccl/2">2</a></li>
<li><a class="" href="/ind-BIMK/Eccl/3">3</a></li>
<li><a class="" href="/ind-BIMK/Eccl/4">4</a></li>
<li><a class="" href="/ind-BIMK/Eccl/5">5</a></li>
<li><a class="" href="/ind-BIMK/Eccl/6">6</a></li>
<li><a class="" href="/ind-BIMK/Eccl/7">7</a></li>
<li><a class="" href="/ind-BIMK/Eccl/8">8</a></li>
<li><a class="" href="/ind-BIMK/Eccl/9">9</a></li>
<li><a class="" href="/ind-BIMK/Eccl/10">10</a></li>
<li><a class="" href="/ind-BIMK/Eccl/11">11</a></li>
<li><a class="" href="/ind-BIMK/Eccl/12">12</a></li>
</ul></li>
<li id="Song"><a data-ajax="false" data-no-loading="" href="/ind-BIMK/Song#Song">Kidung Agung <span class="icon-down-open-1"/></a>
<ul class="chapter hide"><li><a class="" href="/ind-BIMK/Song/1">1</a></li>
<li><a class="" href="/ind-BIMK/Song/2">2</a></li>
<li><a class="" href="/ind-BIMK/Song/3">3</a></li>
<li><a class="" href="/ind-BIMK/Song/4">4</a></li>
<li><a class="" href="/ind-BIMK/Song/5">5</a></li>
<li><a class="" href="/ind-BIMK/Song/6">6</a></li>
<li><a class="" href="/ind-BIMK/Song/7">7</a></li>
<li><a class="" href="/ind-BIMK/Song/8">8</a></li>
</ul></li>
<li id="Isa"><a data-ajax="false" data-no-loading="" href="/ind-BIMK/Isa#Isa">Yesaya <span class="icon-down-open-1"/></a>
<ul class="chapter hide"><li><a class="" href="/ind-BIMK/Isa/1">1</a></li>
<li><a class="" href="/ind-BIMK/Isa/2">2</a></li>
<li><a class="" href="/ind-BIMK/Isa/3">3</a></li>
<li><a class="" href="/ind-BIMK/Isa/4">4</a></li>
<li><a class="" href="/ind-BIMK/Isa/5">5</a></li>
<li><a class="" href="/ind-BIMK/Isa/6">6</a></li>
<li><a class="" href="/ind-BIMK/Isa/7">7</a></li>
<li><a class="" href="/ind-BIMK/Isa/8">8</a></li>
<li><a class="" href="/ind-BIMK/Isa/9">9</a></li>
<li><a class="" href="/ind-BIMK/Isa/10">10</a></li>
<li><a class="" href="/ind-BIMK/Isa/11">11</a></li>
<li><a class="" href="/ind-BIMK/Isa/12">12</a></li>
<li><a class="" href="/ind-BIMK/Isa/13">13</a></li>
<li><a class="" href="/ind-BIMK/Isa/14">14</a></li>
<li><a class="" href="/ind-BIMK/Isa/15">15</a></li>
<li><a class="" href="/ind-BIMK/Isa/16">16</a></li>
<li><a class="" href="/ind-BIMK/Isa/17">17</a></li>
<li><a class="" href="/ind-BIMK/Isa/18">18</a></li>
<li><a class="" href="/ind-BIMK/Isa/19">19</a></li>
<li><a class="" href="/ind-BIMK/Isa/20">20</a></li>
<li><a class="" href="/ind-BIMK/Isa/21">21</a></li>
<li><a class="" href="/ind-BIMK/Isa/22">22</a></li>
<li><a class="" href="/ind-BIMK/Isa/23">23</a></li>
<li><a class="" href="/ind-BIMK/Isa/24">24</a></li>
<li><a class="" href="/ind-BIMK/Isa/25">25</a></li>
<li><a class="" href="/ind-BIMK/Isa/26">26</a></li>
<li><a class="" href="/ind-BIMK/Isa/27">27</a></li>
<li><a class="" href="/ind-BIMK/Isa/28">28</a></li>
<li><a class="" href="/ind-BIMK/Isa/29">29</a></li>
<li><a class="" href="/ind-BIMK/Isa/30">30</a></li>
<li><a class="" href="/ind-BIMK/Isa/31">31</a></li>
<li><a class="" href="/ind-BIMK/Isa/32">32</a></li>
<li><a class="" href="/ind-BIMK/Isa/33">33</a></li>
<li><a class="" href="/ind-BIMK/Isa/34">34</a></li>
<li><a class="" href="/ind-BIMK/Isa/35">35</a></li>
<li><a class="" href="/ind-BIMK/Isa/36">36</a></li>
<li><a class="" href="/ind-BIMK/Isa/37">37</a></li>
<li><a class="" href="/ind-BIMK/Isa/38">38</a></li>
<li><a class="" href="/ind-BIMK/Isa/39">39</a></li>
<li><a class="" href="/ind-BIMK/Isa/40">40</a></li>
<li><a class="" href="/ind-BIMK/Isa/41">41</a></li>
<li><a class="" href="/ind-BIMK/Isa/42">42</a></li>
<li><a class="" href="/ind-BIMK/Isa/43">43</a></li>
<li><a class="" href="/ind-BIMK/Isa/44">44</a></li>
<li><a class="" href="/ind-BIMK/Isa/45">45</a></li>
<li><a class="" href="/ind-BIMK/Isa/46">46</a></li>
<li><a class="" href="/ind-BIMK/Isa/47">47</a></li>
<li><a class="" href="/ind-BIMK/Isa/48">48</a></li>
<li><a class="" href="/ind-BIMK/Isa/49">49</a></li>
<li><a class="" href="/ind-BIMK/Isa/50">50</a></li>
<li><a class="" href="/ind-BIMK/Isa/51">51</a></li>
<li><a class="" href="/ind-BIMK/Isa/52">52</a></li>
<li><a class="" href="/ind-BIMK/Isa/53">53</a></li>
<li><a class="" href="/ind-BIMK/Isa/54">54</a></li>
<li><a class="" href="/ind-BIMK/Isa/55">55</a></li>
<li><a class="" href="/ind-BIMK/Isa/56">56</a></li>
<li><a class="" href="/ind-BIMK/Isa/57">57</a></li>
<li><a class="" href="/ind-BIMK/Isa/58">58</a></li>
<li><a class="" href="/ind-BIMK/Isa/59">59</a></li>
<li><a class="" href="/ind-BIMK/Isa/60">60</a></li>
<li><a class="" href="/ind-BIMK/Isa/61">61</a></li>
<li><a class="" href="/ind-BIMK/Isa/62">62</a></li>
<li><a class="" href="/ind-BIMK/Isa/63">63</a></li>
<li><a class="" href="/ind-BIMK/Isa/64">64</a></li>
<li><a class="" href="/ind-BIMK/Isa/65">65</a></li>
<li><a class="" href="/ind-BIMK/Isa/66">66</a></li>
</ul></li>
<li id="Jer"><a data-ajax="false" data-no-loading="" href="/ind-BIMK/Jer#Jer">Yeremia <span class="icon-down-open-1"/></a>
<ul class="chapter hide"><li><a class="" href="/ind-BIMK/Jer/1">1</a></li>
<li><a class="" href="/ind-BIMK/Jer/2">2</a></li>
<li><a class="" href="/ind-BIMK/Jer/3">3</a></li>
<li><a class="" href="/ind-BIMK/Jer/4">4</a></li>
<li><a class="" href="/ind-BIMK/Jer/5">5</a></li>
<li><a class="" href="/ind-BIMK/Jer/6">6</a></li>
<li><a class="" href="/ind-BIMK/Jer/7">7</a></li>
<li><a class="" href="/ind-BIMK/Jer/8">8</a></li>
<li><a class="" href="/ind-BIMK/Jer/9">9</a></li>
<li><a class="" href="/ind-BIMK/Jer/10">10</a></li>
<li><a class="" href="/ind-BIMK/Jer/11">11</a></li>
<li><a class="" href="/ind-BIMK/Jer/12">12</a></li>
<li><a class="" href="/ind-BIMK/Jer/13">13</a></li>
<li><a class="" href="/ind-BIMK/Jer/14">14</a></li>
<li><a class="" href="/ind-BIMK/Jer/15">15</a></li>
<li><a class="" href="/ind-BIMK/Jer/16">16</a></li>
<li><a class="" href="/ind-BIMK/Jer/17">17</a></li>
<li><a class="" href="/ind-BIMK/Jer/18">18</a></li>
<li><a class="" href="/ind-BIMK/Jer/19">19</a></li>
<li><a class="" href="/ind-BIMK/Jer/20">20</a></li>
<li><a class="" href="/ind-BIMK/Jer/21">21</a></li>
<li><a class="" href="/ind-BIMK/Jer/22">22</a></li>
<li><a class="" href="/ind-BIMK/Jer/23">23</a></li>
<li><a class="" href="/ind-BIMK/Jer/24">24</a></li>
<li><a class="" href="/ind-BIMK/Jer/25">25</a></li>
<li><a class="" href="/ind-BIMK/Jer/26">26</a></li>
<li><a class="" href="/ind-BIMK/Jer/27">27</a></li>
<li><a class="" href="/ind-BIMK/Jer/28">28</a></li>
<li><a class="" href="/ind-BIMK/Jer/29">29</a></li>
<li><a class="" href="/ind-BIMK/Jer/30">30</a></li>
<li><a class="" href="/ind-BIMK/Jer/31">31</a></li>
<li><a class="" href="/ind-BIMK/Jer/32">32</a></li>
<li><a class="" href="/ind-BIMK/Jer/33">33</a></li>
<li><a class="" href="/ind-BIMK/Jer/34">34</a></li>
<li><a class="" href="/ind-BIMK/Jer/35">35</a></li>
<li><a class="" href="/ind-BIMK/Jer/36">36</a></li>
<li><a class="" href="/ind-BIMK/Jer/37">37</a></li>
<li><a class="" href="/ind-BIMK/Jer/38">38</a></li>
<li><a class="" href="/ind-BIMK/Jer/39">39</a></li>
<li><a class="" href="/ind-BIMK/Jer/40">40</a></li>
<li><a class="" href="/ind-BIMK/Jer/41">41</a></li>
<li><a class="" href="/ind-BIMK/Jer/42">42</a></li>
<li><a class="" href="/ind-BIMK/Jer/43">43</a></li>
<li><a class="" href="/ind-BIMK/Jer/44">44</a></li>
<li><a class="" href="/ind-BIMK/Jer/45">45</a></li>
<li><a class="" href="/ind-BIMK/Jer/46">46</a></li>
<li><a class="" href="/ind-BIMK/Jer/47">47</a></li>
<li><a class="" href="/ind-BIMK/Jer/48">48</a></li>
<li><a class="" href="/ind-BIMK/Jer/49">49</a></li>
<li><a class="" href="/ind-BIMK/Jer/50">50</a></li>
<li><a class="" href="/ind-BIMK/Jer/51">51</a></li>
<li><a class="" href="/ind-BIMK/Jer/52">52</a></li>
</ul></li>
<li id="Lam"><a data-ajax="false" data-no-loading="" href="/ind-BIMK/Lam#Lam">Ratapan <span class="icon-down-open-1"/></a>
<ul class="chapter hide"><li><a class="" href="/ind-BIMK/Lam/1">1</a></li>
<li><a class="" href="/ind-BIMK/Lam/2">2</a></li>
<li><a class="" href="/ind-BIMK/Lam/3">3</a></li>
<li><a class="" href="/ind-BIMK/Lam/4">4</a></li>
<li><a class="" href="/ind-BIMK/Lam/5">5</a></li>
</ul></li>
<li id="Ezek"><a data-ajax="false" data-no-loading="" href="/ind-BIMK/Ezek#Ezek">Yehezkiel <span class="icon-down-open-1"/></a>
<ul class="chapter hide"><li><a class="" href="/ind-BIMK/Ezek/1">1</a></li>
<li><a class="" href="/ind-BIMK/Ezek/2">2</a></li>
<li><a class="" href="/ind-BIMK/Ezek/3">3</a></li>
<li><a class="" href="/ind-BIMK/Ezek/4">4</a></li>
<li><a class="" href="/ind-BIMK/Ezek/5">5</a></li>
<li><a class="" href="/ind-BIMK/Ezek/6">6</a></li>
<li><a class="" href="/ind-BIMK/Ezek/7">7</a></li>
<li><a class="" href="/ind-BIMK/Ezek/8">8</a></li>
<li><a class="" href="/ind-BIMK/Ezek/9">9</a></li>
<li><a class="" href="/ind-BIMK/Ezek/10">10</a></li>
<li><a class="" href="/ind-BIMK/Ezek/11">11</a></li>
<li><a class="" href="/ind-BIMK/Ezek/12">12</a></li>
<li><a class="" href="/ind-BIMK/Ezek/13">13</a></li>
<li><a class="" href="/ind-BIMK/Ezek/14">14</a></li>
<li><a class="" href="/ind-BIMK/Ezek/15">15</a></li>
<li><a class="" href="/ind-BIMK/Ezek/16">16</a></li>
<li><a class="" href="/ind-BIMK/Ezek/17">17</a></li>
<li><a class="" href="/ind-BIMK/Ezek/18">18</a></li>
<li><a class="" href="/ind-BIMK/Ezek/19">19</a></li>
<li><a class="" href="/ind-BIMK/Ezek/20">20</a></li>
<li><a class="" href="/ind-BIMK/Ezek/21">21</a></li>
<li><a class="" href="/ind-BIMK/Ezek/22">22</a></li>
<li><a class="" href="/ind-BIMK/Ezek/23">23</a></li>
<li><a class="" href="/ind-BIMK/Ezek/24">24</a></li>
<li><a class="" href="/ind-BIMK/Ezek/25">25</a></li>
<li><a class="" href="/ind-BIMK/Ezek/26">26</a></li>
<li><a class="" href="/ind-BIMK/Ezek/27">27</a></li>
<li><a class="" href="/ind-BIMK/Ezek/28">28</a></li>
<li><a class="" href="/ind-BIMK/Ezek/29">29</a></li>
<li><a class="" href="/ind-BIMK/Ezek/30">30</a></li>
<li><a class="" href="/ind-BIMK/Ezek/31">31</a></li>
<li><a class="" href="/ind-BIMK/Ezek/32">32</a></li>
<li><a class="" href="/ind-BIMK/Ezek/33">33</a></li>
<li><a class="" href="/ind-BIMK/Ezek/34">34</a></li>
<li><a class="" href="/ind-BIMK/Ezek/35">35</a></li>
<li><a class="" href="/ind-BIMK/Ezek/36">36</a></li>
<li><a class="" href="/ind-BIMK/Ezek/37">37</a></li>
<li><a class="" href="/ind-BIMK/Ezek/38">38</a></li>
<li><a class="" href="/ind-BIMK/Ezek/39">39</a></li>
<li><a class="" href="/ind-BIMK/Ezek/40">40</a></li>
<li><a class="" href="/ind-BIMK/Ezek/41">41</a></li>
<li><a class="" href="/ind-BIMK/Ezek/42">42</a></li>
<li><a class="" href="/ind-BIMK/Ezek/43">43</a></li>
<li><a class="" href="/ind-BIMK/Ezek/44">44</a></li>
<li><a class="" href="/ind-BIMK/Ezek/45">45</a></li>
<li><a class="" href="/ind-BIMK/Ezek/46">46</a></li>
<li><a class="" href="/ind-BIMK/Ezek/47">47</a></li>
<li><a class="" href="/ind-BIMK/Ezek/48">48</a></li>
</ul></li>
<li id="Dan"><a data-ajax="false" data-no-loading="" href="/ind-BIMK/Dan#Dan">Daniel <span class="icon-down-open-1"/></a>
<ul class="chapter hide"><li><a class="" href="/ind-BIMK/Dan/1">1</a></li>
<li><a class="" href="/ind-BIMK/Dan/2">2</a></li>
<li><a class="" href="/ind-BIMK/Dan/3">3</a></li>
<li><a class="" href="/ind-BIMK/Dan/4">4</a></li>
<li><a class="" href="/ind-BIMK/Dan/5">5</a></li>
<li><a class="" href="/ind-BIMK/Dan/6">6</a></li>
<li><a class="" href="/ind-BIMK/Dan/7">7</a></li>
<li><a class="" href="/ind-BIMK/Dan/8">8</a></li>
<li><a class="" href="/ind-BIMK/Dan/9">9</a></li>
<li><a class="" href="/ind-BIMK/Dan/10">10</a></li>
<li><a class="" href="/ind-BIMK/Dan/11">11</a></li>
<li><a class="" href="/ind-BIMK/Dan/12">12</a></li>
</ul></li>
<li id="Hos"><a data-ajax="false" data-no-loading="" href="/ind-BIMK/Hos#Hos">Hosea <span class="icon-down-open-1"/></a>
<ul class="chapter hide"><li><a class="" href="/ind-BIMK/Hos/1">1</a></li>
<li><a class="" href="/ind-BIMK/Hos/2">2</a></li>
<li><a class="" href="/ind-BIMK/Hos/3">3</a></li>
<li><a class="" href="/ind-BIMK/Hos/4">4</a></li>
<li><a class="" href="/ind-BIMK/Hos/5">5</a></li>
<li><a class="" href="/ind-BIMK/Hos/6">6</a></li>
<li><a class="" href="/ind-BIMK/Hos/7">7</a></li>
<li><a class="" href="/ind-BIMK/Hos/8">8</a></li>
<li><a class="" href="/ind-BIMK/Hos/9">9</a></li>
<li><a class="" href="/ind-BIMK/Hos/10">10</a></li>
<li><a class="" href="/ind-BIMK/Hos/11">11</a></li>
<li><a class="" href="/ind-BIMK/Hos/12">12</a></li>
<li><a class="" href="/ind-BIMK/Hos/13">13</a></li>
<li><a class="" href="/ind-BIMK/Hos/14">14</a></li>
</ul></li>
<li id="Joel"><a data-ajax="false" data-no-loading="" href="/ind-BIMK/Joel#Joel">Yo&#195;&#171;l <span class="icon-down-open-1"/></a>
<ul class="chapter hide"><li><a class="" href="/ind-BIMK/Joel/1">1</a></li>
<li><a class="" href="/ind-BIMK/Joel/2">2</a></li>
<li><a class="" href="/ind-BIMK/Joel/3">3</a></li>
</ul></li>
<li id="Amos"><a data-ajax="false" data-no-loading="" href="/ind-BIMK/Amos#Amos">Amos <span class="icon-down-open-1"/></a>
<ul class="chapter hide"><li><a class="" href="/ind-BIMK/Amos/1">1</a></li>
<li><a class="" href="/ind-BIMK/Amos/2">2</a></li>
<li><a class="" href="/ind-BIMK/Amos/3">3</a></li>
<li><a class="" href="/ind-BIMK/Amos/4">4</a></li>
<li><a class="" href="/ind-BIMK/Amos/5">5</a></li>
<li><a class="" href="/ind-BIMK/Amos/6">6</a></li>
<li><a class="" href="/ind-BIMK/Amos/7">7</a></li>
<li><a class="" href="/ind-BIMK/Amos/8">8</a></li>
<li><a class="" href="/ind-BIMK/Amos/9">9</a></li>
</ul></li>
<li id="Obad"><a data-ajax="false" data-no-loading="" href="/ind-BIMK/Obad#Obad">Obaja <span class="icon-down-open-1"/></a>
<ul class="chapter hide"><li><a class="" href="/ind-BIMK/Obad/1">1</a></li>
</ul></li>
<li id="Jonah"><a data-ajax="false" data-no-loading="" href="/ind-BIMK/Jonah#Jonah">Yunus <span class="icon-down-open-1"/></a>
<ul class="chapter hide"><li><a class="" href="/ind-BIMK/Jonah/1">1</a></li>
<li><a class="" href="/ind-BIMK/Jonah/2">2</a></li>
<li><a class="" href="/ind-BIMK/Jonah/3">3</a></li>
<li><a class="" href="/ind-BIMK/Jonah/4">4</a></li>
</ul></li>
<li id="Mic"><a data-ajax="false" data-no-loading="" href="/ind-BIMK/Mic#Mic">Mikha <span class="icon-down-open-1"/></a>
<ul class="chapter hide"><li><a class="" href="/ind-BIMK/Mic/1">1</a></li>
<li><a class="" href="/ind-BIMK/Mic/2">2</a></li>
<li><a class="" href="/ind-BIMK/Mic/3">3</a></li>
<li><a class="" href="/ind-BIMK/Mic/4">4</a></li>
<li><a class="" href="/ind-BIMK/Mic/5">5</a></li>
<li><a class="" href="/ind-BIMK/Mic/6">6</a></li>
<li><a class="" href="/ind-BIMK/Mic/7">7</a></li>
</ul></li>
<li id="Nah"><a data-ajax="false" data-no-loading="" href="/ind-BIMK/Nah#Nah">Nahum <span class="icon-down-open-1"/></a>
<ul class="chapter hide"><li><a class="" href="/ind-BIMK/Nah/1">1</a></li>
<li><a class="" href="/ind-BIMK/Nah/2">2</a></li>
<li><a class="" href="/ind-BIMK/Nah/3">3</a></li>
</ul></li>
<li id="Hab"><a data-ajax="false" data-no-loading="" href="/ind-BIMK/Hab#Hab">Habakuk <span class="icon-down-open-1"/></a>
<ul class="chapter hide"><li><a class="" href="/ind-BIMK/Hab/1">1</a></li>
<li><a class="" href="/ind-BIMK/Hab/2">2</a></li>
<li><a class="" href="/ind-BIMK/Hab/3">3</a></li>
</ul></li>
<li id="Zeph"><a data-ajax="false" data-no-loading="" href="/ind-BIMK/Zeph#Zeph">Zefanya <span class="icon-down-open-1"/></a>
<ul class="chapter hide"><li><a class="" href="/ind-BIMK/Zeph/1">1</a></li>
<li><a class="" href="/ind-BIMK/Zeph/2">2</a></li>
<li><a class="" href="/ind-BIMK/Zeph/3">3</a></li>
</ul></li>
<li id="Hag"><a data-ajax="false" data-no-loading="" href="/ind-BIMK/Hag#Hag">Hagai <span class="icon-down-open-1"/></a>
<ul class="chapter hide"><li><a class="" href="/ind-BIMK/Hag/1">1</a></li>
<li><a class="" href="/ind-BIMK/Hag/2">2</a></li>
</ul></li>
<li id="Zech"><a data-ajax="false" data-no-loading="" href="/ind-BIMK/Zech#Zech">Zakharia <span class="icon-down-open-1"/></a>
<ul class="chapter hide"><li><a class="" href="/ind-BIMK/Zech/1">1</a></li>
<li><a class="" href="/ind-BIMK/Zech/2">2</a></li>
<li><a class="" href="/ind-BIMK/Zech/3">3</a></li>
<li><a class="" href="/ind-BIMK/Zech/4">4</a></li>
<li><a class="" href="/ind-BIMK/Zech/5">5</a></li>
<li><a class="" href="/ind-BIMK/Zech/6">6</a></li>
<li><a class="" href="/ind-BIMK/Zech/7">7</a></li>
<li><a class="" href="/ind-BIMK/Zech/8">8</a></li>
<li><a class="" href="/ind-BIMK/Zech/9">9</a></li>
<li><a class="" href="/ind-BIMK/Zech/10">10</a></li>
<li><a class="" href="/ind-BIMK/Zech/11">11</a></li>
<li><a class="" href="/ind-BIMK/Zech/12">12</a></li>
<li><a class="" href="/ind-BIMK/Zech/13">13</a></li>
<li><a class="" href="/ind-BIMK/Zech/14">14</a></li>
</ul></li>
<li id="Mal"><a data-ajax="false" data-no-loading="" href="/ind-BIMK/Mal#Mal">Maleakhi <span class="icon-down-open-1"/></a>
<ul class="chapter hide"><li><a class="" href="/ind-BIMK/Mal/1">1</a></li>
<li><a class="" href="/ind-BIMK/Mal/2">2</a></li>
<li><a class="" href="/ind-BIMK/Mal/3">3</a></li>
<li><a class="" href="/ind-BIMK/Mal/4">4</a></li>
</ul></li>
<li id="Matt"><a data-ajax="false" data-no-loading="" href="/ind-BIMK/Matt#Matt">Matius <span class="icon-down-open-1"/></a>
<ul class="chapter hide"><li><a class="" href="/ind-BIMK/Matt/1">1</a></li>
<li><a class="" href="/ind-BIMK/Matt/2">2</a></li>
<li><a class="" href="/ind-BIMK/Matt/3">3</a></li>
<li><a class="" href="/ind-BIMK/Matt/4">4</a></li>
<li><a class="" href="/ind-BIMK/Matt/5">5</a></li>
<li><a class="" href="/ind-BIMK/Matt/6">6</a></li>
<li><a class="" href="/ind-BIMK/Matt/7">7</a></li>
<li><a class="" href="/ind-BIMK/Matt/8">8</a></li>
<li><a class="" href="/ind-BIMK/Matt/9">9</a></li>
<li><a class="" href="/ind-BIMK/Matt/10">10</a></li>
<li><a class="" href="/ind-BIMK/Matt/11">11</a></li>
<li><a class="" href="/ind-BIMK/Matt/12">12</a></li>
<li><a class="" href="/ind-BIMK/Matt/13">13</a></li>
<li><a class="" href="/ind-BIMK/Matt/14">14</a></li>
<li><a class="" href="/ind-BIMK/Matt/15">15</a></li>
<li><a class="" href="/ind-BIMK/Matt/16">16</a></li>
<li><a class="" href="/ind-BIMK/Matt/17">17</a></li>
<li><a class="" href="/ind-BIMK/Matt/18">18</a></li>
<li><a class="" href="/ind-BIMK/Matt/19">19</a></li>
<li><a class="" href="/ind-BIMK/Matt/20">20</a></li>
<li><a class="" href="/ind-BIMK/Matt/21">21</a></li>
<li><a class="" href="/ind-BIMK/Matt/22">22</a></li>
<li><a class="" href="/ind-BIMK/Matt/23">23</a></li>
<li><a class="" href="/ind-BIMK/Matt/24">24</a></li>
<li><a class="" href="/ind-BIMK/Matt/25">25</a></li>
<li><a class="" href="/ind-BIMK/Matt/26">26</a></li>
<li><a class="" href="/ind-BIMK/Matt/27">27</a></li>
<li><a class="" href="/ind-BIMK/Matt/28">28</a></li>
</ul></li>
<li id="Mark"><a data-ajax="false" data-no-loading="" href="/ind-BIMK/Mark#Mark">Markus <span class="icon-down-open-1"/></a>
<ul class="chapter hide"><li><a class="" href="/ind-BIMK/Mark/1">1</a></li>
<li><a class="" href="/ind-BIMK/Mark/2">2</a></li>
<li><a class="" href="/ind-BIMK/Mark/3">3</a></li>
<li><a class="" href="/ind-BIMK/Mark/4">4</a></li>
<li><a class="" href="/ind-BIMK/Mark/5">5</a></li>
<li><a class="" href="/ind-BIMK/Mark/6">6</a></li>
<li><a class="" href="/ind-BIMK/Mark/7">7</a></li>
<li><a class="" href="/ind-BIMK/Mark/8">8</a></li>
<li><a class="" href="/ind-BIMK/Mark/9">9</a></li>
<li><a class="" href="/ind-BIMK/Mark/10">10</a></li>
<li><a class="" href="/ind-BIMK/Mark/11">11</a></li>
<li><a class="" href="/ind-BIMK/Mark/12">12</a></li>
<li><a class="" href="/ind-BIMK/Mark/13">13</a></li>
<li><a class="" href="/ind-BIMK/Mark/14">14</a></li>
<li><a class="" href="/ind-BIMK/Mark/15">15</a></li>
<li><a class="" href="/ind-BIMK/Mark/16">16</a></li>
</ul></li>
<li id="Luke"><a data-ajax="false" data-no-loading="" href="/ind-BIMK/Luke#Luke">Lukas <span class="icon-down-open-1"/></a>
<ul class="chapter hide"><li><a class="" href="/ind-BIMK/Luke/1">1</a></li>
<li><a class="" href="/ind-BIMK/Luke/2">2</a></li>
<li><a class="" href="/ind-BIMK/Luke/3">3</a></li>
<li><a class="" href="/ind-BIMK/Luke/4">4</a></li>
<li><a class="" href="/ind-BIMK/Luke/5">5</a></li>
<li><a class="" href="/ind-BIMK/Luke/6">6</a></li>
<li><a class="" href="/ind-BIMK/Luke/7">7</a></li>
<li><a class="" href="/ind-BIMK/Luke/8">8</a></li>
<li><a class="" href="/ind-BIMK/Luke/9">9</a></li>
<li><a class="" href="/ind-BIMK/Luke/10">10</a></li>
<li><a class="" href="/ind-BIMK/Luke/11">11</a></li>
<li><a class="" href="/ind-BIMK/Luke/12">12</a></li>
<li><a class="" href="/ind-BIMK/Luke/13">13</a></li>
<li><a class="" href="/ind-BIMK/Luke/14">14</a></li>
<li><a class="" href="/ind-BIMK/Luke/15">15</a></li>
<li><a class="" href="/ind-BIMK/Luke/16">16</a></li>
<li><a class="" href="/ind-BIMK/Luke/17">17</a></li>
<li><a class="" href="/ind-BIMK/Luke/18">18</a></li>
<li><a class="" href="/ind-BIMK/Luke/19">19</a></li>
<li><a class="" href="/ind-BIMK/Luke/20">20</a></li>
<li><a class="" href="/ind-BIMK/Luke/21">21</a></li>
<li><a class="" href="/ind-BIMK/Luke/22">22</a></li>
<li><a class="" href="/ind-BIMK/Luke/23">23</a></li>
<li><a class="" href="/ind-BIMK/Luke/24">24</a></li>
</ul></li>
<li id="John"><a data-ajax="false" data-no-loading="" href="/ind-BIMK/John#John">Yohanes <span class="icon-down-open-1"/></a>
<ul class="chapter hide"><li><a class="" href="/ind-BIMK/John/1">1</a></li>
<li><a class="" href="/ind-BIMK/John/2">2</a></li>
<li><a class="" href="/ind-BIMK/John/3">3</a></li>
<li><a class="" href="/ind-BIMK/John/4">4</a></li>
<li><a class="" href="/ind-BIMK/John/5">5</a></li>
<li><a class="" href="/ind-BIMK/John/6">6</a></li>
<li><a class="" href="/ind-BIMK/John/7">7</a></li>
<li><a class="" href="/ind-BIMK/John/8">8</a></li>
<li><a class="" href="/ind-BIMK/John/9">9</a></li>
<li><a class="" href="/ind-BIMK/John/10">10</a></li>
<li><a class="" href="/ind-BIMK/John/11">11</a></li>
<li><a class="" href="/ind-BIMK/John/12">12</a></li>
<li><a class="" href="/ind-BIMK/John/13">13</a></li>
<li><a class="" href="/ind-BIMK/John/14">14</a></li>
<li><a class="" href="/ind-BIMK/John/15">15</a></li>
<li><a class="" href="/ind-BIMK/John/16">16</a></li>
<li><a class="" href="/ind-BIMK/John/17">17</a></li>
<li><a class="" href="/ind-BIMK/John/18">18</a></li>
<li><a class="" href="/ind-BIMK/John/19">19</a></li>
<li><a class="" href="/ind-BIMK/John/20">20</a></li>
<li><a class="" href="/ind-BIMK/John/21">21</a></li>
</ul></li>
<li id="Acts"><a data-ajax="false" data-no-loading="" href="/ind-BIMK/Acts#Acts">Kisah Para Rasul <span class="icon-down-open-1"/></a>
<ul class="chapter hide"><li><a class="" href="/ind-BIMK/Acts/1">1</a></li>
<li><a class="" href="/ind-BIMK/Acts/2">2</a></li>
<li><a class="" href="/ind-BIMK/Acts/3">3</a></li>
<li><a class="" href="/ind-BIMK/Acts/4">4</a></li>
<li><a class="" href="/ind-BIMK/Acts/5">5</a></li>
<li><a class="" href="/ind-BIMK/Acts/6">6</a></li>
<li><a class="" href="/ind-BIMK/Acts/7">7</a></li>
<li><a class="" href="/ind-BIMK/Acts/8">8</a></li>
<li><a class="" href="/ind-BIMK/Acts/9">9</a></li>
<li><a class="" href="/ind-BIMK/Acts/10">10</a></li>
<li><a class="" href="/ind-BIMK/Acts/11">11</a></li>
<li><a class="" href="/ind-BIMK/Acts/12">12</a></li>
<li><a class="" href="/ind-BIMK/Acts/13">13</a></li>
<li><a class="" href="/ind-BIMK/Acts/14">14</a></li>
<li><a class="" href="/ind-BIMK/Acts/15">15</a></li>
<li><a class="" href="/ind-BIMK/Acts/16">16</a></li>
<li><a class="" href="/ind-BIMK/Acts/17">17</a></li>
<li><a class="" href="/ind-BIMK/Acts/18">18</a></li>
<li><a class="" href="/ind-BIMK/Acts/19">19</a></li>
<li><a class="" href="/ind-BIMK/Acts/20">20</a></li>
<li><a class="" href="/ind-BIMK/Acts/21">21</a></li>
<li><a class="" href="/ind-BIMK/Acts/22">22</a></li>
<li><a class="" href="/ind-BIMK/Acts/23">23</a></li>
<li><a class="" href="/ind-BIMK/Acts/24">24</a></li>
<li><a class="" href="/ind-BIMK/Acts/25">25</a></li>
<li><a class="" href="/ind-BIMK/Acts/26">26</a></li>
<li><a class="" href="/ind-BIMK/Acts/27">27</a></li>
<li><a class="" href="/ind-BIMK/Acts/28">28</a></li>
</ul></li>
<li id="Rom"><a data-ajax="false" data-no-loading="" href="/ind-BIMK/Rom#Rom">Roma <span class="icon-down-open-1"/></a>
<ul class="chapter hide"><li><a class="" href="/ind-BIMK/Rom/1">1</a></li>
<li><a class="" href="/ind-BIMK/Rom/2">2</a></li>
<li><a class="" href="/ind-BIMK/Rom/3">3</a></li>
<li><a class="" href="/ind-BIMK/Rom/4">4</a></li>
<li><a class="" href="/ind-BIMK/Rom/5">5</a></li>
<li><a class="" href="/ind-BIMK/Rom/6">6</a></li>
<li><a class="" href="/ind-BIMK/Rom/7">7</a></li>
<li><a class="" href="/ind-BIMK/Rom/8">8</a></li>
<li><a class="" href="/ind-BIMK/Rom/9">9</a></li>
<li><a class="" href="/ind-BIMK/Rom/10">10</a></li>
<li><a class="" href="/ind-BIMK/Rom/11">11</a></li>
<li><a class="" href="/ind-BIMK/Rom/12">12</a></li>
<li><a class="" href="/ind-BIMK/Rom/13">13</a></li>
<li><a class="" href="/ind-BIMK/Rom/14">14</a></li>
<li><a class="" href="/ind-BIMK/Rom/15">15</a></li>
<li><a class="" href="/ind-BIMK/Rom/16">16</a></li>
</ul></li>
<li id="1Cor"><a data-ajax="false" data-no-loading="" href="/ind-BIMK/1Cor#1Cor">1 Korintus <span class="icon-down-open-1"/></a>
<ul class="chapter hide"><li><a class="" href="/ind-BIMK/1Cor/1">1</a></li>
<li><a class="" href="/ind-BIMK/1Cor/2">2</a></li>
<li><a class="" href="/ind-BIMK/1Cor/3">3</a></li>
<li><a class="" href="/ind-BIMK/1Cor/4">4</a></li>
<li><a class="" href="/ind-BIMK/1Cor/5">5</a></li>
<li><a class="" href="/ind-BIMK/1Cor/6">6</a></li>
<li><a class="" href="/ind-BIMK/1Cor/7">7</a></li>
<li><a class="" href="/ind-BIMK/1Cor/8">8</a></li>
<li><a class="" href="/ind-BIMK/1Cor/9">9</a></li>
<li><a class="" href="/ind-BIMK/1Cor/10">10</a></li>
<li><a class="" href="/ind-BIMK/1Cor/11">11</a></li>
<li><a class="" href="/ind-BIMK/1Cor/12">12</a></li>
<li><a class="" href="/ind-BIMK/1Cor/13">13</a></li>
<li><a class="" href="/ind-BIMK/1Cor/14">14</a></li>
<li><a class="" href="/ind-BIMK/1Cor/15">15</a></li>
<li><a class="" href="/ind-BIMK/1Cor/16">16</a></li>
</ul></li>
<li id="2Cor"><a data-ajax="false" data-no-loading="" href="/ind-BIMK/2Cor#2Cor">2 Korintus <span class="icon-down-open-1"/></a>
<ul class="chapter hide"><li><a class="" href="/ind-BIMK/2Cor/1">1</a></li>
<li><a class="" href="/ind-BIMK/2Cor/2">2</a></li>
<li><a class="" href="/ind-BIMK/2Cor/3">3</a></li>
<li><a class="" href="/ind-BIMK/2Cor/4">4</a></li>
<li><a class="" href="/ind-BIMK/2Cor/5">5</a></li>
<li><a class="" href="/ind-BIMK/2Cor/6">6</a></li>
<li><a class="" href="/ind-BIMK/2Cor/7">7</a></li>
<li><a class="" href="/ind-BIMK/2Cor/8">8</a></li>
<li><a class="" href="/ind-BIMK/2Cor/9">9</a></li>
<li><a class="" href="/ind-BIMK/2Cor/10">10</a></li>
<li><a class="" href="/ind-BIMK/2Cor/11">11</a></li>
<li><a class="" href="/ind-BIMK/2Cor/12">12</a></li>
<li><a class="" href="/ind-BIMK/2Cor/13">13</a></li>
</ul></li>
<li id="Gal"><a data-ajax="false" data-no-loading="" href="/ind-BIMK/Gal#Gal">Galatia <span class="icon-down-open-1"/></a>
<ul class="chapter hide"><li><a class="" href="/ind-BIMK/Gal/1">1</a></li>
<li><a class="" href="/ind-BIMK/Gal/2">2</a></li>
<li><a class="" href="/ind-BIMK/Gal/3">3</a></li>
<li><a class="" href="/ind-BIMK/Gal/4">4</a></li>
<li><a class="" href="/ind-BIMK/Gal/5">5</a></li>
<li><a class="" href="/ind-BIMK/Gal/6">6</a></li>
</ul></li>
<li id="Eph"><a data-ajax="false" data-no-loading="" href="/ind-BIMK/Eph#Eph">Ef <span class="icon-down-open-1"/></a>
<ul class="chapter hide"><li><a class="" href="/ind-BIMK/Eph/1">1</a></li>
<li><a class="" href="/ind-BIMK/Eph/2">2</a></li>
<li><a class="" href="/ind-BIMK/Eph/3">3</a></li>
<li><a class="" href="/ind-BIMK/Eph/4">4</a></li>
<li><a class="" href="/ind-BIMK/Eph/5">5</a></li>
<li><a class="" href="/ind-BIMK/Eph/6">6</a></li>
</ul></li>
<li id="Phil"><a data-ajax="false" data-no-loading="" href="/ind-BIMK/Phil#Phil">Filipi <span class="icon-down-open-1"/></a>
<ul class="chapter hide"><li><a class="" href="/ind-BIMK/Phil/1">1</a></li>
<li><a class="" href="/ind-BIMK/Phil/2">2</a></li>
<li><a class="" href="/ind-BIMK/Phil/3">3</a></li>
<li><a class="" href="/ind-BIMK/Phil/4">4</a></li>
</ul></li>
<li id="Col"><a data-ajax="false" data-no-loading="" href="/ind-BIMK/Col#Col">Kolose <span class="icon-down-open-1"/></a>
<ul class="chapter hide"><li><a class="" href="/ind-BIMK/Col/1">1</a></li>
<li><a class="" href="/ind-BIMK/Col/2">2</a></li>
<li><a class="" href="/ind-BIMK/Col/3">3</a></li>
<li><a class="" href="/ind-BIMK/Col/4">4</a></li>
</ul></li>
<li id="1Thess"><a data-ajax="false" data-no-loading="" href="/ind-BIMK/1Thess#1Thess">1 Tesalonika <span class="icon-down-open-1"/></a>
<ul class="chapter hide"><li><a class="" href="/ind-BIMK/1Thess/1">1</a></li>
<li><a class="" href="/ind-BIMK/1Thess/2">2</a></li>
<li><a class="" href="/ind-BIMK/1Thess/3">3</a></li>
<li><a class="" href="/ind-BIMK/1Thess/4">4</a></li>
<li><a class="" href="/ind-BIMK/1Thess/5">5</a></li>
</ul></li>
<li id="2Thess"><a data-ajax="false" data-no-loading="" href="/ind-BIMK/2Thess#2Thess">2 Tesalonika <span class="icon-down-open-1"/></a>
<ul class="chapter hide"><li><a class="" href="/ind-BIMK/2Thess/1">1</a></li>
<li><a class="" href="/ind-BIMK/2Thess/2">2</a></li>
<li><a class="" href="/ind-BIMK/2Thess/3">3</a></li>
</ul></li>
<li id="1Tim"><a data-ajax="false" data-no-loading="" href="/ind-BIMK/1Tim#1Tim">1 Timotius <span class="icon-down-open-1"/></a>
<ul class="chapter hide"><li><a class="" href="/ind-BIMK/1Tim/1">1</a></li>
<li><a class="" href="/ind-BIMK/1Tim/2">2</a></li>
<li><a class="" href="/ind-BIMK/1Tim/3">3</a></li>
<li><a class="" href="/ind-BIMK/1Tim/4">4</a></li>
<li><a class="" href="/ind-BIMK/1Tim/5">5</a></li>
<li><a class="" href="/ind-BIMK/1Tim/6">6</a></li>
</ul></li>
<li id="2Tim"><a data-ajax="false" data-no-loading="" href="/ind-BIMK/2Tim#2Tim">2 Timotius <span class="icon-down-open-1"/></a>
<ul class="chapter hide"><li><a class="" href="/ind-BIMK/2Tim/1">1</a></li>
<li><a class="" href="/ind-BIMK/2Tim/2">2</a></li>
<li><a class="" href="/ind-BIMK/2Tim/3">3</a></li>
<li><a class="" href="/ind-BIMK/2Tim/4">4</a></li>
</ul></li>
<li id="Titus"><a data-ajax="false" data-no-loading="" href="/ind-BIMK/Titus#Titus">Titus <span class="icon-down-open-1"/></a>
<ul class="chapter hide"><li><a class="" href="/ind-BIMK/Titus/1">1</a></li>
<li><a class="" href="/ind-BIMK/Titus/2">2</a></li>
<li><a class="" href="/ind-BIMK/Titus/3">3</a></li>
</ul></li>
<li id="Phlm"><a data-ajax="false" data-no-loading="" href="/ind-BIMK/Phlm#Phlm">Filemon <span class="icon-down-open-1"/></a>
<ul class="chapter hide"><li><a class="" href="/ind-BIMK/Phlm/1">1</a></li>
</ul></li>
<li id="Heb"><a data-ajax="false" data-no-loading="" href="/ind-BIMK/Heb#Heb">Ibrani <span class="icon-down-open-1"/></a>
<ul class="chapter hide"><li><a class="" href="/ind-BIMK/Heb/1">1</a></li>
<li><a class="" href="/ind-BIMK/Heb/2">2</a></li>
<li><a class="" href="/ind-BIMK/Heb/3">3</a></li>
<li><a class="" href="/ind-BIMK/Heb/4">4</a></li>
<li><a class="" href="/ind-BIMK/Heb/5">5</a></li>
<li><a class="" href="/ind-BIMK/Heb/6">6</a></li>
<li><a class="" href="/ind-BIMK/Heb/7">7</a></li>
<li><a class="" href="/ind-BIMK/Heb/8">8</a></li>
<li><a class="" href="/ind-BIMK/Heb/9">9</a></li>
<li><a class="" href="/ind-BIMK/Heb/10">10</a></li>
<li><a class="" href="/ind-BIMK/Heb/11">11</a></li>
<li><a class="" href="/ind-BIMK/Heb/12">12</a></li>
<li><a class="" href="/ind-BIMK/Heb/13">13</a></li>
</ul></li>
<li id="Jas"><a data-ajax="false" data-no-loading="" href="/ind-BIMK/Jas#Jas">Yakobus <span class="icon-down-open-1"/></a>
<ul class="chapter hide"><li><a class="" href="/ind-BIMK/Jas/1">1</a></li>
<li><a class="" href="/ind-BIMK/Jas/2">2</a></li>
<li><a class="" href="/ind-BIMK/Jas/3">3</a></li>
<li><a class="" href="/ind-BIMK/Jas/4">4</a></li>
<li><a class="" href="/ind-BIMK/Jas/5">5</a></li>
</ul></li>
<li id="1Pet"><a data-ajax="false" data-no-loading="" href="/ind-BIMK/1Pet#1Pet">1 Petrus <span class="icon-down-open-1"/></a>
<ul class="chapter hide"><li><a class="" href="/ind-BIMK/1Pet/1">1</a></li>
<li><a class="" href="/ind-BIMK/1Pet/2">2</a></li>
<li><a class="" href="/ind-BIMK/1Pet/3">3</a></li>
<li><a class="" href="/ind-BIMK/1Pet/4">4</a></li>
<li><a class="" href="/ind-BIMK/1Pet/5">5</a></li>
</ul></li>
<li id="2Pet"><a data-ajax="false" data-no-loading="" href="/ind-BIMK/2Pet#2Pet">2 Petrus <span class="icon-down-open-1"/></a>
<ul class="chapter hide"><li><a class="" href="/ind-BIMK/2Pet/1">1</a></li>
<li><a class="" href="/ind-BIMK/2Pet/2">2</a></li>
<li><a class="" href="/ind-BIMK/2Pet/3">3</a></li>
</ul></li>
<li id="1John"><a data-ajax="false" data-no-loading="" href="/ind-BIMK/1John#1John">1 Yohanes <span class="icon-down-open-1"/></a>
<ul class="chapter hide"><li><a class="" href="/ind-BIMK/1John/1">1</a></li>
<li><a class="" href="/ind-BIMK/1John/2">2</a></li>
<li><a class="" href="/ind-BIMK/1John/3">3</a></li>
<li><a class="" href="/ind-BIMK/1John/4">4</a></li>
<li><a class="" href="/ind-BIMK/1John/5">5</a></li>
</ul></li>
<li id="2John"><a data-ajax="false" data-no-loading="" href="/ind-BIMK/2John#2John">2 Yohanes <span class="icon-down-open-1"/></a>
<ul class="chapter hide"><li><a class="" href="/ind-BIMK/2John/1">1</a></li>
</ul></li>
<li id="3John"><a data-ajax="false" data-no-loading="" href="/ind-BIMK/3John#3John">3 Yohanes <span class="icon-down-open-1"/></a>
<ul class="chapter hide"><li><a class="" href="/ind-BIMK/3John/1">1</a></li>
</ul></li>
<li id="Jude"><a data-ajax="false" data-no-loading="" href="/ind-BIMK/Jude#Jude">Yudas <span class="icon-down-open-1"/></a>
<ul class="chapter hide"><li><a class="" href="/ind-BIMK/Jude/1">1</a></li>
</ul></li>
<li id="Rev"><a data-ajax="false" data-no-loading="" href="/ind-BIMK/Rev#Rev">Wahyu <span class="icon-down-open-1"/></a>
<ul class="chapter hide"><li><a class="" href="/ind-BIMK/Rev/1">1</a></li>
<li><a class="" href="/ind-BIMK/Rev/2">2</a></li>
<li><a class="" href="/ind-BIMK/Rev/3">3</a></li>
<li><a class="" href="/ind-BIMK/Rev/4">4</a></li>
<li><a class="" href="/ind-BIMK/Rev/5">5</a></li>
<li><a class="" href="/ind-BIMK/Rev/6">6</a></li>
<li><a class="" href="/ind-BIMK/Rev/7">7</a></li>
<li><a class="" href="/ind-BIMK/Rev/8">8</a></li>
<li><a class="" href="/ind-BIMK/Rev/9">9</a></li>
<li><a class="" href="/ind-BIMK/Rev/10">10</a></li>
<li><a class="" href="/ind-BIMK/Rev/11">11</a></li>
<li><a class="" href="/ind-BIMK/Rev/12">12</a></li>
<li><a class="" href="/ind-BIMK/Rev/13">13</a></li>
<li><a class="" href="/ind-BIMK/Rev/14">14</a></li>
<li><a class="" href="/ind-BIMK/Rev/15">15</a></li>
<li><a class="" href="/ind-BIMK/Rev/16">16</a></li>
<li><a class="" href="/ind-BIMK/Rev/17">17</a></li>
<li><a class="" href="/ind-BIMK/Rev/18">18</a></li>
<li><a class="" href="/ind-BIMK/Rev/19">19</a></li>
<li><a class="" href="/ind-BIMK/Rev/20">20</a></li>
<li><a class="" href="/ind-BIMK/Rev/21">21</a></li>
<li><a class="" href="/ind-BIMK/Rev/22">22</a></li>
</ul></li>
</ul></div>
</div>
<script src="//ajax.googleapis.com/ajax/libs/jquery/1.7.1/jquery.min.js"/><script><![CDATA[window.jQuery||document.write('<script src="/javascripts/libraries/jquery-1.7.1.min.js"><\/script>')]]></script><script src="/javascripts/libraries/underscore-min.js"/><script src="/i18n-include/uistrings-i18n-en.js"/><script src="/javascripts/ABS.common.js"/><script src="//d2ue49q0mum86x.cloudfront.net/include/sa.c.js"/><script src="/javascripts/ABS.verseSelector.js"/><script src="/javascripts/mobile/ABS.m.js"/><script src="/javascripts/mobile/libraries/jquery.mobile.custom.min.js"/><!-- end scripts--><!-- Debugger - remove for production --><!-- <script src="https://getfirebug.com/firebug-lite.js"></script> --><!-- Google Analytics Tracking Code --><script><![CDATA[var _gaq=_gaq||[];_gaq.push(['_setAccount','UA-2342140-34']);_gaq.push(['_setAllowLinker',true]);_gaq.push(['_setAllowHash',false]);_gaq.push(['_trackPageview']);_gaq.push(['_trackPageLoadTime']);_gaq.push(['t2._setAccount','UA-2342140-14']);_gaq.push(['t2._setDomainName','none']);_gaq.push(['t2._setAllowLinker',true]);_gaq.push(['t2._setAllowHash',false]);_gaq.push(['t2._trackPageview']);_gaq.push(['t2._trackPageLoadTime']);_gaq.push(['t3._setAccount','UA-2342140-17']);_gaq.push(['t3._setDomainName','none']);_gaq.push(['t3._setAllowLinker',true]);_gaq.push(['t3._setAllowHash',false]);_gaq.push(['t3._trackPageview']);_gaq.push(['t3._trackPageLoadTime']);(function(){var ga=document.createElement('script');ga.type='text/javascript';ga.async=true;ga.src=('https:'==document.location.protocol?'https://ssl':'http://www')+'.google-analytics.com/ga.js';var s=document.getElementsByTagName('script')[0];s.parentNode.insertBefore(ga,s);})();]]></script></body>
</html>
