<?xml version="1.0" encoding="ascii" standalone="yes"?>
<!DOCTYPE html>
<!-- Conditional comment for mobile ie7 blogs.msdn.com/b/iemobile/ -->
<!--[if IEMobile 7 ]>    <html class="no-js iem7" lang="en"> <![endif]-->
<!--[if (gt IEMobile 7)|!(IEMobile)]><!-->
<html class="no-js" lang="en">
<!--<![endif]-->
  <head>
    <meta charset="utf-8"/>
    <title>Bible Search</title>
    <meta name="description" content=""/>
<!-- Mobile viewport optimization h5bp.com/ad -->
    <meta name="HandheldFriendly" content="True"/>
    <meta name="MobileOptimized" content="320"/>
    <meta name="viewport" content="width=device-width, initial-scale=1"/>
    <meta name="apple-mobile-web-app-capable" content="yes"/>
    <meta name="apple-mobile-web-app-status-bar-style" content="black"/>
<!-- Icon Fonts -->
    <link rel="stylesheet" href="http://m.bibles.org/css/mobile/A.fontello.css.pagespeed.cf.qUOK4Bt9wR.css"/>
<!--[if IE 7]>
  <link rel="stylesheet" href="/css/mobile/fontello-ie7.css"><![endif]-->
<!-- Home screen icon  Mathias Bynens mathiasbynens.be/notes/touch-icons -->
<!-- For iPhone 4 with high-resolution Retina display: -->
    <link rel="apple-touch-icon" sizes="114x114" href="http://m.bibles.org/images/magglass_icon_sharethumbnail-square.png.pagespeed.ce.1pleF6ZLFL.png"/>
<!-- For first-generation iPad: -->
    <link rel="apple-touch-icon" sizes="72x72" href="http://m.bibles.org/images/magglass_icon_sharethumbnail-square.png.pagespeed.ce.1pleF6ZLFL.png"/>
<!-- For non-Retina iPhone, iPod Touch, and Android 2.1+ devices: -->
    <link rel="apple-touch-icon" href="http://m.bibles.org/images/magglass_icon_sharethumbnail-square.png.pagespeed.ce.1pleF6ZLFL.png"/>
<!-- For nokia devices: -->
    <link rel="shortcut icon" href="/images/bsearch_fav.png"/>
<!-- iOS web app, delete if not needed. https://github.com/h5bp/mobile-boilerplate/issues/94 -->
<!-- <script>(function(){var a;if(navigator.platform==="iPad"){a=window.orientation!==90||window.orientation===-90?"img/startup-tablet-landscape.png":"img/startup-tablet-portrait.png"}else{a=window.devicePixelRatio===2?"img/startup-retina.png":"img/startup.png"}document.write('<link rel="apple-touch-startup-image" href="'+a+'"/>')})()</script> -->
<!-- The script prevents links from opening in mobile safari. https://gist.github.com/1042026 -->
<!-- <script>(function(a,b,c){if(c in b&&b[c]){var d,e=a.location,f=/^(a|html)$/i;a.addEventListener("click",function(a){d=a.target;while(!f.test(d.nodeName))d=d.parentNode;"href"in d&&(d.href.indexOf("http")||~d.href.indexOf(e.host))&&(a.preventDefault(),e.href=d.href)},!1)}})(document,window.navigator,"standalone")</script> -->
<!-- Mobile IE allows us to activate ClearType technology for smoothing fonts for easy reading -->
    <meta http-equiv="cleartype" content="on"/>
<!-- more tags for your 'head' to consider h5bp.com/d/head-Tips -->
<!-- Main Stylesheet -->
    <link rel="stylesheet" href="http://m.bibles.org/css/A.mobile,,_jquery.mobile.custom.structure.min.css+mobile,,_style.css+base.css,Mcc.Zg0DR7xsCn.css.pagespeed.cf.cIbz3pofCJ.css"/>
<!-- All JavaScript at the bottom, except for Modernizr which enables HTML5 elements & feature detects -->
    <script src="http://m.bibles.org/javascripts/libraries/modernizr-2.0.6.min.js.pagespeed.jm.5bYgYJ7VCY.js"/>
  </head>
  <body>
<div id="fb-root"/>
<script><![CDATA[window.fbAsyncInit=function(){FB.init({appId:'201616226536206',status:true,cookie:true,xfbml:true});if('undefined'!==typeof _ga){_ga.trackFacebook();}};(function(d){var js,id='facebook-jssdk',ref=d.getElementsByTagName('script')[0];if(d.getElementById(id)){return;}
js=d.createElement('script');js.id=id;js.async=true;js.src="//connect.facebook.net/en_US/all.js";ref.parentNode.insertBefore(js,ref);}(document));]]></script><div id="browse" data-role="page" data-url="/yal-YALB">
<div id="menuMask" style="display:none;"/>
<div id="menu">
<div class="container">
<header class="search"><form class="search-form" action="/search/" data-ajax="false">
<span id="menu-search-icon" class="icon-search-1 search-input-icon"/><input class="menusearch" type="search" placeholder="keyword or reference" name="query"/><input type="hidden" name="vg" value="these"/><input type="hidden" name="version[]" value="eng-GNTD"/><div class="cancel"><a class="btn-dark" href="#">Cancel</a></div>
</form>
</header><div id="main" role="main">
<div id="mainnav">
<ul><li><a href="/"><span class="icon icon-home-1"/>Home</a></li>
<li><a href="/eng-GNTD"><span class="icon icon-book-open"/>Browse</a></li>
<li><a href="/account/passageHistory/"><span class="icon icon-clock"/>Passage History</a></li>
<li><a href="/share/?url=http%3A%2F%2Fbibles.org%2Fyal-YALB"><span class="icon icon-share"/>Share</a></li>
</ul></div>
<div id="subnav">
<ul><li><a href="/account/settings">Settings</a></li>
<li><a href="/account/login">Login</a></li>
<li><a data-ajax="false" href="/swap?sendTo=http%3A%2F%2Fbibles.org%2Fyal-YALB">Desktop Site</a></li>
<li><a href="/pages/about">About</a></li>
</ul></div>
<div class="abs-copyright-legal">
<p>&#169; 2013 American Bible Society</p>
<p>
<a href="/pages/privacy">Privacy Policy</a>
|
<a href="/pages/terms-and-conditions">Terms and Conditions</a>
</p>
</div>
</div>
</div>
</div>
<div id="container">
<header><div class="menu"><a href="/menu/" class="nav-menu-button"><span class="icon-align-justify"/><strong>Menu</strong></a></div>
<div class="version"><a class="btn-dark" href="/yal-YALB/compare">KITABUNA</a></div>
<div class="title">Browse</div>
</header><div class="alphabetical">
<form action="http://m.bibles.org/yal-YALB">
<label for="alpha-book-order">Alphabetical</label>
<input type="checkbox" id="alpha-book-order" name="alpha" value="1"/></form>
</div>
<ul class="book"><li id="Gen"><a data-ajax="false" data-no-loading="" href="/yal-YALB/Gen#Gen">Dunu&#201;&#178;a F&#201;&#148;l&#201;&#148;na <span class="icon-down-open-1"/></a>
<ul class="chapter hide"><li><a class="book-intro" href="/yal-YALB/Gen/int">Intro</a></li>
<li><a class="" href="/yal-YALB/Gen/1">1</a></li>
<li><a class="" href="/yal-YALB/Gen/2">2</a></li>
<li><a class="" href="/yal-YALB/Gen/3">3</a></li>
<li><a class="" href="/yal-YALB/Gen/4">4</a></li>
<li><a class="" href="/yal-YALB/Gen/5">5</a></li>
<li><a class="" href="/yal-YALB/Gen/6">6</a></li>
<li><a class="" href="/yal-YALB/Gen/7">7</a></li>
<li><a class="" href="/yal-YALB/Gen/8">8</a></li>
<li><a class="" href="/yal-YALB/Gen/9">9</a></li>
<li><a class="" href="/yal-YALB/Gen/10">10</a></li>
<li><a class="" href="/yal-YALB/Gen/11">11</a></li>
<li><a class="" href="/yal-YALB/Gen/12">12</a></li>
<li><a class="" href="/yal-YALB/Gen/13">13</a></li>
<li><a class="" href="/yal-YALB/Gen/14">14</a></li>
<li><a class="" href="/yal-YALB/Gen/15">15</a></li>
<li><a class="" href="/yal-YALB/Gen/16">16</a></li>
<li><a class="" href="/yal-YALB/Gen/17">17</a></li>
<li><a class="" href="/yal-YALB/Gen/18">18</a></li>
<li><a class="" href="/yal-YALB/Gen/19">19</a></li>
<li><a class="" href="/yal-YALB/Gen/20">20</a></li>
<li><a class="" href="/yal-YALB/Gen/21">21</a></li>
<li><a class="" href="/yal-YALB/Gen/22">22</a></li>
<li><a class="" href="/yal-YALB/Gen/23">23</a></li>
<li><a class="" href="/yal-YALB/Gen/24">24</a></li>
<li><a class="" href="/yal-YALB/Gen/25">25</a></li>
<li><a class="" href="/yal-YALB/Gen/26">26</a></li>
<li><a class="" href="/yal-YALB/Gen/27">27</a></li>
<li><a class="" href="/yal-YALB/Gen/28">28</a></li>
<li><a class="" href="/yal-YALB/Gen/29">29</a></li>
<li><a class="" href="/yal-YALB/Gen/30">30</a></li>
<li><a class="" href="/yal-YALB/Gen/31">31</a></li>
<li><a class="" href="/yal-YALB/Gen/32">32</a></li>
<li><a class="" href="/yal-YALB/Gen/33">33</a></li>
<li><a class="" href="/yal-YALB/Gen/34">34</a></li>
<li><a class="" href="/yal-YALB/Gen/35">35</a></li>
<li><a class="" href="/yal-YALB/Gen/36">36</a></li>
<li><a class="" href="/yal-YALB/Gen/37">37</a></li>
<li><a class="" href="/yal-YALB/Gen/38">38</a></li>
<li><a class="" href="/yal-YALB/Gen/39">39</a></li>
<li><a class="" href="/yal-YALB/Gen/40">40</a></li>
<li><a class="" href="/yal-YALB/Gen/41">41</a></li>
<li><a class="" href="/yal-YALB/Gen/42">42</a></li>
<li><a class="" href="/yal-YALB/Gen/43">43</a></li>
<li><a class="" href="/yal-YALB/Gen/44">44</a></li>
<li><a class="" href="/yal-YALB/Gen/45">45</a></li>
<li><a class="" href="/yal-YALB/Gen/46">46</a></li>
<li><a class="" href="/yal-YALB/Gen/47">47</a></li>
<li><a class="" href="/yal-YALB/Gen/48">48</a></li>
<li><a class="" href="/yal-YALB/Gen/49">49</a></li>
<li><a class="" href="/yal-YALB/Gen/50">50</a></li>
</ul></li>
<li id="Exod"><a data-ajax="false" data-no-loading="" href="/yal-YALB/Exod#Exod">X&#201;&#148;r&#201;&#148;yana <span class="icon-down-open-1"/></a>
<ul class="chapter hide"><li><a class="book-intro" href="/yal-YALB/Exod/int">Intro</a></li>
<li><a class="" href="/yal-YALB/Exod/1">1</a></li>
<li><a class="" href="/yal-YALB/Exod/2">2</a></li>
<li><a class="" href="/yal-YALB/Exod/3">3</a></li>
<li><a class="" href="/yal-YALB/Exod/4">4</a></li>
<li><a class="" href="/yal-YALB/Exod/5">5</a></li>
<li><a class="" href="/yal-YALB/Exod/6">6</a></li>
<li><a class="" href="/yal-YALB/Exod/7">7</a></li>
<li><a class="" href="/yal-YALB/Exod/8">8</a></li>
<li><a class="" href="/yal-YALB/Exod/9">9</a></li>
<li><a class="" href="/yal-YALB/Exod/10">10</a></li>
<li><a class="" href="/yal-YALB/Exod/11">11</a></li>
<li><a class="" href="/yal-YALB/Exod/12">12</a></li>
<li><a class="" href="/yal-YALB/Exod/13">13</a></li>
<li><a class="" href="/yal-YALB/Exod/14">14</a></li>
<li><a class="" href="/yal-YALB/Exod/15">15</a></li>
<li><a class="" href="/yal-YALB/Exod/16">16</a></li>
<li><a class="" href="/yal-YALB/Exod/17">17</a></li>
<li><a class="" href="/yal-YALB/Exod/18">18</a></li>
<li><a class="" href="/yal-YALB/Exod/19">19</a></li>
<li><a class="" href="/yal-YALB/Exod/20">20</a></li>
<li><a class="" href="/yal-YALB/Exod/21">21</a></li>
<li><a class="" href="/yal-YALB/Exod/22">22</a></li>
<li><a class="" href="/yal-YALB/Exod/23">23</a></li>
<li><a class="" href="/yal-YALB/Exod/24">24</a></li>
<li><a class="" href="/yal-YALB/Exod/25">25</a></li>
<li><a class="" href="/yal-YALB/Exod/26">26</a></li>
<li><a class="" href="/yal-YALB/Exod/27">27</a></li>
<li><a class="" href="/yal-YALB/Exod/28">28</a></li>
<li><a class="" href="/yal-YALB/Exod/29">29</a></li>
<li><a class="" href="/yal-YALB/Exod/30">30</a></li>
<li><a class="" href="/yal-YALB/Exod/31">31</a></li>
<li><a class="" href="/yal-YALB/Exod/32">32</a></li>
<li><a class="" href="/yal-YALB/Exod/33">33</a></li>
<li><a class="" href="/yal-YALB/Exod/34">34</a></li>
<li><a class="" href="/yal-YALB/Exod/35">35</a></li>
<li><a class="" href="/yal-YALB/Exod/36">36</a></li>
<li><a class="" href="/yal-YALB/Exod/37">37</a></li>
<li><a class="" href="/yal-YALB/Exod/38">38</a></li>
<li><a class="" href="/yal-YALB/Exod/39">39</a></li>
<li><a class="" href="/yal-YALB/Exod/40">40</a></li>
</ul></li>
<li id="Lev"><a data-ajax="false" data-no-loading="" href="/yal-YALB/Lev#Lev">Saraxaraline <span class="icon-down-open-1"/></a>
<ul class="chapter hide"><li><a class="book-intro" href="/yal-YALB/Lev/int">Intro</a></li>
<li><a class="" href="/yal-YALB/Lev/1">1</a></li>
<li><a class="" href="/yal-YALB/Lev/2">2</a></li>
<li><a class="" href="/yal-YALB/Lev/3">3</a></li>
<li><a class="" href="/yal-YALB/Lev/4">4</a></li>
<li><a class="" href="/yal-YALB/Lev/5">5</a></li>
<li><a class="" href="/yal-YALB/Lev/6">6</a></li>
<li><a class="" href="/yal-YALB/Lev/7">7</a></li>
<li><a class="" href="/yal-YALB/Lev/8">8</a></li>
<li><a class="" href="/yal-YALB/Lev/9">9</a></li>
<li><a class="" href="/yal-YALB/Lev/10">10</a></li>
<li><a class="" href="/yal-YALB/Lev/11">11</a></li>
<li><a class="" href="/yal-YALB/Lev/12">12</a></li>
<li><a class="" href="/yal-YALB/Lev/13">13</a></li>
<li><a class="" href="/yal-YALB/Lev/14">14</a></li>
<li><a class="" href="/yal-YALB/Lev/15">15</a></li>
<li><a class="" href="/yal-YALB/Lev/16">16</a></li>
<li><a class="" href="/yal-YALB/Lev/17">17</a></li>
<li><a class="" href="/yal-YALB/Lev/18">18</a></li>
<li><a class="" href="/yal-YALB/Lev/19">19</a></li>
<li><a class="" href="/yal-YALB/Lev/20">20</a></li>
<li><a class="" href="/yal-YALB/Lev/21">21</a></li>
<li><a class="" href="/yal-YALB/Lev/22">22</a></li>
<li><a class="" href="/yal-YALB/Lev/23">23</a></li>
<li><a class="" href="/yal-YALB/Lev/24">24</a></li>
<li><a class="" href="/yal-YALB/Lev/25">25</a></li>
<li><a class="" href="/yal-YALB/Lev/26">26</a></li>
<li><a class="" href="/yal-YALB/Lev/27">27</a></li>
</ul></li>
<li id="Num"><a data-ajax="false" data-no-loading="" href="/yal-YALB/Num#Num">Yat&#201;&#155;ne <span class="icon-down-open-1"/></a>
<ul class="chapter hide"><li><a class="book-intro" href="/yal-YALB/Num/int">Intro</a></li>
<li><a class="" href="/yal-YALB/Num/1">1</a></li>
<li><a class="" href="/yal-YALB/Num/2">2</a></li>
<li><a class="" href="/yal-YALB/Num/3">3</a></li>
<li><a class="" href="/yal-YALB/Num/4">4</a></li>
<li><a class="" href="/yal-YALB/Num/5">5</a></li>
<li><a class="" href="/yal-YALB/Num/6">6</a></li>
<li><a class="" href="/yal-YALB/Num/7">7</a></li>
<li><a class="" href="/yal-YALB/Num/8">8</a></li>
<li><a class="" href="/yal-YALB/Num/9">9</a></li>
<li><a class="" href="/yal-YALB/Num/10">10</a></li>
<li><a class="" href="/yal-YALB/Num/11">11</a></li>
<li><a class="" href="/yal-YALB/Num/12">12</a></li>
<li><a class="" href="/yal-YALB/Num/13">13</a></li>
<li><a class="" href="/yal-YALB/Num/14">14</a></li>
<li><a class="" href="/yal-YALB/Num/15">15</a></li>
<li><a class="" href="/yal-YALB/Num/16">16</a></li>
<li><a class="" href="/yal-YALB/Num/17">17</a></li>
<li><a class="" href="/yal-YALB/Num/18">18</a></li>
<li><a class="" href="/yal-YALB/Num/19">19</a></li>
<li><a class="" href="/yal-YALB/Num/20">20</a></li>
<li><a class="" href="/yal-YALB/Num/21">21</a></li>
<li><a class="" href="/yal-YALB/Num/22">22</a></li>
<li><a class="" href="/yal-YALB/Num/23">23</a></li>
<li><a class="" href="/yal-YALB/Num/24">24</a></li>
<li><a class="" href="/yal-YALB/Num/25">25</a></li>
<li><a class="" href="/yal-YALB/Num/26">26</a></li>
<li><a class="" href="/yal-YALB/Num/27">27</a></li>
<li><a class="" href="/yal-YALB/Num/28">28</a></li>
<li><a class="" href="/yal-YALB/Num/29">29</a></li>
<li><a class="" href="/yal-YALB/Num/30">30</a></li>
<li><a class="" href="/yal-YALB/Num/31">31</a></li>
<li><a class="" href="/yal-YALB/Num/32">32</a></li>
<li><a class="" href="/yal-YALB/Num/33">33</a></li>
<li><a class="" href="/yal-YALB/Num/34">34</a></li>
<li><a class="" href="/yal-YALB/Num/35">35</a></li>
<li><a class="" href="/yal-YALB/Num/36">36</a></li>
</ul></li>
<li id="Deut"><a data-ajax="false" data-no-loading="" href="/yal-YALB/Deut#Deut">Sariyane <span class="icon-down-open-1"/></a>
<ul class="chapter hide"><li><a class="book-intro" href="/yal-YALB/Deut/int">Intro</a></li>
<li><a class="" href="/yal-YALB/Deut/1">1</a></li>
<li><a class="" href="/yal-YALB/Deut/2">2</a></li>
<li><a class="" href="/yal-YALB/Deut/3">3</a></li>
<li><a class="" href="/yal-YALB/Deut/4">4</a></li>
<li><a class="" href="/yal-YALB/Deut/5">5</a></li>
<li><a class="" href="/yal-YALB/Deut/6">6</a></li>
<li><a class="" href="/yal-YALB/Deut/7">7</a></li>
<li><a class="" href="/yal-YALB/Deut/8">8</a></li>
<li><a class="" href="/yal-YALB/Deut/9">9</a></li>
<li><a class="" href="/yal-YALB/Deut/10">10</a></li>
<li><a class="" href="/yal-YALB/Deut/11">11</a></li>
<li><a class="" href="/yal-YALB/Deut/12">12</a></li>
<li><a class="" href="/yal-YALB/Deut/13">13</a></li>
<li><a class="" href="/yal-YALB/Deut/14">14</a></li>
<li><a class="" href="/yal-YALB/Deut/15">15</a></li>
<li><a class="" href="/yal-YALB/Deut/16">16</a></li>
<li><a class="" href="/yal-YALB/Deut/17">17</a></li>
<li><a class="" href="/yal-YALB/Deut/18">18</a></li>
<li><a class="" href="/yal-YALB/Deut/19">19</a></li>
<li><a class="" href="/yal-YALB/Deut/20">20</a></li>
<li><a class="" href="/yal-YALB/Deut/21">21</a></li>
<li><a class="" href="/yal-YALB/Deut/22">22</a></li>
<li><a class="" href="/yal-YALB/Deut/23">23</a></li>
<li><a class="" href="/yal-YALB/Deut/24">24</a></li>
<li><a class="" href="/yal-YALB/Deut/25">25</a></li>
<li><a class="" href="/yal-YALB/Deut/26">26</a></li>
<li><a class="" href="/yal-YALB/Deut/27">27</a></li>
<li><a class="" href="/yal-YALB/Deut/28">28</a></li>
<li><a class="" href="/yal-YALB/Deut/29">29</a></li>
<li><a class="" href="/yal-YALB/Deut/30">30</a></li>
<li><a class="" href="/yal-YALB/Deut/31">31</a></li>
<li><a class="" href="/yal-YALB/Deut/32">32</a></li>
<li><a class="" href="/yal-YALB/Deut/33">33</a></li>
<li><a class="" href="/yal-YALB/Deut/34">34</a></li>
</ul></li>
<li id="Josh"><a data-ajax="false" data-no-loading="" href="/yal-YALB/Josh#Josh">Yosuwe <span class="icon-down-open-1"/></a>
<ul class="chapter hide"><li><a class="book-intro" href="/yal-YALB/Josh/int">Intro</a></li>
<li><a class="" href="/yal-YALB/Josh/1">1</a></li>
<li><a class="" href="/yal-YALB/Josh/2">2</a></li>
<li><a class="" href="/yal-YALB/Josh/3">3</a></li>
<li><a class="" href="/yal-YALB/Josh/4">4</a></li>
<li><a class="" href="/yal-YALB/Josh/5">5</a></li>
<li><a class="" href="/yal-YALB/Josh/6">6</a></li>
<li><a class="" href="/yal-YALB/Josh/7">7</a></li>
<li><a class="" href="/yal-YALB/Josh/8">8</a></li>
<li><a class="" href="/yal-YALB/Josh/9">9</a></li>
<li><a class="" href="/yal-YALB/Josh/10">10</a></li>
<li><a class="" href="/yal-YALB/Josh/11">11</a></li>
<li><a class="" href="/yal-YALB/Josh/12">12</a></li>
<li><a class="" href="/yal-YALB/Josh/13">13</a></li>
<li><a class="" href="/yal-YALB/Josh/14">14</a></li>
<li><a class="" href="/yal-YALB/Josh/15">15</a></li>
<li><a class="" href="/yal-YALB/Josh/16">16</a></li>
<li><a class="" href="/yal-YALB/Josh/17">17</a></li>
<li><a class="" href="/yal-YALB/Josh/18">18</a></li>
<li><a class="" href="/yal-YALB/Josh/19">19</a></li>
<li><a class="" href="/yal-YALB/Josh/20">20</a></li>
<li><a class="" href="/yal-YALB/Josh/21">21</a></li>
<li><a class="" href="/yal-YALB/Josh/22">22</a></li>
<li><a class="" href="/yal-YALB/Josh/23">23</a></li>
<li><a class="" href="/yal-YALB/Josh/24">24</a></li>
</ul></li>
<li id="Judg"><a data-ajax="false" data-no-loading="" href="/yal-YALB/Judg#Judg">Kitisane <span class="icon-down-open-1"/></a>
<ul class="chapter hide"><li><a class="book-intro" href="/yal-YALB/Judg/int">Intro</a></li>
<li><a class="" href="/yal-YALB/Judg/1">1</a></li>
<li><a class="" href="/yal-YALB/Judg/2">2</a></li>
<li><a class="" href="/yal-YALB/Judg/3">3</a></li>
<li><a class="" href="/yal-YALB/Judg/4">4</a></li>
<li><a class="" href="/yal-YALB/Judg/5">5</a></li>
<li><a class="" href="/yal-YALB/Judg/6">6</a></li>
<li><a class="" href="/yal-YALB/Judg/7">7</a></li>
<li><a class="" href="/yal-YALB/Judg/8">8</a></li>
<li><a class="" href="/yal-YALB/Judg/9">9</a></li>
<li><a class="" href="/yal-YALB/Judg/10">10</a></li>
<li><a class="" href="/yal-YALB/Judg/11">11</a></li>
<li><a class="" href="/yal-YALB/Judg/12">12</a></li>
<li><a class="" href="/yal-YALB/Judg/13">13</a></li>
<li><a class="" href="/yal-YALB/Judg/14">14</a></li>
<li><a class="" href="/yal-YALB/Judg/15">15</a></li>
<li><a class="" href="/yal-YALB/Judg/16">16</a></li>
<li><a class="" href="/yal-YALB/Judg/17">17</a></li>
<li><a class="" href="/yal-YALB/Judg/18">18</a></li>
<li><a class="" href="/yal-YALB/Judg/19">19</a></li>
<li><a class="" href="/yal-YALB/Judg/20">20</a></li>
<li><a class="" href="/yal-YALB/Judg/21">21</a></li>
</ul></li>
<li id="Ruth"><a data-ajax="false" data-no-loading="" href="/yal-YALB/Ruth#Ruth">Ruti <span class="icon-down-open-1"/></a>
<ul class="chapter hide"><li><a class="book-intro" href="/yal-YALB/Ruth/int">Intro</a></li>
<li><a class="" href="/yal-YALB/Ruth/1">1</a></li>
<li><a class="" href="/yal-YALB/Ruth/2">2</a></li>
<li><a class="" href="/yal-YALB/Ruth/3">3</a></li>
<li><a class="" href="/yal-YALB/Ruth/4">4</a></li>
</ul></li>
<li id="1Sam"><a data-ajax="false" data-no-loading="" href="/yal-YALB/1Sam#1Sam">Samuy&#201;&#155;li Singena <span class="icon-down-open-1"/></a>
<ul class="chapter hide"><li><a class="book-intro" href="/yal-YALB/1Sam/int">Intro</a></li>
<li><a class="" href="/yal-YALB/1Sam/1">1</a></li>
<li><a class="" href="/yal-YALB/1Sam/2">2</a></li>
<li><a class="" href="/yal-YALB/1Sam/3">3</a></li>
<li><a class="" href="/yal-YALB/1Sam/4">4</a></li>
<li><a class="" href="/yal-YALB/1Sam/5">5</a></li>
<li><a class="" href="/yal-YALB/1Sam/6">6</a></li>
<li><a class="" href="/yal-YALB/1Sam/7">7</a></li>
<li><a class="" href="/yal-YALB/1Sam/8">8</a></li>
<li><a class="" href="/yal-YALB/1Sam/9">9</a></li>
<li><a class="" href="/yal-YALB/1Sam/10">10</a></li>
<li><a class="" href="/yal-YALB/1Sam/11">11</a></li>
<li><a class="" href="/yal-YALB/1Sam/12">12</a></li>
<li><a class="" href="/yal-YALB/1Sam/13">13</a></li>
<li><a class="" href="/yal-YALB/1Sam/14">14</a></li>
<li><a class="" href="/yal-YALB/1Sam/15">15</a></li>
<li><a class="" href="/yal-YALB/1Sam/16">16</a></li>
<li><a class="" href="/yal-YALB/1Sam/17">17</a></li>
<li><a class="" href="/yal-YALB/1Sam/18">18</a></li>
<li><a class="" href="/yal-YALB/1Sam/19">19</a></li>
<li><a class="" href="/yal-YALB/1Sam/20">20</a></li>
<li><a class="" href="/yal-YALB/1Sam/21">21</a></li>
<li><a class="" href="/yal-YALB/1Sam/22">22</a></li>
<li><a class="" href="/yal-YALB/1Sam/23">23</a></li>
<li><a class="" href="/yal-YALB/1Sam/24">24</a></li>
<li><a class="" href="/yal-YALB/1Sam/25">25</a></li>
<li><a class="" href="/yal-YALB/1Sam/26">26</a></li>
<li><a class="" href="/yal-YALB/1Sam/27">27</a></li>
<li><a class="" href="/yal-YALB/1Sam/28">28</a></li>
<li><a class="" href="/yal-YALB/1Sam/29">29</a></li>
<li><a class="" href="/yal-YALB/1Sam/30">30</a></li>
<li><a class="" href="/yal-YALB/1Sam/31">31</a></li>
</ul></li>
<li id="2Sam"><a data-ajax="false" data-no-loading="" href="/yal-YALB/2Sam#2Sam">Samuy&#201;&#155;li Firindena <span class="icon-down-open-1"/></a>
<ul class="chapter hide"><li><a class="book-intro" href="/yal-YALB/2Sam/int">Intro</a></li>
<li><a class="" href="/yal-YALB/2Sam/1">1</a></li>
<li><a class="" href="/yal-YALB/2Sam/2">2</a></li>
<li><a class="" href="/yal-YALB/2Sam/3">3</a></li>
<li><a class="" href="/yal-YALB/2Sam/4">4</a></li>
<li><a class="" href="/yal-YALB/2Sam/5">5</a></li>
<li><a class="" href="/yal-YALB/2Sam/6">6</a></li>
<li><a class="" href="/yal-YALB/2Sam/7">7</a></li>
<li><a class="" href="/yal-YALB/2Sam/8">8</a></li>
<li><a class="" href="/yal-YALB/2Sam/9">9</a></li>
<li><a class="" href="/yal-YALB/2Sam/10">10</a></li>
<li><a class="" href="/yal-YALB/2Sam/11">11</a></li>
<li><a class="" href="/yal-YALB/2Sam/12">12</a></li>
<li><a class="" href="/yal-YALB/2Sam/13">13</a></li>
<li><a class="" href="/yal-YALB/2Sam/14">14</a></li>
<li><a class="" href="/yal-YALB/2Sam/15">15</a></li>
<li><a class="" href="/yal-YALB/2Sam/16">16</a></li>
<li><a class="" href="/yal-YALB/2Sam/17">17</a></li>
<li><a class="" href="/yal-YALB/2Sam/18">18</a></li>
<li><a class="" href="/yal-YALB/2Sam/19">19</a></li>
<li><a class="" href="/yal-YALB/2Sam/20">20</a></li>
<li><a class="" href="/yal-YALB/2Sam/21">21</a></li>
<li><a class="" href="/yal-YALB/2Sam/22">22</a></li>
<li><a class="" href="/yal-YALB/2Sam/23">23</a></li>
<li><a class="" href="/yal-YALB/2Sam/24">24</a></li>
</ul></li>
<li id="1Kgs"><a data-ajax="false" data-no-loading="" href="/yal-YALB/1Kgs#1Kgs">Mangane Singena <span class="icon-down-open-1"/></a>
<ul class="chapter hide"><li><a class="book-intro" href="/yal-YALB/1Kgs/int">Intro</a></li>
<li><a class="" href="/yal-YALB/1Kgs/1">1</a></li>
<li><a class="" href="/yal-YALB/1Kgs/2">2</a></li>
<li><a class="" href="/yal-YALB/1Kgs/3">3</a></li>
<li><a class="" href="/yal-YALB/1Kgs/4">4</a></li>
<li><a class="" href="/yal-YALB/1Kgs/5">5</a></li>
<li><a class="" href="/yal-YALB/1Kgs/6">6</a></li>
<li><a class="" href="/yal-YALB/1Kgs/7">7</a></li>
<li><a class="" href="/yal-YALB/1Kgs/8">8</a></li>
<li><a class="" href="/yal-YALB/1Kgs/9">9</a></li>
<li><a class="" href="/yal-YALB/1Kgs/10">10</a></li>
<li><a class="" href="/yal-YALB/1Kgs/11">11</a></li>
<li><a class="" href="/yal-YALB/1Kgs/12">12</a></li>
<li><a class="" href="/yal-YALB/1Kgs/13">13</a></li>
<li><a class="" href="/yal-YALB/1Kgs/14">14</a></li>
<li><a class="" href="/yal-YALB/1Kgs/15">15</a></li>
<li><a class="" href="/yal-YALB/1Kgs/16">16</a></li>
<li><a class="" href="/yal-YALB/1Kgs/17">17</a></li>
<li><a class="" href="/yal-YALB/1Kgs/18">18</a></li>
<li><a class="" href="/yal-YALB/1Kgs/19">19</a></li>
<li><a class="" href="/yal-YALB/1Kgs/20">20</a></li>
<li><a class="" href="/yal-YALB/1Kgs/21">21</a></li>
<li><a class="" href="/yal-YALB/1Kgs/22">22</a></li>
</ul></li>
<li id="2Kgs"><a data-ajax="false" data-no-loading="" href="/yal-YALB/2Kgs#2Kgs">Mangane Firindena <span class="icon-down-open-1"/></a>
<ul class="chapter hide"><li><a class="book-intro" href="/yal-YALB/2Kgs/int">Intro</a></li>
<li><a class="" href="/yal-YALB/2Kgs/1">1</a></li>
<li><a class="" href="/yal-YALB/2Kgs/2">2</a></li>
<li><a class="" href="/yal-YALB/2Kgs/3">3</a></li>
<li><a class="" href="/yal-YALB/2Kgs/4">4</a></li>
<li><a class="" href="/yal-YALB/2Kgs/5">5</a></li>
<li><a class="" href="/yal-YALB/2Kgs/6">6</a></li>
<li><a class="" href="/yal-YALB/2Kgs/7">7</a></li>
<li><a class="" href="/yal-YALB/2Kgs/8">8</a></li>
<li><a class="" href="/yal-YALB/2Kgs/9">9</a></li>
<li><a class="" href="/yal-YALB/2Kgs/10">10</a></li>
<li><a class="" href="/yal-YALB/2Kgs/11">11</a></li>
<li><a class="" href="/yal-YALB/2Kgs/12">12</a></li>
<li><a class="" href="/yal-YALB/2Kgs/13">13</a></li>
<li><a class="" href="/yal-YALB/2Kgs/14">14</a></li>
<li><a class="" href="/yal-YALB/2Kgs/15">15</a></li>
<li><a class="" href="/yal-YALB/2Kgs/16">16</a></li>
<li><a class="" href="/yal-YALB/2Kgs/17">17</a></li>
<li><a class="" href="/yal-YALB/2Kgs/18">18</a></li>
<li><a class="" href="/yal-YALB/2Kgs/19">19</a></li>
<li><a class="" href="/yal-YALB/2Kgs/20">20</a></li>
<li><a class="" href="/yal-YALB/2Kgs/21">21</a></li>
<li><a class="" href="/yal-YALB/2Kgs/22">22</a></li>
<li><a class="" href="/yal-YALB/2Kgs/23">23</a></li>
<li><a class="" href="/yal-YALB/2Kgs/24">24</a></li>
<li><a class="" href="/yal-YALB/2Kgs/25">25</a></li>
</ul></li>
<li id="1Chr"><a data-ajax="false" data-no-loading="" href="/yal-YALB/1Chr#1Chr">Taruxune Singena <span class="icon-down-open-1"/></a>
<ul class="chapter hide"><li><a class="book-intro" href="/yal-YALB/1Chr/int">Intro</a></li>
<li><a class="" href="/yal-YALB/1Chr/1">1</a></li>
<li><a class="" href="/yal-YALB/1Chr/2">2</a></li>
<li><a class="" href="/yal-YALB/1Chr/3">3</a></li>
<li><a class="" href="/yal-YALB/1Chr/4">4</a></li>
<li><a class="" href="/yal-YALB/1Chr/5">5</a></li>
<li><a class="" href="/yal-YALB/1Chr/6">6</a></li>
<li><a class="" href="/yal-YALB/1Chr/7">7</a></li>
<li><a class="" href="/yal-YALB/1Chr/8">8</a></li>
<li><a class="" href="/yal-YALB/1Chr/9">9</a></li>
<li><a class="" href="/yal-YALB/1Chr/10">10</a></li>
<li><a class="" href="/yal-YALB/1Chr/11">11</a></li>
<li><a class="" href="/yal-YALB/1Chr/12">12</a></li>
<li><a class="" href="/yal-YALB/1Chr/13">13</a></li>
<li><a class="" href="/yal-YALB/1Chr/14">14</a></li>
<li><a class="" href="/yal-YALB/1Chr/15">15</a></li>
<li><a class="" href="/yal-YALB/1Chr/16">16</a></li>
<li><a class="" href="/yal-YALB/1Chr/17">17</a></li>
<li><a class="" href="/yal-YALB/1Chr/18">18</a></li>
<li><a class="" href="/yal-YALB/1Chr/19">19</a></li>
<li><a class="" href="/yal-YALB/1Chr/20">20</a></li>
<li><a class="" href="/yal-YALB/1Chr/21">21</a></li>
<li><a class="" href="/yal-YALB/1Chr/22">22</a></li>
<li><a class="" href="/yal-YALB/1Chr/23">23</a></li>
<li><a class="" href="/yal-YALB/1Chr/24">24</a></li>
<li><a class="" href="/yal-YALB/1Chr/25">25</a></li>
<li><a class="" href="/yal-YALB/1Chr/26">26</a></li>
<li><a class="" href="/yal-YALB/1Chr/27">27</a></li>
<li><a class="" href="/yal-YALB/1Chr/28">28</a></li>
<li><a class="" href="/yal-YALB/1Chr/29">29</a></li>
</ul></li>
<li id="2Chr"><a data-ajax="false" data-no-loading="" href="/yal-YALB/2Chr#2Chr">Taruxune Firindena <span class="icon-down-open-1"/></a>
<ul class="chapter hide"><li><a class="book-intro" href="/yal-YALB/2Chr/int">Intro</a></li>
<li><a class="" href="/yal-YALB/2Chr/1">1</a></li>
<li><a class="" href="/yal-YALB/2Chr/2">2</a></li>
<li><a class="" href="/yal-YALB/2Chr/3">3</a></li>
<li><a class="" href="/yal-YALB/2Chr/4">4</a></li>
<li><a class="" href="/yal-YALB/2Chr/5">5</a></li>
<li><a class="" href="/yal-YALB/2Chr/6">6</a></li>
<li><a class="" href="/yal-YALB/2Chr/7">7</a></li>
<li><a class="" href="/yal-YALB/2Chr/8">8</a></li>
<li><a class="" href="/yal-YALB/2Chr/9">9</a></li>
<li><a class="" href="/yal-YALB/2Chr/10">10</a></li>
<li><a class="" href="/yal-YALB/2Chr/11">11</a></li>
<li><a class="" href="/yal-YALB/2Chr/12">12</a></li>
<li><a class="" href="/yal-YALB/2Chr/13">13</a></li>
<li><a class="" href="/yal-YALB/2Chr/14">14</a></li>
<li><a class="" href="/yal-YALB/2Chr/15">15</a></li>
<li><a class="" href="/yal-YALB/2Chr/16">16</a></li>
<li><a class="" href="/yal-YALB/2Chr/17">17</a></li>
<li><a class="" href="/yal-YALB/2Chr/18">18</a></li>
<li><a class="" href="/yal-YALB/2Chr/19">19</a></li>
<li><a class="" href="/yal-YALB/2Chr/20">20</a></li>
<li><a class="" href="/yal-YALB/2Chr/21">21</a></li>
<li><a class="" href="/yal-YALB/2Chr/22">22</a></li>
<li><a class="" href="/yal-YALB/2Chr/23">23</a></li>
<li><a class="" href="/yal-YALB/2Chr/24">24</a></li>
<li><a class="" href="/yal-YALB/2Chr/25">25</a></li>
<li><a class="" href="/yal-YALB/2Chr/26">26</a></li>
<li><a class="" href="/yal-YALB/2Chr/27">27</a></li>
<li><a class="" href="/yal-YALB/2Chr/28">28</a></li>
<li><a class="" href="/yal-YALB/2Chr/29">29</a></li>
<li><a class="" href="/yal-YALB/2Chr/30">30</a></li>
<li><a class="" href="/yal-YALB/2Chr/31">31</a></li>
<li><a class="" href="/yal-YALB/2Chr/32">32</a></li>
<li><a class="" href="/yal-YALB/2Chr/33">33</a></li>
<li><a class="" href="/yal-YALB/2Chr/34">34</a></li>
<li><a class="" href="/yal-YALB/2Chr/35">35</a></li>
<li><a class="" href="/yal-YALB/2Chr/36">36</a></li>
</ul></li>
<li id="Ezra"><a data-ajax="false" data-no-loading="" href="/yal-YALB/Ezra#Ezra">Esirasi <span class="icon-down-open-1"/></a>
<ul class="chapter hide"><li><a class="book-intro" href="/yal-YALB/Ezra/int">Intro</a></li>
<li><a class="" href="/yal-YALB/Ezra/1">1</a></li>
<li><a class="" href="/yal-YALB/Ezra/2">2</a></li>
<li><a class="" href="/yal-YALB/Ezra/3">3</a></li>
<li><a class="" href="/yal-YALB/Ezra/4">4</a></li>
<li><a class="" href="/yal-YALB/Ezra/5">5</a></li>
<li><a class="" href="/yal-YALB/Ezra/6">6</a></li>
<li><a class="" href="/yal-YALB/Ezra/7">7</a></li>
<li><a class="" href="/yal-YALB/Ezra/8">8</a></li>
<li><a class="" href="/yal-YALB/Ezra/9">9</a></li>
<li><a class="" href="/yal-YALB/Ezra/10">10</a></li>
</ul></li>
<li id="Neh"><a data-ajax="false" data-no-loading="" href="/yal-YALB/Neh#Neh">Neyemi <span class="icon-down-open-1"/></a>
<ul class="chapter hide"><li><a class="book-intro" href="/yal-YALB/Neh/int">Intro</a></li>
<li><a class="" href="/yal-YALB/Neh/1">1</a></li>
<li><a class="" href="/yal-YALB/Neh/2">2</a></li>
<li><a class="" href="/yal-YALB/Neh/3">3</a></li>
<li><a class="" href="/yal-YALB/Neh/4">4</a></li>
<li><a class="" href="/yal-YALB/Neh/5">5</a></li>
<li><a class="" href="/yal-YALB/Neh/6">6</a></li>
<li><a class="" href="/yal-YALB/Neh/7">7</a></li>
<li><a class="" href="/yal-YALB/Neh/8">8</a></li>
<li><a class="" href="/yal-YALB/Neh/9">9</a></li>
<li><a class="" href="/yal-YALB/Neh/10">10</a></li>
<li><a class="" href="/yal-YALB/Neh/11">11</a></li>
<li><a class="" href="/yal-YALB/Neh/12">12</a></li>
<li><a class="" href="/yal-YALB/Neh/13">13</a></li>
</ul></li>
<li id="Esth"><a data-ajax="false" data-no-loading="" href="/yal-YALB/Esth#Esth">Esita <span class="icon-down-open-1"/></a>
<ul class="chapter hide"><li><a class="book-intro" href="/yal-YALB/Esth/int">Intro</a></li>
<li><a class="" href="/yal-YALB/Esth/1">1</a></li>
<li><a class="" href="/yal-YALB/Esth/2">2</a></li>
<li><a class="" href="/yal-YALB/Esth/3">3</a></li>
<li><a class="" href="/yal-YALB/Esth/4">4</a></li>
<li><a class="" href="/yal-YALB/Esth/5">5</a></li>
<li><a class="" href="/yal-YALB/Esth/6">6</a></li>
<li><a class="" href="/yal-YALB/Esth/7">7</a></li>
<li><a class="" href="/yal-YALB/Esth/8">8</a></li>
<li><a class="" href="/yal-YALB/Esth/9">9</a></li>
<li><a class="" href="/yal-YALB/Esth/10">10</a></li>
</ul></li>
<li id="Job"><a data-ajax="false" data-no-loading="" href="/yal-YALB/Job#Job">Yuba <span class="icon-down-open-1"/></a>
<ul class="chapter hide"><li><a class="book-intro" href="/yal-YALB/Job/int">Intro</a></li>
<li><a class="" href="/yal-YALB/Job/1">1</a></li>
<li><a class="" href="/yal-YALB/Job/2">2</a></li>
<li><a class="" href="/yal-YALB/Job/3">3</a></li>
<li><a class="" href="/yal-YALB/Job/4">4</a></li>
<li><a class="" href="/yal-YALB/Job/5">5</a></li>
<li><a class="" href="/yal-YALB/Job/6">6</a></li>
<li><a class="" href="/yal-YALB/Job/7">7</a></li>
<li><a class="" href="/yal-YALB/Job/8">8</a></li>
<li><a class="" href="/yal-YALB/Job/9">9</a></li>
<li><a class="" href="/yal-YALB/Job/10">10</a></li>
<li><a class="" href="/yal-YALB/Job/11">11</a></li>
<li><a class="" href="/yal-YALB/Job/12">12</a></li>
<li><a class="" href="/yal-YALB/Job/13">13</a></li>
<li><a class="" href="/yal-YALB/Job/14">14</a></li>
<li><a class="" href="/yal-YALB/Job/15">15</a></li>
<li><a class="" href="/yal-YALB/Job/16">16</a></li>
<li><a class="" href="/yal-YALB/Job/17">17</a></li>
<li><a class="" href="/yal-YALB/Job/18">18</a></li>
<li><a class="" href="/yal-YALB/Job/19">19</a></li>
<li><a class="" href="/yal-YALB/Job/20">20</a></li>
<li><a class="" href="/yal-YALB/Job/21">21</a></li>
<li><a class="" href="/yal-YALB/Job/22">22</a></li>
<li><a class="" href="/yal-YALB/Job/23">23</a></li>
<li><a class="" href="/yal-YALB/Job/24">24</a></li>
<li><a class="" href="/yal-YALB/Job/25">25</a></li>
<li><a class="" href="/yal-YALB/Job/26">26</a></li>
<li><a class="" href="/yal-YALB/Job/27">27</a></li>
<li><a class="" href="/yal-YALB/Job/28">28</a></li>
<li><a class="" href="/yal-YALB/Job/29">29</a></li>
<li><a class="" href="/yal-YALB/Job/30">30</a></li>
<li><a class="" href="/yal-YALB/Job/31">31</a></li>
<li><a class="" href="/yal-YALB/Job/32">32</a></li>
<li><a class="" href="/yal-YALB/Job/33">33</a></li>
<li><a class="" href="/yal-YALB/Job/34">34</a></li>
<li><a class="" href="/yal-YALB/Job/35">35</a></li>
<li><a class="" href="/yal-YALB/Job/36">36</a></li>
<li><a class="" href="/yal-YALB/Job/37">37</a></li>
<li><a class="" href="/yal-YALB/Job/38">38</a></li>
<li><a class="" href="/yal-YALB/Job/39">39</a></li>
<li><a class="" href="/yal-YALB/Job/40">40</a></li>
<li><a class="" href="/yal-YALB/Job/41">41</a></li>
<li><a class="" href="/yal-YALB/Job/42">42</a></li>
</ul></li>
<li id="Ps"><a data-ajax="false" data-no-loading="" href="/yal-YALB/Ps#Ps">Yaburina <span class="icon-down-open-1"/></a>
<ul class="chapter hide"><li><a class="book-intro" href="/yal-YALB/Ps/int">Intro</a></li>
<li><a class="" href="/yal-YALB/Ps/1">1</a></li>
<li><a class="" href="/yal-YALB/Ps/2">2</a></li>
<li><a class="" href="/yal-YALB/Ps/3">3</a></li>
<li><a class="" href="/yal-YALB/Ps/4">4</a></li>
<li><a class="" href="/yal-YALB/Ps/5">5</a></li>
<li><a class="" href="/yal-YALB/Ps/6">6</a></li>
<li><a class="" href="/yal-YALB/Ps/7">7</a></li>
<li><a class="" href="/yal-YALB/Ps/8">8</a></li>
<li><a class="" href="/yal-YALB/Ps/9">9</a></li>
<li><a class="" href="/yal-YALB/Ps/10">10</a></li>
<li><a class="" href="/yal-YALB/Ps/11">11</a></li>
<li><a class="" href="/yal-YALB/Ps/12">12</a></li>
<li><a class="" href="/yal-YALB/Ps/13">13</a></li>
<li><a class="" href="/yal-YALB/Ps/14">14</a></li>
<li><a class="" href="/yal-YALB/Ps/15">15</a></li>
<li><a class="" href="/yal-YALB/Ps/16">16</a></li>
<li><a class="" href="/yal-YALB/Ps/17">17</a></li>
<li><a class="" href="/yal-YALB/Ps/18">18</a></li>
<li><a class="" href="/yal-YALB/Ps/19">19</a></li>
<li><a class="" href="/yal-YALB/Ps/20">20</a></li>
<li><a class="" href="/yal-YALB/Ps/21">21</a></li>
<li><a class="" href="/yal-YALB/Ps/22">22</a></li>
<li><a class="" href="/yal-YALB/Ps/23">23</a></li>
<li><a class="" href="/yal-YALB/Ps/24">24</a></li>
<li><a class="" href="/yal-YALB/Ps/25">25</a></li>
<li><a class="" href="/yal-YALB/Ps/26">26</a></li>
<li><a class="" href="/yal-YALB/Ps/27">27</a></li>
<li><a class="" href="/yal-YALB/Ps/28">28</a></li>
<li><a class="" href="/yal-YALB/Ps/29">29</a></li>
<li><a class="" href="/yal-YALB/Ps/30">30</a></li>
<li><a class="" href="/yal-YALB/Ps/31">31</a></li>
<li><a class="" href="/yal-YALB/Ps/32">32</a></li>
<li><a class="" href="/yal-YALB/Ps/33">33</a></li>
<li><a class="" href="/yal-YALB/Ps/34">34</a></li>
<li><a class="" href="/yal-YALB/Ps/35">35</a></li>
<li><a class="" href="/yal-YALB/Ps/36">36</a></li>
<li><a class="" href="/yal-YALB/Ps/37">37</a></li>
<li><a class="" href="/yal-YALB/Ps/38">38</a></li>
<li><a class="" href="/yal-YALB/Ps/39">39</a></li>
<li><a class="" href="/yal-YALB/Ps/40">40</a></li>
<li><a class="" href="/yal-YALB/Ps/41">41</a></li>
<li><a class="" href="/yal-YALB/Ps/42">42</a></li>
<li><a class="" href="/yal-YALB/Ps/43">43</a></li>
<li><a class="" href="/yal-YALB/Ps/44">44</a></li>
<li><a class="" href="/yal-YALB/Ps/45">45</a></li>
<li><a class="" href="/yal-YALB/Ps/46">46</a></li>
<li><a class="" href="/yal-YALB/Ps/47">47</a></li>
<li><a class="" href="/yal-YALB/Ps/48">48</a></li>
<li><a class="" href="/yal-YALB/Ps/49">49</a></li>
<li><a class="" href="/yal-YALB/Ps/50">50</a></li>
<li><a class="" href="/yal-YALB/Ps/51">51</a></li>
<li><a class="" href="/yal-YALB/Ps/52">52</a></li>
<li><a class="" href="/yal-YALB/Ps/53">53</a></li>
<li><a class="" href="/yal-YALB/Ps/54">54</a></li>
<li><a class="" href="/yal-YALB/Ps/55">55</a></li>
<li><a class="" href="/yal-YALB/Ps/56">56</a></li>
<li><a class="" href="/yal-YALB/Ps/57">57</a></li>
<li><a class="" href="/yal-YALB/Ps/58">58</a></li>
<li><a class="" href="/yal-YALB/Ps/59">59</a></li>
<li><a class="" href="/yal-YALB/Ps/60">60</a></li>
<li><a class="" href="/yal-YALB/Ps/61">61</a></li>
<li><a class="" href="/yal-YALB/Ps/62">62</a></li>
<li><a class="" href="/yal-YALB/Ps/63">63</a></li>
<li><a class="" href="/yal-YALB/Ps/64">64</a></li>
<li><a class="" href="/yal-YALB/Ps/65">65</a></li>
<li><a class="" href="/yal-YALB/Ps/66">66</a></li>
<li><a class="" href="/yal-YALB/Ps/67">67</a></li>
<li><a class="" href="/yal-YALB/Ps/68">68</a></li>
<li><a class="" href="/yal-YALB/Ps/69">69</a></li>
<li><a class="" href="/yal-YALB/Ps/70">70</a></li>
<li><a class="" href="/yal-YALB/Ps/71">71</a></li>
<li><a class="" href="/yal-YALB/Ps/72">72</a></li>
<li><a class="" href="/yal-YALB/Ps/73">73</a></li>
<li><a class="" href="/yal-YALB/Ps/74">74</a></li>
<li><a class="" href="/yal-YALB/Ps/75">75</a></li>
<li><a class="" href="/yal-YALB/Ps/76">76</a></li>
<li><a class="" href="/yal-YALB/Ps/77">77</a></li>
<li><a class="" href="/yal-YALB/Ps/78">78</a></li>
<li><a class="" href="/yal-YALB/Ps/79">79</a></li>
<li><a class="" href="/yal-YALB/Ps/80">80</a></li>
<li><a class="" href="/yal-YALB/Ps/81">81</a></li>
<li><a class="" href="/yal-YALB/Ps/82">82</a></li>
<li><a class="" href="/yal-YALB/Ps/83">83</a></li>
<li><a class="" href="/yal-YALB/Ps/84">84</a></li>
<li><a class="" href="/yal-YALB/Ps/85">85</a></li>
<li><a class="" href="/yal-YALB/Ps/86">86</a></li>
<li><a class="" href="/yal-YALB/Ps/87">87</a></li>
<li><a class="" href="/yal-YALB/Ps/88">88</a></li>
<li><a class="" href="/yal-YALB/Ps/89">89</a></li>
<li><a class="" href="/yal-YALB/Ps/90">90</a></li>
<li><a class="" href="/yal-YALB/Ps/91">91</a></li>
<li><a class="" href="/yal-YALB/Ps/92">92</a></li>
<li><a class="" href="/yal-YALB/Ps/93">93</a></li>
<li><a class="" href="/yal-YALB/Ps/94">94</a></li>
<li><a class="" href="/yal-YALB/Ps/95">95</a></li>
<li><a class="" href="/yal-YALB/Ps/96">96</a></li>
<li><a class="" href="/yal-YALB/Ps/97">97</a></li>
<li><a class="" href="/yal-YALB/Ps/98">98</a></li>
<li><a class="" href="/yal-YALB/Ps/99">99</a></li>
<li><a class="" href="/yal-YALB/Ps/100">100</a></li>
<li><a class="" href="/yal-YALB/Ps/101">101</a></li>
<li><a class="" href="/yal-YALB/Ps/102">102</a></li>
<li><a class="" href="/yal-YALB/Ps/103">103</a></li>
<li><a class="" href="/yal-YALB/Ps/104">104</a></li>
<li><a class="" href="/yal-YALB/Ps/105">105</a></li>
<li><a class="" href="/yal-YALB/Ps/106">106</a></li>
<li><a class="" href="/yal-YALB/Ps/107">107</a></li>
<li><a class="" href="/yal-YALB/Ps/108">108</a></li>
<li><a class="" href="/yal-YALB/Ps/109">109</a></li>
<li><a class="" href="/yal-YALB/Ps/110">110</a></li>
<li><a class="" href="/yal-YALB/Ps/111">111</a></li>
<li><a class="" href="/yal-YALB/Ps/112">112</a></li>
<li><a class="" href="/yal-YALB/Ps/113">113</a></li>
<li><a class="" href="/yal-YALB/Ps/114">114</a></li>
<li><a class="" href="/yal-YALB/Ps/115">115</a></li>
<li><a class="" href="/yal-YALB/Ps/116">116</a></li>
<li><a class="" href="/yal-YALB/Ps/117">117</a></li>
<li><a class="" href="/yal-YALB/Ps/118">118</a></li>
<li><a class="" href="/yal-YALB/Ps/119">119</a></li>
<li><a class="" href="/yal-YALB/Ps/120">120</a></li>
<li><a class="" href="/yal-YALB/Ps/121">121</a></li>
<li><a class="" href="/yal-YALB/Ps/122">122</a></li>
<li><a class="" href="/yal-YALB/Ps/123">123</a></li>
<li><a class="" href="/yal-YALB/Ps/124">124</a></li>
<li><a class="" href="/yal-YALB/Ps/125">125</a></li>
<li><a class="" href="/yal-YALB/Ps/126">126</a></li>
<li><a class="" href="/yal-YALB/Ps/127">127</a></li>
<li><a class="" href="/yal-YALB/Ps/128">128</a></li>
<li><a class="" href="/yal-YALB/Ps/129">129</a></li>
<li><a class="" href="/yal-YALB/Ps/130">130</a></li>
<li><a class="" href="/yal-YALB/Ps/131">131</a></li>
<li><a class="" href="/yal-YALB/Ps/132">132</a></li>
<li><a class="" href="/yal-YALB/Ps/133">133</a></li>
<li><a class="" href="/yal-YALB/Ps/134">134</a></li>
<li><a class="" href="/yal-YALB/Ps/135">135</a></li>
<li><a class="" href="/yal-YALB/Ps/136">136</a></li>
<li><a class="" href="/yal-YALB/Ps/137">137</a></li>
<li><a class="" href="/yal-YALB/Ps/138">138</a></li>
<li><a class="" href="/yal-YALB/Ps/139">139</a></li>
<li><a class="" href="/yal-YALB/Ps/140">140</a></li>
<li><a class="" href="/yal-YALB/Ps/141">141</a></li>
<li><a class="" href="/yal-YALB/Ps/142">142</a></li>
<li><a class="" href="/yal-YALB/Ps/143">143</a></li>
<li><a class="" href="/yal-YALB/Ps/144">144</a></li>
<li><a class="" href="/yal-YALB/Ps/145">145</a></li>
<li><a class="" href="/yal-YALB/Ps/146">146</a></li>
<li><a class="" href="/yal-YALB/Ps/147">147</a></li>
<li><a class="" href="/yal-YALB/Ps/148">148</a></li>
<li><a class="" href="/yal-YALB/Ps/149">149</a></li>
<li><a class="" href="/yal-YALB/Ps/150">150</a></li>
</ul></li>
<li id="Prov"><a data-ajax="false" data-no-loading="" href="/yal-YALB/Prov#Prov">Sandane <span class="icon-down-open-1"/></a>
<ul class="chapter hide"><li><a class="book-intro" href="/yal-YALB/Prov/int">Intro</a></li>
<li><a class="" href="/yal-YALB/Prov/1">1</a></li>
<li><a class="" href="/yal-YALB/Prov/2">2</a></li>
<li><a class="" href="/yal-YALB/Prov/3">3</a></li>
<li><a class="" href="/yal-YALB/Prov/4">4</a></li>
<li><a class="" href="/yal-YALB/Prov/5">5</a></li>
<li><a class="" href="/yal-YALB/Prov/6">6</a></li>
<li><a class="" href="/yal-YALB/Prov/7">7</a></li>
<li><a class="" href="/yal-YALB/Prov/8">8</a></li>
<li><a class="" href="/yal-YALB/Prov/9">9</a></li>
<li><a class="" href="/yal-YALB/Prov/10">10</a></li>
<li><a class="" href="/yal-YALB/Prov/11">11</a></li>
<li><a class="" href="/yal-YALB/Prov/12">12</a></li>
<li><a class="" href="/yal-YALB/Prov/13">13</a></li>
<li><a class="" href="/yal-YALB/Prov/14">14</a></li>
<li><a class="" href="/yal-YALB/Prov/15">15</a></li>
<li><a class="" href="/yal-YALB/Prov/16">16</a></li>
<li><a class="" href="/yal-YALB/Prov/17">17</a></li>
<li><a class="" href="/yal-YALB/Prov/18">18</a></li>
<li><a class="" href="/yal-YALB/Prov/19">19</a></li>
<li><a class="" href="/yal-YALB/Prov/20">20</a></li>
<li><a class="" href="/yal-YALB/Prov/21">21</a></li>
<li><a class="" href="/yal-YALB/Prov/22">22</a></li>
<li><a class="" href="/yal-YALB/Prov/23">23</a></li>
<li><a class="" href="/yal-YALB/Prov/24">24</a></li>
<li><a class="" href="/yal-YALB/Prov/25">25</a></li>
<li><a class="" href="/yal-YALB/Prov/26">26</a></li>
<li><a class="" href="/yal-YALB/Prov/27">27</a></li>
<li><a class="" href="/yal-YALB/Prov/28">28</a></li>
<li><a class="" href="/yal-YALB/Prov/29">29</a></li>
<li><a class="" href="/yal-YALB/Prov/30">30</a></li>
<li><a class="" href="/yal-YALB/Prov/31">31</a></li>
</ul></li>
<li id="Eccl"><a data-ajax="false" data-no-loading="" href="/yal-YALB/Eccl#Eccl">Karam&#201;&#148;x&#201;&#148;na <span class="icon-down-open-1"/></a>
<ul class="chapter hide"><li><a class="book-intro" href="/yal-YALB/Eccl/int">Intro</a></li>
<li><a class="" href="/yal-YALB/Eccl/1">1</a></li>
<li><a class="" href="/yal-YALB/Eccl/2">2</a></li>
<li><a class="" href="/yal-YALB/Eccl/3">3</a></li>
<li><a class="" href="/yal-YALB/Eccl/4">4</a></li>
<li><a class="" href="/yal-YALB/Eccl/5">5</a></li>
<li><a class="" href="/yal-YALB/Eccl/6">6</a></li>
<li><a class="" href="/yal-YALB/Eccl/7">7</a></li>
<li><a class="" href="/yal-YALB/Eccl/8">8</a></li>
<li><a class="" href="/yal-YALB/Eccl/9">9</a></li>
<li><a class="" href="/yal-YALB/Eccl/10">10</a></li>
<li><a class="" href="/yal-YALB/Eccl/11">11</a></li>
<li><a class="" href="/yal-YALB/Eccl/12">12</a></li>
</ul></li>
<li id="Song"><a data-ajax="false" data-no-loading="" href="/yal-YALB/Song#Song">Marafanna Falane <span class="icon-down-open-1"/></a>
<ul class="chapter hide"><li><a class="book-intro" href="/yal-YALB/Song/int">Intro</a></li>
<li><a class="" href="/yal-YALB/Song/1">1</a></li>
<li><a class="" href="/yal-YALB/Song/2">2</a></li>
<li><a class="" href="/yal-YALB/Song/3">3</a></li>
<li><a class="" href="/yal-YALB/Song/4">4</a></li>
<li><a class="" href="/yal-YALB/Song/5">5</a></li>
<li><a class="" href="/yal-YALB/Song/6">6</a></li>
<li><a class="" href="/yal-YALB/Song/7">7</a></li>
<li><a class="" href="/yal-YALB/Song/8">8</a></li>
</ul></li>
<li id="Isa"><a data-ajax="false" data-no-loading="" href="/yal-YALB/Isa#Isa">Esayi <span class="icon-down-open-1"/></a>
<ul class="chapter hide"><li><a class="book-intro" href="/yal-YALB/Isa/int">Intro</a></li>
<li><a class="" href="/yal-YALB/Isa/1">1</a></li>
<li><a class="" href="/yal-YALB/Isa/2">2</a></li>
<li><a class="" href="/yal-YALB/Isa/3">3</a></li>
<li><a class="" href="/yal-YALB/Isa/4">4</a></li>
<li><a class="" href="/yal-YALB/Isa/5">5</a></li>
<li><a class="" href="/yal-YALB/Isa/6">6</a></li>
<li><a class="" href="/yal-YALB/Isa/7">7</a></li>
<li><a class="" href="/yal-YALB/Isa/8">8</a></li>
<li><a class="" href="/yal-YALB/Isa/9">9</a></li>
<li><a class="" href="/yal-YALB/Isa/10">10</a></li>
<li><a class="" href="/yal-YALB/Isa/11">11</a></li>
<li><a class="" href="/yal-YALB/Isa/12">12</a></li>
<li><a class="" href="/yal-YALB/Isa/13">13</a></li>
<li><a class="" href="/yal-YALB/Isa/14">14</a></li>
<li><a class="" href="/yal-YALB/Isa/15">15</a></li>
<li><a class="" href="/yal-YALB/Isa/16">16</a></li>
<li><a class="" href="/yal-YALB/Isa/17">17</a></li>
<li><a class="" href="/yal-YALB/Isa/18">18</a></li>
<li><a class="" href="/yal-YALB/Isa/19">19</a></li>
<li><a class="" href="/yal-YALB/Isa/20">20</a></li>
<li><a class="" href="/yal-YALB/Isa/21">21</a></li>
<li><a class="" href="/yal-YALB/Isa/22">22</a></li>
<li><a class="" href="/yal-YALB/Isa/23">23</a></li>
<li><a class="" href="/yal-YALB/Isa/24">24</a></li>
<li><a class="" href="/yal-YALB/Isa/25">25</a></li>
<li><a class="" href="/yal-YALB/Isa/26">26</a></li>
<li><a class="" href="/yal-YALB/Isa/27">27</a></li>
<li><a class="" href="/yal-YALB/Isa/28">28</a></li>
<li><a class="" href="/yal-YALB/Isa/29">29</a></li>
<li><a class="" href="/yal-YALB/Isa/30">30</a></li>
<li><a class="" href="/yal-YALB/Isa/31">31</a></li>
<li><a class="" href="/yal-YALB/Isa/32">32</a></li>
<li><a class="" href="/yal-YALB/Isa/33">33</a></li>
<li><a class="" href="/yal-YALB/Isa/34">34</a></li>
<li><a class="" href="/yal-YALB/Isa/35">35</a></li>
<li><a class="" href="/yal-YALB/Isa/36">36</a></li>
<li><a class="" href="/yal-YALB/Isa/37">37</a></li>
<li><a class="" href="/yal-YALB/Isa/38">38</a></li>
<li><a class="" href="/yal-YALB/Isa/39">39</a></li>
<li><a class="" href="/yal-YALB/Isa/40">40</a></li>
<li><a class="" href="/yal-YALB/Isa/41">41</a></li>
<li><a class="" href="/yal-YALB/Isa/42">42</a></li>
<li><a class="" href="/yal-YALB/Isa/43">43</a></li>
<li><a class="" href="/yal-YALB/Isa/44">44</a></li>
<li><a class="" href="/yal-YALB/Isa/45">45</a></li>
<li><a class="" href="/yal-YALB/Isa/46">46</a></li>
<li><a class="" href="/yal-YALB/Isa/47">47</a></li>
<li><a class="" href="/yal-YALB/Isa/48">48</a></li>
<li><a class="" href="/yal-YALB/Isa/49">49</a></li>
<li><a class="" href="/yal-YALB/Isa/50">50</a></li>
<li><a class="" href="/yal-YALB/Isa/51">51</a></li>
<li><a class="" href="/yal-YALB/Isa/52">52</a></li>
<li><a class="" href="/yal-YALB/Isa/53">53</a></li>
<li><a class="" href="/yal-YALB/Isa/54">54</a></li>
<li><a class="" href="/yal-YALB/Isa/55">55</a></li>
<li><a class="" href="/yal-YALB/Isa/56">56</a></li>
<li><a class="" href="/yal-YALB/Isa/57">57</a></li>
<li><a class="" href="/yal-YALB/Isa/58">58</a></li>
<li><a class="" href="/yal-YALB/Isa/59">59</a></li>
<li><a class="" href="/yal-YALB/Isa/60">60</a></li>
<li><a class="" href="/yal-YALB/Isa/61">61</a></li>
<li><a class="" href="/yal-YALB/Isa/62">62</a></li>
<li><a class="" href="/yal-YALB/Isa/63">63</a></li>
<li><a class="" href="/yal-YALB/Isa/64">64</a></li>
<li><a class="" href="/yal-YALB/Isa/65">65</a></li>
<li><a class="" href="/yal-YALB/Isa/66">66</a></li>
</ul></li>
<li id="Jer"><a data-ajax="false" data-no-loading="" href="/yal-YALB/Jer#Jer">Yeremi <span class="icon-down-open-1"/></a>
<ul class="chapter hide"><li><a class="book-intro" href="/yal-YALB/Jer/int">Intro</a></li>
<li><a class="" href="/yal-YALB/Jer/1">1</a></li>
<li><a class="" href="/yal-YALB/Jer/2">2</a></li>
<li><a class="" href="/yal-YALB/Jer/3">3</a></li>
<li><a class="" href="/yal-YALB/Jer/4">4</a></li>
<li><a class="" href="/yal-YALB/Jer/5">5</a></li>
<li><a class="" href="/yal-YALB/Jer/6">6</a></li>
<li><a class="" href="/yal-YALB/Jer/7">7</a></li>
<li><a class="" href="/yal-YALB/Jer/8">8</a></li>
<li><a class="" href="/yal-YALB/Jer/9">9</a></li>
<li><a class="" href="/yal-YALB/Jer/10">10</a></li>
<li><a class="" href="/yal-YALB/Jer/11">11</a></li>
<li><a class="" href="/yal-YALB/Jer/12">12</a></li>
<li><a class="" href="/yal-YALB/Jer/13">13</a></li>
<li><a class="" href="/yal-YALB/Jer/14">14</a></li>
<li><a class="" href="/yal-YALB/Jer/15">15</a></li>
<li><a class="" href="/yal-YALB/Jer/16">16</a></li>
<li><a class="" href="/yal-YALB/Jer/17">17</a></li>
<li><a class="" href="/yal-YALB/Jer/18">18</a></li>
<li><a class="" href="/yal-YALB/Jer/19">19</a></li>
<li><a class="" href="/yal-YALB/Jer/20">20</a></li>
<li><a class="" href="/yal-YALB/Jer/21">21</a></li>
<li><a class="" href="/yal-YALB/Jer/22">22</a></li>
<li><a class="" href="/yal-YALB/Jer/23">23</a></li>
<li><a class="" href="/yal-YALB/Jer/24">24</a></li>
<li><a class="" href="/yal-YALB/Jer/25">25</a></li>
<li><a class="" href="/yal-YALB/Jer/26">26</a></li>
<li><a class="" href="/yal-YALB/Jer/27">27</a></li>
<li><a class="" href="/yal-YALB/Jer/28">28</a></li>
<li><a class="" href="/yal-YALB/Jer/29">29</a></li>
<li><a class="" href="/yal-YALB/Jer/30">30</a></li>
<li><a class="" href="/yal-YALB/Jer/31">31</a></li>
<li><a class="" href="/yal-YALB/Jer/32">32</a></li>
<li><a class="" href="/yal-YALB/Jer/33">33</a></li>
<li><a class="" href="/yal-YALB/Jer/34">34</a></li>
<li><a class="" href="/yal-YALB/Jer/35">35</a></li>
<li><a class="" href="/yal-YALB/Jer/36">36</a></li>
<li><a class="" href="/yal-YALB/Jer/37">37</a></li>
<li><a class="" href="/yal-YALB/Jer/38">38</a></li>
<li><a class="" href="/yal-YALB/Jer/39">39</a></li>
<li><a class="" href="/yal-YALB/Jer/40">40</a></li>
<li><a class="" href="/yal-YALB/Jer/41">41</a></li>
<li><a class="" href="/yal-YALB/Jer/42">42</a></li>
<li><a class="" href="/yal-YALB/Jer/43">43</a></li>
<li><a class="" href="/yal-YALB/Jer/44">44</a></li>
<li><a class="" href="/yal-YALB/Jer/45">45</a></li>
<li><a class="" href="/yal-YALB/Jer/46">46</a></li>
<li><a class="" href="/yal-YALB/Jer/47">47</a></li>
<li><a class="" href="/yal-YALB/Jer/48">48</a></li>
<li><a class="" href="/yal-YALB/Jer/49">49</a></li>
<li><a class="" href="/yal-YALB/Jer/50">50</a></li>
<li><a class="" href="/yal-YALB/Jer/51">51</a></li>
<li><a class="" href="/yal-YALB/Jer/52">52</a></li>
</ul></li>
<li id="Lam"><a data-ajax="false" data-no-loading="" href="/yal-YALB/Lam#Lam">Mawuga Xuine <span class="icon-down-open-1"/></a>
<ul class="chapter hide"><li><a class="book-intro" href="/yal-YALB/Lam/int">Intro</a></li>
<li><a class="" href="/yal-YALB/Lam/1">1</a></li>
<li><a class="" href="/yal-YALB/Lam/2">2</a></li>
<li><a class="" href="/yal-YALB/Lam/3">3</a></li>
<li><a class="" href="/yal-YALB/Lam/4">4</a></li>
<li><a class="" href="/yal-YALB/Lam/5">5</a></li>
</ul></li>
<li id="Ezek"><a data-ajax="false" data-no-loading="" href="/yal-YALB/Ezek#Ezek">Esekiy&#201;&#155;li <span class="icon-down-open-1"/></a>
<ul class="chapter hide"><li><a class="book-intro" href="/yal-YALB/Ezek/int">Intro</a></li>
<li><a class="" href="/yal-YALB/Ezek/1">1</a></li>
<li><a class="" href="/yal-YALB/Ezek/2">2</a></li>
<li><a class="" href="/yal-YALB/Ezek/3">3</a></li>
<li><a class="" href="/yal-YALB/Ezek/4">4</a></li>
<li><a class="" href="/yal-YALB/Ezek/5">5</a></li>
<li><a class="" href="/yal-YALB/Ezek/6">6</a></li>
<li><a class="" href="/yal-YALB/Ezek/7">7</a></li>
<li><a class="" href="/yal-YALB/Ezek/8">8</a></li>
<li><a class="" href="/yal-YALB/Ezek/9">9</a></li>
<li><a class="" href="/yal-YALB/Ezek/10">10</a></li>
<li><a class="" href="/yal-YALB/Ezek/11">11</a></li>
<li><a class="" href="/yal-YALB/Ezek/12">12</a></li>
<li><a class="" href="/yal-YALB/Ezek/13">13</a></li>
<li><a class="" href="/yal-YALB/Ezek/14">14</a></li>
<li><a class="" href="/yal-YALB/Ezek/15">15</a></li>
<li><a class="" href="/yal-YALB/Ezek/16">16</a></li>
<li><a class="" href="/yal-YALB/Ezek/17">17</a></li>
<li><a class="" href="/yal-YALB/Ezek/18">18</a></li>
<li><a class="" href="/yal-YALB/Ezek/19">19</a></li>
<li><a class="" href="/yal-YALB/Ezek/20">20</a></li>
<li><a class="" href="/yal-YALB/Ezek/21">21</a></li>
<li><a class="" href="/yal-YALB/Ezek/22">22</a></li>
<li><a class="" href="/yal-YALB/Ezek/23">23</a></li>
<li><a class="" href="/yal-YALB/Ezek/24">24</a></li>
<li><a class="" href="/yal-YALB/Ezek/25">25</a></li>
<li><a class="" href="/yal-YALB/Ezek/26">26</a></li>
<li><a class="" href="/yal-YALB/Ezek/27">27</a></li>
<li><a class="" href="/yal-YALB/Ezek/28">28</a></li>
<li><a class="" href="/yal-YALB/Ezek/29">29</a></li>
<li><a class="" href="/yal-YALB/Ezek/30">30</a></li>
<li><a class="" href="/yal-YALB/Ezek/31">31</a></li>
<li><a class="" href="/yal-YALB/Ezek/32">32</a></li>
<li><a class="" href="/yal-YALB/Ezek/33">33</a></li>
<li><a class="" href="/yal-YALB/Ezek/34">34</a></li>
<li><a class="" href="/yal-YALB/Ezek/35">35</a></li>
<li><a class="" href="/yal-YALB/Ezek/36">36</a></li>
<li><a class="" href="/yal-YALB/Ezek/37">37</a></li>
<li><a class="" href="/yal-YALB/Ezek/38">38</a></li>
<li><a class="" href="/yal-YALB/Ezek/39">39</a></li>
<li><a class="" href="/yal-YALB/Ezek/40">40</a></li>
<li><a class="" href="/yal-YALB/Ezek/41">41</a></li>
<li><a class="" href="/yal-YALB/Ezek/42">42</a></li>
<li><a class="" href="/yal-YALB/Ezek/43">43</a></li>
<li><a class="" href="/yal-YALB/Ezek/44">44</a></li>
<li><a class="" href="/yal-YALB/Ezek/45">45</a></li>
<li><a class="" href="/yal-YALB/Ezek/46">46</a></li>
<li><a class="" href="/yal-YALB/Ezek/47">47</a></li>
<li><a class="" href="/yal-YALB/Ezek/48">48</a></li>
</ul></li>
<li id="Dan"><a data-ajax="false" data-no-loading="" href="/yal-YALB/Dan#Dan">Daniy&#201;&#155;li <span class="icon-down-open-1"/></a>
<ul class="chapter hide"><li><a class="book-intro" href="/yal-YALB/Dan/int">Intro</a></li>
<li><a class="" href="/yal-YALB/Dan/1">1</a></li>
<li><a class="" href="/yal-YALB/Dan/2">2</a></li>
<li><a class="" href="/yal-YALB/Dan/3">3</a></li>
<li><a class="" href="/yal-YALB/Dan/4">4</a></li>
<li><a class="" href="/yal-YALB/Dan/5">5</a></li>
<li><a class="" href="/yal-YALB/Dan/6">6</a></li>
<li><a class="" href="/yal-YALB/Dan/7">7</a></li>
<li><a class="" href="/yal-YALB/Dan/8">8</a></li>
<li><a class="" href="/yal-YALB/Dan/9">9</a></li>
<li><a class="" href="/yal-YALB/Dan/10">10</a></li>
<li><a class="" href="/yal-YALB/Dan/11">11</a></li>
<li><a class="" href="/yal-YALB/Dan/12">12</a></li>
</ul></li>
<li id="Hos"><a data-ajax="false" data-no-loading="" href="/yal-YALB/Hos#Hos">Hose <span class="icon-down-open-1"/></a>
<ul class="chapter hide"><li><a class="book-intro" href="/yal-YALB/Hos/int">Intro</a></li>
<li><a class="" href="/yal-YALB/Hos/1">1</a></li>
<li><a class="" href="/yal-YALB/Hos/2">2</a></li>
<li><a class="" href="/yal-YALB/Hos/3">3</a></li>
<li><a class="" href="/yal-YALB/Hos/4">4</a></li>
<li><a class="" href="/yal-YALB/Hos/5">5</a></li>
<li><a class="" href="/yal-YALB/Hos/6">6</a></li>
<li><a class="" href="/yal-YALB/Hos/7">7</a></li>
<li><a class="" href="/yal-YALB/Hos/8">8</a></li>
<li><a class="" href="/yal-YALB/Hos/9">9</a></li>
<li><a class="" href="/yal-YALB/Hos/10">10</a></li>
<li><a class="" href="/yal-YALB/Hos/11">11</a></li>
<li><a class="" href="/yal-YALB/Hos/12">12</a></li>
<li><a class="" href="/yal-YALB/Hos/13">13</a></li>
<li><a class="" href="/yal-YALB/Hos/14">14</a></li>
</ul></li>
<li id="Joel"><a data-ajax="false" data-no-loading="" href="/yal-YALB/Joel#Joel">Yow&#201;&#155;li <span class="icon-down-open-1"/></a>
<ul class="chapter hide"><li><a class="book-intro" href="/yal-YALB/Joel/int">Intro</a></li>
<li><a class="" href="/yal-YALB/Joel/1">1</a></li>
<li><a class="" href="/yal-YALB/Joel/2">2</a></li>
<li><a class="" href="/yal-YALB/Joel/3">3</a></li>
<li><a class="" href="/yal-YALB/Joel/4">4</a></li>
</ul></li>
<li id="Amos"><a data-ajax="false" data-no-loading="" href="/yal-YALB/Amos#Amos">Amosi <span class="icon-down-open-1"/></a>
<ul class="chapter hide"><li><a class="book-intro" href="/yal-YALB/Amos/int">Intro</a></li>
<li><a class="" href="/yal-YALB/Amos/1">1</a></li>
<li><a class="" href="/yal-YALB/Amos/2">2</a></li>
<li><a class="" href="/yal-YALB/Amos/3">3</a></li>
<li><a class="" href="/yal-YALB/Amos/4">4</a></li>
<li><a class="" href="/yal-YALB/Amos/5">5</a></li>
<li><a class="" href="/yal-YALB/Amos/6">6</a></li>
<li><a class="" href="/yal-YALB/Amos/7">7</a></li>
<li><a class="" href="/yal-YALB/Amos/8">8</a></li>
<li><a class="" href="/yal-YALB/Amos/9">9</a></li>
</ul></li>
<li id="Obad"><a data-ajax="false" data-no-loading="" href="/yal-YALB/Obad#Obad">Abadi <span class="icon-down-open-1"/></a>
<ul class="chapter hide"><li><a class="book-intro" href="/yal-YALB/Obad/int">Intro</a></li>
<li><a class="" href="/yal-YALB/Obad/1">1</a></li>
</ul></li>
<li id="Jonah"><a data-ajax="false" data-no-loading="" href="/yal-YALB/Jonah#Jonah">Yunusa <span class="icon-down-open-1"/></a>
<ul class="chapter hide"><li><a class="book-intro" href="/yal-YALB/Jonah/int">Intro</a></li>
<li><a class="" href="/yal-YALB/Jonah/1">1</a></li>
<li><a class="" href="/yal-YALB/Jonah/2">2</a></li>
<li><a class="" href="/yal-YALB/Jonah/3">3</a></li>
<li><a class="" href="/yal-YALB/Jonah/4">4</a></li>
</ul></li>
<li id="Mic"><a data-ajax="false" data-no-loading="" href="/yal-YALB/Mic#Mic">Mike <span class="icon-down-open-1"/></a>
<ul class="chapter hide"><li><a class="book-intro" href="/yal-YALB/Mic/int">Intro</a></li>
<li><a class="" href="/yal-YALB/Mic/1">1</a></li>
<li><a class="" href="/yal-YALB/Mic/2">2</a></li>
<li><a class="" href="/yal-YALB/Mic/3">3</a></li>
<li><a class="" href="/yal-YALB/Mic/4">4</a></li>
<li><a class="" href="/yal-YALB/Mic/5">5</a></li>
<li><a class="" href="/yal-YALB/Mic/6">6</a></li>
<li><a class="" href="/yal-YALB/Mic/7">7</a></li>
</ul></li>
<li id="Nah"><a data-ajax="false" data-no-loading="" href="/yal-YALB/Nah#Nah">Nahun <span class="icon-down-open-1"/></a>
<ul class="chapter hide"><li><a class="book-intro" href="/yal-YALB/Nah/int">Intro</a></li>
<li><a class="" href="/yal-YALB/Nah/1">1</a></li>
<li><a class="" href="/yal-YALB/Nah/2">2</a></li>
<li><a class="" href="/yal-YALB/Nah/3">3</a></li>
</ul></li>
<li id="Hab"><a data-ajax="false" data-no-loading="" href="/yal-YALB/Hab#Hab">Xabakuki <span class="icon-down-open-1"/></a>
<ul class="chapter hide"><li><a class="book-intro" href="/yal-YALB/Hab/int">Intro</a></li>
<li><a class="" href="/yal-YALB/Hab/1">1</a></li>
<li><a class="" href="/yal-YALB/Hab/2">2</a></li>
<li><a class="" href="/yal-YALB/Hab/3">3</a></li>
</ul></li>
<li id="Zeph"><a data-ajax="false" data-no-loading="" href="/yal-YALB/Zeph#Zeph">Sofoni <span class="icon-down-open-1"/></a>
<ul class="chapter hide"><li><a class="book-intro" href="/yal-YALB/Zeph/int">Intro</a></li>
<li><a class="" href="/yal-YALB/Zeph/1">1</a></li>
<li><a class="" href="/yal-YALB/Zeph/2">2</a></li>
<li><a class="" href="/yal-YALB/Zeph/3">3</a></li>
</ul></li>
<li id="Hag"><a data-ajax="false" data-no-loading="" href="/yal-YALB/Hag#Hag">Xage <span class="icon-down-open-1"/></a>
<ul class="chapter hide"><li><a class="book-intro" href="/yal-YALB/Hag/int">Intro</a></li>
<li><a class="" href="/yal-YALB/Hag/1">1</a></li>
<li><a class="" href="/yal-YALB/Hag/2">2</a></li>
</ul></li>
<li id="Zech"><a data-ajax="false" data-no-loading="" href="/yal-YALB/Zech#Zech">Sakari <span class="icon-down-open-1"/></a>
<ul class="chapter hide"><li><a class="book-intro" href="/yal-YALB/Zech/int">Intro</a></li>
<li><a class="" href="/yal-YALB/Zech/1">1</a></li>
<li><a class="" href="/yal-YALB/Zech/2">2</a></li>
<li><a class="" href="/yal-YALB/Zech/3">3</a></li>
<li><a class="" href="/yal-YALB/Zech/4">4</a></li>
<li><a class="" href="/yal-YALB/Zech/5">5</a></li>
<li><a class="" href="/yal-YALB/Zech/6">6</a></li>
<li><a class="" href="/yal-YALB/Zech/7">7</a></li>
<li><a class="" href="/yal-YALB/Zech/8">8</a></li>
<li><a class="" href="/yal-YALB/Zech/9">9</a></li>
<li><a class="" href="/yal-YALB/Zech/10">10</a></li>
<li><a class="" href="/yal-YALB/Zech/11">11</a></li>
<li><a class="" href="/yal-YALB/Zech/12">12</a></li>
<li><a class="" href="/yal-YALB/Zech/13">13</a></li>
<li><a class="" href="/yal-YALB/Zech/14">14</a></li>
</ul></li>
<li id="Mal"><a data-ajax="false" data-no-loading="" href="/yal-YALB/Mal#Mal">Malaki <span class="icon-down-open-1"/></a>
<ul class="chapter hide"><li><a class="book-intro" href="/yal-YALB/Mal/int">Intro</a></li>
<li><a class="" href="/yal-YALB/Mal/1">1</a></li>
<li><a class="" href="/yal-YALB/Mal/2">2</a></li>
<li><a class="" href="/yal-YALB/Mal/3">3</a></li>
</ul></li>
<li id="Matt"><a data-ajax="false" data-no-loading="" href="/yal-YALB/Matt#Matt">Matiyu <span class="icon-down-open-1"/></a>
<ul class="chapter hide"><li><a class="book-intro" href="/yal-YALB/Matt/int">Intro</a></li>
<li><a class="" href="/yal-YALB/Matt/1">1</a></li>
<li><a class="" href="/yal-YALB/Matt/2">2</a></li>
<li><a class="" href="/yal-YALB/Matt/3">3</a></li>
<li><a class="" href="/yal-YALB/Matt/4">4</a></li>
<li><a class="" href="/yal-YALB/Matt/5">5</a></li>
<li><a class="" href="/yal-YALB/Matt/6">6</a></li>
<li><a class="" href="/yal-YALB/Matt/7">7</a></li>
<li><a class="" href="/yal-YALB/Matt/8">8</a></li>
<li><a class="" href="/yal-YALB/Matt/9">9</a></li>
<li><a class="" href="/yal-YALB/Matt/10">10</a></li>
<li><a class="" href="/yal-YALB/Matt/11">11</a></li>
<li><a class="" href="/yal-YALB/Matt/12">12</a></li>
<li><a class="" href="/yal-YALB/Matt/13">13</a></li>
<li><a class="" href="/yal-YALB/Matt/14">14</a></li>
<li><a class="" href="/yal-YALB/Matt/15">15</a></li>
<li><a class="" href="/yal-YALB/Matt/16">16</a></li>
<li><a class="" href="/yal-YALB/Matt/17">17</a></li>
<li><a class="" href="/yal-YALB/Matt/18">18</a></li>
<li><a class="" href="/yal-YALB/Matt/19">19</a></li>
<li><a class="" href="/yal-YALB/Matt/20">20</a></li>
<li><a class="" href="/yal-YALB/Matt/21">21</a></li>
<li><a class="" href="/yal-YALB/Matt/22">22</a></li>
<li><a class="" href="/yal-YALB/Matt/23">23</a></li>
<li><a class="" href="/yal-YALB/Matt/24">24</a></li>
<li><a class="" href="/yal-YALB/Matt/25">25</a></li>
<li><a class="" href="/yal-YALB/Matt/26">26</a></li>
<li><a class="" href="/yal-YALB/Matt/27">27</a></li>
<li><a class="" href="/yal-YALB/Matt/28">28</a></li>
</ul></li>
<li id="Mark"><a data-ajax="false" data-no-loading="" href="/yal-YALB/Mark#Mark">Maraka <span class="icon-down-open-1"/></a>
<ul class="chapter hide"><li><a class="book-intro" href="/yal-YALB/Mark/int">Intro</a></li>
<li><a class="" href="/yal-YALB/Mark/1">1</a></li>
<li><a class="" href="/yal-YALB/Mark/2">2</a></li>
<li><a class="" href="/yal-YALB/Mark/3">3</a></li>
<li><a class="" href="/yal-YALB/Mark/4">4</a></li>
<li><a class="" href="/yal-YALB/Mark/5">5</a></li>
<li><a class="" href="/yal-YALB/Mark/6">6</a></li>
<li><a class="" href="/yal-YALB/Mark/7">7</a></li>
<li><a class="" href="/yal-YALB/Mark/8">8</a></li>
<li><a class="" href="/yal-YALB/Mark/9">9</a></li>
<li><a class="" href="/yal-YALB/Mark/10">10</a></li>
<li><a class="" href="/yal-YALB/Mark/11">11</a></li>
<li><a class="" href="/yal-YALB/Mark/12">12</a></li>
<li><a class="" href="/yal-YALB/Mark/13">13</a></li>
<li><a class="" href="/yal-YALB/Mark/14">14</a></li>
<li><a class="" href="/yal-YALB/Mark/15">15</a></li>
<li><a class="" href="/yal-YALB/Mark/16">16</a></li>
</ul></li>
<li id="Luke"><a data-ajax="false" data-no-loading="" href="/yal-YALB/Luke#Luke">Luka <span class="icon-down-open-1"/></a>
<ul class="chapter hide"><li><a class="book-intro" href="/yal-YALB/Luke/int">Intro</a></li>
<li><a class="" href="/yal-YALB/Luke/1">1</a></li>
<li><a class="" href="/yal-YALB/Luke/2">2</a></li>
<li><a class="" href="/yal-YALB/Luke/3">3</a></li>
<li><a class="" href="/yal-YALB/Luke/4">4</a></li>
<li><a class="" href="/yal-YALB/Luke/5">5</a></li>
<li><a class="" href="/yal-YALB/Luke/6">6</a></li>
<li><a class="" href="/yal-YALB/Luke/7">7</a></li>
<li><a class="" href="/yal-YALB/Luke/8">8</a></li>
<li><a class="" href="/yal-YALB/Luke/9">9</a></li>
<li><a class="" href="/yal-YALB/Luke/10">10</a></li>
<li><a class="" href="/yal-YALB/Luke/11">11</a></li>
<li><a class="" href="/yal-YALB/Luke/12">12</a></li>
<li><a class="" href="/yal-YALB/Luke/13">13</a></li>
<li><a class="" href="/yal-YALB/Luke/14">14</a></li>
<li><a class="" href="/yal-YALB/Luke/15">15</a></li>
<li><a class="" href="/yal-YALB/Luke/16">16</a></li>
<li><a class="" href="/yal-YALB/Luke/17">17</a></li>
<li><a class="" href="/yal-YALB/Luke/18">18</a></li>
<li><a class="" href="/yal-YALB/Luke/19">19</a></li>
<li><a class="" href="/yal-YALB/Luke/20">20</a></li>
<li><a class="" href="/yal-YALB/Luke/21">21</a></li>
<li><a class="" href="/yal-YALB/Luke/22">22</a></li>
<li><a class="" href="/yal-YALB/Luke/23">23</a></li>
<li><a class="" href="/yal-YALB/Luke/24">24</a></li>
</ul></li>
<li id="John"><a data-ajax="false" data-no-loading="" href="/yal-YALB/John#John">Yoni <span class="icon-down-open-1"/></a>
<ul class="chapter hide"><li><a class="book-intro" href="/yal-YALB/John/int">Intro</a></li>
<li><a class="" href="/yal-YALB/John/1">1</a></li>
<li><a class="" href="/yal-YALB/John/2">2</a></li>
<li><a class="" href="/yal-YALB/John/3">3</a></li>
<li><a class="" href="/yal-YALB/John/4">4</a></li>
<li><a class="" href="/yal-YALB/John/5">5</a></li>
<li><a class="" href="/yal-YALB/John/6">6</a></li>
<li><a class="" href="/yal-YALB/John/7">7</a></li>
<li><a class="" href="/yal-YALB/John/8">8</a></li>
<li><a class="" href="/yal-YALB/John/9">9</a></li>
<li><a class="" href="/yal-YALB/John/10">10</a></li>
<li><a class="" href="/yal-YALB/John/11">11</a></li>
<li><a class="" href="/yal-YALB/John/12">12</a></li>
<li><a class="" href="/yal-YALB/John/13">13</a></li>
<li><a class="" href="/yal-YALB/John/14">14</a></li>
<li><a class="" href="/yal-YALB/John/15">15</a></li>
<li><a class="" href="/yal-YALB/John/16">16</a></li>
<li><a class="" href="/yal-YALB/John/17">17</a></li>
<li><a class="" href="/yal-YALB/John/18">18</a></li>
<li><a class="" href="/yal-YALB/John/19">19</a></li>
<li><a class="" href="/yal-YALB/John/20">20</a></li>
<li><a class="" href="/yal-YALB/John/21">21</a></li>
</ul></li>
<li id="Acts"><a data-ajax="false" data-no-loading="" href="/yal-YALB/Acts#Acts">K&#201;&#155;wanle <span class="icon-down-open-1"/></a>
<ul class="chapter hide"><li><a class="book-intro" href="/yal-YALB/Acts/int">Intro</a></li>
<li><a class="" href="/yal-YALB/Acts/1">1</a></li>
<li><a class="" href="/yal-YALB/Acts/2">2</a></li>
<li><a class="" href="/yal-YALB/Acts/3">3</a></li>
<li><a class="" href="/yal-YALB/Acts/4">4</a></li>
<li><a class="" href="/yal-YALB/Acts/5">5</a></li>
<li><a class="" href="/yal-YALB/Acts/6">6</a></li>
<li><a class="" href="/yal-YALB/Acts/7">7</a></li>
<li><a class="" href="/yal-YALB/Acts/8">8</a></li>
<li><a class="" href="/yal-YALB/Acts/9">9</a></li>
<li><a class="" href="/yal-YALB/Acts/10">10</a></li>
<li><a class="" href="/yal-YALB/Acts/11">11</a></li>
<li><a class="" href="/yal-YALB/Acts/12">12</a></li>
<li><a class="" href="/yal-YALB/Acts/13">13</a></li>
<li><a class="" href="/yal-YALB/Acts/14">14</a></li>
<li><a class="" href="/yal-YALB/Acts/15">15</a></li>
<li><a class="" href="/yal-YALB/Acts/16">16</a></li>
<li><a class="" href="/yal-YALB/Acts/17">17</a></li>
<li><a class="" href="/yal-YALB/Acts/18">18</a></li>
<li><a class="" href="/yal-YALB/Acts/19">19</a></li>
<li><a class="" href="/yal-YALB/Acts/20">20</a></li>
<li><a class="" href="/yal-YALB/Acts/21">21</a></li>
<li><a class="" href="/yal-YALB/Acts/22">22</a></li>
<li><a class="" href="/yal-YALB/Acts/23">23</a></li>
<li><a class="" href="/yal-YALB/Acts/24">24</a></li>
<li><a class="" href="/yal-YALB/Acts/25">25</a></li>
<li><a class="" href="/yal-YALB/Acts/26">26</a></li>
<li><a class="" href="/yal-YALB/Acts/27">27</a></li>
<li><a class="" href="/yal-YALB/Acts/28">28</a></li>
</ul></li>
<li id="Rom"><a data-ajax="false" data-no-loading="" href="/yal-YALB/Rom#Rom">Romi Kaane <span class="icon-down-open-1"/></a>
<ul class="chapter hide"><li><a class="book-intro" href="/yal-YALB/Rom/int">Intro</a></li>
<li><a class="" href="/yal-YALB/Rom/1">1</a></li>
<li><a class="" href="/yal-YALB/Rom/2">2</a></li>
<li><a class="" href="/yal-YALB/Rom/3">3</a></li>
<li><a class="" href="/yal-YALB/Rom/4">4</a></li>
<li><a class="" href="/yal-YALB/Rom/5">5</a></li>
<li><a class="" href="/yal-YALB/Rom/6">6</a></li>
<li><a class="" href="/yal-YALB/Rom/7">7</a></li>
<li><a class="" href="/yal-YALB/Rom/8">8</a></li>
<li><a class="" href="/yal-YALB/Rom/9">9</a></li>
<li><a class="" href="/yal-YALB/Rom/10">10</a></li>
<li><a class="" href="/yal-YALB/Rom/11">11</a></li>
<li><a class="" href="/yal-YALB/Rom/12">12</a></li>
<li><a class="" href="/yal-YALB/Rom/13">13</a></li>
<li><a class="" href="/yal-YALB/Rom/14">14</a></li>
<li><a class="" href="/yal-YALB/Rom/15">15</a></li>
<li><a class="" href="/yal-YALB/Rom/16">16</a></li>
</ul></li>
<li id="1Cor"><a data-ajax="false" data-no-loading="" href="/yal-YALB/1Cor#1Cor">K&#201;&#148;r&#201;&#155;nti Singena <span class="icon-down-open-1"/></a>
<ul class="chapter hide"><li><a class="book-intro" href="/yal-YALB/1Cor/int">Intro</a></li>
<li><a class="" href="/yal-YALB/1Cor/1">1</a></li>
<li><a class="" href="/yal-YALB/1Cor/2">2</a></li>
<li><a class="" href="/yal-YALB/1Cor/3">3</a></li>
<li><a class="" href="/yal-YALB/1Cor/4">4</a></li>
<li><a class="" href="/yal-YALB/1Cor/5">5</a></li>
<li><a class="" href="/yal-YALB/1Cor/6">6</a></li>
<li><a class="" href="/yal-YALB/1Cor/7">7</a></li>
<li><a class="" href="/yal-YALB/1Cor/8">8</a></li>
<li><a class="" href="/yal-YALB/1Cor/9">9</a></li>
<li><a class="" href="/yal-YALB/1Cor/10">10</a></li>
<li><a class="" href="/yal-YALB/1Cor/11">11</a></li>
<li><a class="" href="/yal-YALB/1Cor/12">12</a></li>
<li><a class="" href="/yal-YALB/1Cor/13">13</a></li>
<li><a class="" href="/yal-YALB/1Cor/14">14</a></li>
<li><a class="" href="/yal-YALB/1Cor/15">15</a></li>
<li><a class="" href="/yal-YALB/1Cor/16">16</a></li>
</ul></li>
<li id="2Cor"><a data-ajax="false" data-no-loading="" href="/yal-YALB/2Cor#2Cor">K&#201;&#148;r&#201;&#155;nti Firindena <span class="icon-down-open-1"/></a>
<ul class="chapter hide"><li><a class="book-intro" href="/yal-YALB/2Cor/int">Intro</a></li>
<li><a class="" href="/yal-YALB/2Cor/1">1</a></li>
<li><a class="" href="/yal-YALB/2Cor/2">2</a></li>
<li><a class="" href="/yal-YALB/2Cor/3">3</a></li>
<li><a class="" href="/yal-YALB/2Cor/4">4</a></li>
<li><a class="" href="/yal-YALB/2Cor/5">5</a></li>
<li><a class="" href="/yal-YALB/2Cor/6">6</a></li>
<li><a class="" href="/yal-YALB/2Cor/7">7</a></li>
<li><a class="" href="/yal-YALB/2Cor/8">8</a></li>
<li><a class="" href="/yal-YALB/2Cor/9">9</a></li>
<li><a class="" href="/yal-YALB/2Cor/10">10</a></li>
<li><a class="" href="/yal-YALB/2Cor/11">11</a></li>
<li><a class="" href="/yal-YALB/2Cor/12">12</a></li>
<li><a class="" href="/yal-YALB/2Cor/13">13</a></li>
</ul></li>
<li id="Gal"><a data-ajax="false" data-no-loading="" href="/yal-YALB/Gal#Gal">Galati Kaane <span class="icon-down-open-1"/></a>
<ul class="chapter hide"><li><a class="book-intro" href="/yal-YALB/Gal/int">Intro</a></li>
<li><a class="" href="/yal-YALB/Gal/1">1</a></li>
<li><a class="" href="/yal-YALB/Gal/2">2</a></li>
<li><a class="" href="/yal-YALB/Gal/3">3</a></li>
<li><a class="" href="/yal-YALB/Gal/4">4</a></li>
<li><a class="" href="/yal-YALB/Gal/5">5</a></li>
<li><a class="" href="/yal-YALB/Gal/6">6</a></li>
</ul></li>
<li id="Eph"><a data-ajax="false" data-no-loading="" href="/yal-YALB/Eph#Eph">Ef&#201;&#155;si Kaane <span class="icon-down-open-1"/></a>
<ul class="chapter hide"><li><a class="book-intro" href="/yal-YALB/Eph/int">Intro</a></li>
<li><a class="" href="/yal-YALB/Eph/1">1</a></li>
<li><a class="" href="/yal-YALB/Eph/2">2</a></li>
<li><a class="" href="/yal-YALB/Eph/3">3</a></li>
<li><a class="" href="/yal-YALB/Eph/4">4</a></li>
<li><a class="" href="/yal-YALB/Eph/5">5</a></li>
<li><a class="" href="/yal-YALB/Eph/6">6</a></li>
</ul></li>
<li id="Phil"><a data-ajax="false" data-no-loading="" href="/yal-YALB/Phil#Phil">Filipi Kaane <span class="icon-down-open-1"/></a>
<ul class="chapter hide"><li><a class="book-intro" href="/yal-YALB/Phil/int">Intro</a></li>
<li><a class="" href="/yal-YALB/Phil/1">1</a></li>
<li><a class="" href="/yal-YALB/Phil/2">2</a></li>
<li><a class="" href="/yal-YALB/Phil/3">3</a></li>
<li><a class="" href="/yal-YALB/Phil/4">4</a></li>
</ul></li>
<li id="Col"><a data-ajax="false" data-no-loading="" href="/yal-YALB/Col#Col">K&#201;&#148;l&#201;&#148;si Kaane <span class="icon-down-open-1"/></a>
<ul class="chapter hide"><li><a class="book-intro" href="/yal-YALB/Col/int">Intro</a></li>
<li><a class="" href="/yal-YALB/Col/1">1</a></li>
<li><a class="" href="/yal-YALB/Col/2">2</a></li>
<li><a class="" href="/yal-YALB/Col/3">3</a></li>
<li><a class="" href="/yal-YALB/Col/4">4</a></li>
</ul></li>
<li id="1Thess"><a data-ajax="false" data-no-loading="" href="/yal-YALB/1Thess#1Thess">Tesaloniki Singena <span class="icon-down-open-1"/></a>
<ul class="chapter hide"><li><a class="book-intro" href="/yal-YALB/1Thess/int">Intro</a></li>
<li><a class="" href="/yal-YALB/1Thess/1">1</a></li>
<li><a class="" href="/yal-YALB/1Thess/2">2</a></li>
<li><a class="" href="/yal-YALB/1Thess/3">3</a></li>
<li><a class="" href="/yal-YALB/1Thess/4">4</a></li>
<li><a class="" href="/yal-YALB/1Thess/5">5</a></li>
</ul></li>
<li id="2Thess"><a data-ajax="false" data-no-loading="" href="/yal-YALB/2Thess#2Thess">Tesaloniki Firindena <span class="icon-down-open-1"/></a>
<ul class="chapter hide"><li><a class="book-intro" href="/yal-YALB/2Thess/int">Intro</a></li>
<li><a class="" href="/yal-YALB/2Thess/1">1</a></li>
<li><a class="" href="/yal-YALB/2Thess/2">2</a></li>
<li><a class="" href="/yal-YALB/2Thess/3">3</a></li>
</ul></li>
<li id="1Tim"><a data-ajax="false" data-no-loading="" href="/yal-YALB/1Tim#1Tim">Tim&#201;&#148;te Singena <span class="icon-down-open-1"/></a>
<ul class="chapter hide"><li><a class="book-intro" href="/yal-YALB/1Tim/int">Intro</a></li>
<li><a class="" href="/yal-YALB/1Tim/1">1</a></li>
<li><a class="" href="/yal-YALB/1Tim/2">2</a></li>
<li><a class="" href="/yal-YALB/1Tim/3">3</a></li>
<li><a class="" href="/yal-YALB/1Tim/4">4</a></li>
<li><a class="" href="/yal-YALB/1Tim/5">5</a></li>
<li><a class="" href="/yal-YALB/1Tim/6">6</a></li>
</ul></li>
<li id="2Tim"><a data-ajax="false" data-no-loading="" href="/yal-YALB/2Tim#2Tim">Tim&#201;&#148;te Firindena <span class="icon-down-open-1"/></a>
<ul class="chapter hide"><li><a class="book-intro" href="/yal-YALB/2Tim/int">Intro</a></li>
<li><a class="" href="/yal-YALB/2Tim/1">1</a></li>
<li><a class="" href="/yal-YALB/2Tim/2">2</a></li>
<li><a class="" href="/yal-YALB/2Tim/3">3</a></li>
<li><a class="" href="/yal-YALB/2Tim/4">4</a></li>
</ul></li>
<li id="Titus"><a data-ajax="false" data-no-loading="" href="/yal-YALB/Titus#Titus">Tito <span class="icon-down-open-1"/></a>
<ul class="chapter hide"><li><a class="book-intro" href="/yal-YALB/Titus/int">Intro</a></li>
<li><a class="" href="/yal-YALB/Titus/1">1</a></li>
<li><a class="" href="/yal-YALB/Titus/2">2</a></li>
<li><a class="" href="/yal-YALB/Titus/3">3</a></li>
</ul></li>
<li id="Phlm"><a data-ajax="false" data-no-loading="" href="/yal-YALB/Phlm#Phlm">Filem&#201;&#148;n <span class="icon-down-open-1"/></a>
<ul class="chapter hide"><li><a class="book-intro" href="/yal-YALB/Phlm/int">Intro</a></li>
<li><a class="" href="/yal-YALB/Phlm/1">1</a></li>
</ul></li>
<li id="Heb"><a data-ajax="false" data-no-loading="" href="/yal-YALB/Heb#Heb">Heburune <span class="icon-down-open-1"/></a>
<ul class="chapter hide"><li><a class="book-intro" href="/yal-YALB/Heb/int">Intro</a></li>
<li><a class="" href="/yal-YALB/Heb/1">1</a></li>
<li><a class="" href="/yal-YALB/Heb/2">2</a></li>
<li><a class="" href="/yal-YALB/Heb/3">3</a></li>
<li><a class="" href="/yal-YALB/Heb/4">4</a></li>
<li><a class="" href="/yal-YALB/Heb/5">5</a></li>
<li><a class="" href="/yal-YALB/Heb/6">6</a></li>
<li><a class="" href="/yal-YALB/Heb/7">7</a></li>
<li><a class="" href="/yal-YALB/Heb/8">8</a></li>
<li><a class="" href="/yal-YALB/Heb/9">9</a></li>
<li><a class="" href="/yal-YALB/Heb/10">10</a></li>
<li><a class="" href="/yal-YALB/Heb/11">11</a></li>
<li><a class="" href="/yal-YALB/Heb/12">12</a></li>
<li><a class="" href="/yal-YALB/Heb/13">13</a></li>
</ul></li>
<li id="Jas"><a data-ajax="false" data-no-loading="" href="/yal-YALB/Jas#Jas">Yaki <span class="icon-down-open-1"/></a>
<ul class="chapter hide"><li><a class="book-intro" href="/yal-YALB/Jas/int">Intro</a></li>
<li><a class="" href="/yal-YALB/Jas/1">1</a></li>
<li><a class="" href="/yal-YALB/Jas/2">2</a></li>
<li><a class="" href="/yal-YALB/Jas/3">3</a></li>
<li><a class="" href="/yal-YALB/Jas/4">4</a></li>
<li><a class="" href="/yal-YALB/Jas/5">5</a></li>
</ul></li>
<li id="1Pet"><a data-ajax="false" data-no-loading="" href="/yal-YALB/1Pet#1Pet">Piy&#201;&#155;ri Singena <span class="icon-down-open-1"/></a>
<ul class="chapter hide"><li><a class="book-intro" href="/yal-YALB/1Pet/int">Intro</a></li>
<li><a class="" href="/yal-YALB/1Pet/1">1</a></li>
<li><a class="" href="/yal-YALB/1Pet/2">2</a></li>
<li><a class="" href="/yal-YALB/1Pet/3">3</a></li>
<li><a class="" href="/yal-YALB/1Pet/4">4</a></li>
<li><a class="" href="/yal-YALB/1Pet/5">5</a></li>
</ul></li>
<li id="2Pet"><a data-ajax="false" data-no-loading="" href="/yal-YALB/2Pet#2Pet">Piy&#201;&#155;ri Firindena <span class="icon-down-open-1"/></a>
<ul class="chapter hide"><li><a class="book-intro" href="/yal-YALB/2Pet/int">Intro</a></li>
<li><a class="" href="/yal-YALB/2Pet/1">1</a></li>
<li><a class="" href="/yal-YALB/2Pet/2">2</a></li>
<li><a class="" href="/yal-YALB/2Pet/3">3</a></li>
</ul></li>
<li id="1John"><a data-ajax="false" data-no-loading="" href="/yal-YALB/1John#1John">Yoni Singena <span class="icon-down-open-1"/></a>
<ul class="chapter hide"><li><a class="book-intro" href="/yal-YALB/1John/int">Intro</a></li>
<li><a class="" href="/yal-YALB/1John/1">1</a></li>
<li><a class="" href="/yal-YALB/1John/2">2</a></li>
<li><a class="" href="/yal-YALB/1John/3">3</a></li>
<li><a class="" href="/yal-YALB/1John/4">4</a></li>
<li><a class="" href="/yal-YALB/1John/5">5</a></li>
</ul></li>
<li id="2John"><a data-ajax="false" data-no-loading="" href="/yal-YALB/2John#2John">Yoni Firindena <span class="icon-down-open-1"/></a>
<ul class="chapter hide"><li><a class="book-intro" href="/yal-YALB/2John/int">Intro</a></li>
<li><a class="" href="/yal-YALB/2John/1">1</a></li>
</ul></li>
<li id="3John"><a data-ajax="false" data-no-loading="" href="/yal-YALB/3John#3John">Yoni Saxandena <span class="icon-down-open-1"/></a>
<ul class="chapter hide"><li><a class="book-intro" href="/yal-YALB/3John/int">Intro</a></li>
<li><a class="" href="/yal-YALB/3John/1">1</a></li>
</ul></li>
<li id="Jude"><a data-ajax="false" data-no-loading="" href="/yal-YALB/Jude#Jude">Yudi <span class="icon-down-open-1"/></a>
<ul class="chapter hide"><li><a class="book-intro" href="/yal-YALB/Jude/int">Intro</a></li>
<li><a class="" href="/yal-YALB/Jude/1">1</a></li>
</ul></li>
<li id="Rev"><a data-ajax="false" data-no-loading="" href="/yal-YALB/Rev#Rev">Lank&#201;&#155;n&#201;&#155;mayana <span class="icon-down-open-1"/></a>
<ul class="chapter hide"><li><a class="book-intro" href="/yal-YALB/Rev/int">Intro</a></li>
<li><a class="" href="/yal-YALB/Rev/1">1</a></li>
<li><a class="" href="/yal-YALB/Rev/2">2</a></li>
<li><a class="" href="/yal-YALB/Rev/3">3</a></li>
<li><a class="" href="/yal-YALB/Rev/4">4</a></li>
<li><a class="" href="/yal-YALB/Rev/5">5</a></li>
<li><a class="" href="/yal-YALB/Rev/6">6</a></li>
<li><a class="" href="/yal-YALB/Rev/7">7</a></li>
<li><a class="" href="/yal-YALB/Rev/8">8</a></li>
<li><a class="" href="/yal-YALB/Rev/9">9</a></li>
<li><a class="" href="/yal-YALB/Rev/10">10</a></li>
<li><a class="" href="/yal-YALB/Rev/11">11</a></li>
<li><a class="" href="/yal-YALB/Rev/12">12</a></li>
<li><a class="" href="/yal-YALB/Rev/13">13</a></li>
<li><a class="" href="/yal-YALB/Rev/14">14</a></li>
<li><a class="" href="/yal-YALB/Rev/15">15</a></li>
<li><a class="" href="/yal-YALB/Rev/16">16</a></li>
<li><a class="" href="/yal-YALB/Rev/17">17</a></li>
<li><a class="" href="/yal-YALB/Rev/18">18</a></li>
<li><a class="" href="/yal-YALB/Rev/19">19</a></li>
<li><a class="" href="/yal-YALB/Rev/20">20</a></li>
<li><a class="" href="/yal-YALB/Rev/21">21</a></li>
<li><a class="" href="/yal-YALB/Rev/22">22</a></li>
</ul></li>
</ul></div>
</div>
<script src="//ajax.googleapis.com/ajax/libs/jquery/1.7.1/jquery.min.js"/><script><![CDATA[window.jQuery||document.write('<script src="/javascripts/libraries/jquery-1.7.1.min.js"><\/script>')]]></script><script src="http://m.bibles.org/javascripts/libraries/underscore-min.js.pagespeed.jm.wweA_M5pC1.js"/><script src="/i18n-include/uistrings-i18n-en.js"/><script src="http://m.bibles.org/javascripts/ABS.common.js.pagespeed.jm.vMAyKkgBTM.js"/><script src="//d2ue49q0mum86x.cloudfront.net/include/sa.c.js"/><script src="http://m.bibles.org/javascripts/ABS.verseSelector.js.pagespeed.jm.HC6Q0pD64w.js"/><script src="http://m.bibles.org/javascripts/mobile/ABS.m.js.pagespeed.jm.e92NTaHv8T.js"/><script src="http://m.bibles.org/javascripts/mobile/libraries/jquery.mobile.custom.min.js.pagespeed.jm.powuBvzl6K.js"/><!-- end scripts--><!-- Debugger - remove for production --><!-- <script src="https://getfirebug.com/firebug-lite.js"></script> --><!-- Google Analytics Tracking Code --><script><![CDATA[var _gaq=_gaq||[];_gaq.push(['_setAccount','UA-2342140-34']);_gaq.push(['_setAllowLinker',true]);_gaq.push(['_setAllowHash',false]);_gaq.push(['_trackPageview']);_gaq.push(['_trackPageLoadTime']);_gaq.push(['t2._setAccount','UA-2342140-14']);_gaq.push(['t2._setDomainName','none']);_gaq.push(['t2._setAllowLinker',true]);_gaq.push(['t2._setAllowHash',false]);_gaq.push(['t2._trackPageview']);_gaq.push(['t2._trackPageLoadTime']);_gaq.push(['t3._setAccount','UA-2342140-17']);_gaq.push(['t3._setDomainName','none']);_gaq.push(['t3._setAllowLinker',true]);_gaq.push(['t3._setAllowHash',false]);_gaq.push(['t3._trackPageview']);_gaq.push(['t3._trackPageLoadTime']);(function(){var ga=document.createElement('script');ga.type='text/javascript';ga.async=true;ga.src=('https:'==document.location.protocol?'https://ssl':'http://www')+'.google-analytics.com/ga.js';var s=document.getElementsByTagName('script')[0];s.parentNode.insertBefore(ga,s);})();]]></script></body>
</html>
