<?xml version="1.0" encoding="ascii" standalone="yes"?>
<!DOCTYPE html>
<!-- Conditional comment for mobile ie7 blogs.msdn.com/b/iemobile/ -->
<!--[if IEMobile 7 ]>    <html class="no-js iem7" lang="en"> <![endif]-->
<!--[if (gt IEMobile 7)|!(IEMobile)]><!-->
<html class="no-js" lang="en">
<!--<![endif]-->
  <head>
    <meta charset="utf-8"/>
    <title>Bible Search</title>
    <meta name="description" content=""/>
<!-- Mobile viewport optimization h5bp.com/ad -->
    <meta name="HandheldFriendly" content="True"/>
    <meta name="MobileOptimized" content="320"/>
    <meta name="viewport" content="width=device-width, initial-scale=1"/>
    <meta name="apple-mobile-web-app-capable" content="yes"/>
    <meta name="apple-mobile-web-app-status-bar-style" content="black"/>
<!-- Icon Fonts -->
    <link rel="stylesheet" href="http://m.bibles.org/css/mobile/A.fontello.css.pagespeed.cf.qUOK4Bt9wR.css"/>
<!--[if IE 7]>
  <link rel="stylesheet" href="/css/mobile/fontello-ie7.css"><![endif]-->
<!-- Home screen icon  Mathias Bynens mathiasbynens.be/notes/touch-icons -->
<!-- For iPhone 4 with high-resolution Retina display: -->
    <link rel="apple-touch-icon" sizes="114x114" href="http://m.bibles.org/images/magglass_icon_sharethumbnail-square.png.pagespeed.ce.1pleF6ZLFL.png"/>
<!-- For first-generation iPad: -->
    <link rel="apple-touch-icon" sizes="72x72" href="http://m.bibles.org/images/magglass_icon_sharethumbnail-square.png.pagespeed.ce.1pleF6ZLFL.png"/>
<!-- For non-Retina iPhone, iPod Touch, and Android 2.1+ devices: -->
    <link rel="apple-touch-icon" href="http://m.bibles.org/images/magglass_icon_sharethumbnail-square.png.pagespeed.ce.1pleF6ZLFL.png"/>
<!-- For nokia devices: -->
    <link rel="shortcut icon" href="/images/bsearch_fav.png"/>
<!-- iOS web app, delete if not needed. https://github.com/h5bp/mobile-boilerplate/issues/94 -->
<!-- <script>(function(){var a;if(navigator.platform==="iPad"){a=window.orientation!==90||window.orientation===-90?"img/startup-tablet-landscape.png":"img/startup-tablet-portrait.png"}else{a=window.devicePixelRatio===2?"img/startup-retina.png":"img/startup.png"}document.write('<link rel="apple-touch-startup-image" href="'+a+'"/>')})()</script> -->
<!-- The script prevents links from opening in mobile safari. https://gist.github.com/1042026 -->
<!-- <script>(function(a,b,c){if(c in b&&b[c]){var d,e=a.location,f=/^(a|html)$/i;a.addEventListener("click",function(a){d=a.target;while(!f.test(d.nodeName))d=d.parentNode;"href"in d&&(d.href.indexOf("http")||~d.href.indexOf(e.host))&&(a.preventDefault(),e.href=d.href)},!1)}})(document,window.navigator,"standalone")</script> -->
<!-- Mobile IE allows us to activate ClearType technology for smoothing fonts for easy reading -->
    <meta http-equiv="cleartype" content="on"/>
<!-- more tags for your 'head' to consider h5bp.com/d/head-Tips -->
<!-- Main Stylesheet -->
    <link rel="stylesheet" href="http://m.bibles.org/css/mobile,_jquery.mobile.custom.structure.min.css+mobile,_style.css+base.css.pagespeed.cc.Zg0DR7xsCn.css"/>
<!-- All JavaScript at the bottom, except for Modernizr which enables HTML5 elements & feature detects -->
    <script src="http://m.bibles.org/javascripts/libraries/modernizr-2.0.6.min.js.pagespeed.jm.5bYgYJ7VCY.js"/>
  </head>
  <body>
<div id="fb-root"/>
<script><![CDATA[window.fbAsyncInit=function(){FB.init({appId:'201616226536206',status:true,cookie:true,xfbml:true});if('undefined'!==typeof _ga){_ga.trackFacebook();}};(function(d){var js,id='facebook-jssdk',ref=d.getElementsByTagName('script')[0];if(d.getElementById(id)){return;}
js=d.createElement('script');js.id=id;js.async=true;js.src="//connect.facebook.net/en_US/all.js";ref.parentNode.insertBefore(js,ref);}(document));]]></script><div id="browse" data-role="page" data-url="/tha-TH1971">
<div id="menuMask" style="display:none;"/>
<div id="menu">
<div class="container">
<header class="search"><form class="search-form" action="/search/" data-ajax="false">
<span id="menu-search-icon" class="icon-search-1 search-input-icon"/><input class="menusearch" type="search" placeholder="keyword or reference" name="query"/><input type="hidden" name="vg" value="these"/><input type="hidden" name="version[]" value="eng-GNTD"/><div class="cancel"><a class="btn-dark" href="#">Cancel</a></div>
</form>
</header><div id="main" role="main">
<div id="mainnav">
<ul><li><a href="/"><span class="icon icon-home-1"/>Home</a></li>
<li><a href="/eng-GNTD"><span class="icon icon-book-open"/>Browse</a></li>
<li><a href="/account/passageHistory/"><span class="icon icon-clock"/>Passage History</a></li>
<li><a href="/share/?url=http%3A%2F%2Fbibles.org%2Ftha-TH1971"><span class="icon icon-share"/>Share</a></li>
</ul></div>
<div id="subnav">
<ul><li><a href="/account/settings">Settings</a></li>
<li><a href="/account/login">Login</a></li>
<li><a data-ajax="false" href="/swap?sendTo=http%3A%2F%2Fbibles.org%2Ftha-TH1971">Desktop Site</a></li>
<li><a href="/pages/about">About</a></li>
</ul></div>
<div class="abs-copyright-legal">
<p>&#169; 2013 American Bible Society</p>
<p>
<a href="/pages/privacy">Privacy Policy</a>
|
<a href="/pages/terms-and-conditions">Terms and Conditions</a>
</p>
</div>
</div>
</div>
</div>
<div id="container">
<header><div class="menu"><a href="/menu/" class="nav-menu-button"><span class="icon-align-justify"/><strong>Menu</strong></a></div>
<div class="version"><a class="btn-dark" href="/tha-TH1971/compare">TH1971</a></div>
<div class="title">Browse</div>
</header><div class="alphabetical">
<form action="http://m.bibles.org/tha-TH1971">
<label for="alpha-book-order">Alphabetical</label>
<input type="checkbox" id="alpha-book-order" name="alpha" value="1"/></form>
</div>
<ul class="book"><li id="Gen"><a data-ajax="false" data-no-loading="" href="/tha-TH1971/Gen#Gen">&#224;&#184;&#155;&#224;&#184;&#144;&#224;&#184;&#161;&#226;&#128;&#141;&#224;&#184;&#129;&#224;&#184;&#178;&#224;&#184;&#165; <span class="icon-down-open-1"/></a>
<ul class="chapter hide"><li><a class="" href="/tha-TH1971/Gen/1">1</a></li>
<li><a class="" href="/tha-TH1971/Gen/2">2</a></li>
<li><a class="" href="/tha-TH1971/Gen/3">3</a></li>
<li><a class="" href="/tha-TH1971/Gen/4">4</a></li>
<li><a class="" href="/tha-TH1971/Gen/5">5</a></li>
<li><a class="" href="/tha-TH1971/Gen/6">6</a></li>
<li><a class="" href="/tha-TH1971/Gen/7">7</a></li>
<li><a class="" href="/tha-TH1971/Gen/8">8</a></li>
<li><a class="" href="/tha-TH1971/Gen/9">9</a></li>
<li><a class="" href="/tha-TH1971/Gen/10">10</a></li>
<li><a class="" href="/tha-TH1971/Gen/11">11</a></li>
<li><a class="" href="/tha-TH1971/Gen/12">12</a></li>
<li><a class="" href="/tha-TH1971/Gen/13">13</a></li>
<li><a class="" href="/tha-TH1971/Gen/14">14</a></li>
<li><a class="" href="/tha-TH1971/Gen/15">15</a></li>
<li><a class="" href="/tha-TH1971/Gen/16">16</a></li>
<li><a class="" href="/tha-TH1971/Gen/17">17</a></li>
<li><a class="" href="/tha-TH1971/Gen/18">18</a></li>
<li><a class="" href="/tha-TH1971/Gen/19">19</a></li>
<li><a class="" href="/tha-TH1971/Gen/20">20</a></li>
<li><a class="" href="/tha-TH1971/Gen/21">21</a></li>
<li><a class="" href="/tha-TH1971/Gen/22">22</a></li>
<li><a class="" href="/tha-TH1971/Gen/23">23</a></li>
<li><a class="" href="/tha-TH1971/Gen/24">24</a></li>
<li><a class="" href="/tha-TH1971/Gen/25">25</a></li>
<li><a class="" href="/tha-TH1971/Gen/26">26</a></li>
<li><a class="" href="/tha-TH1971/Gen/27">27</a></li>
<li><a class="" href="/tha-TH1971/Gen/28">28</a></li>
<li><a class="" href="/tha-TH1971/Gen/29">29</a></li>
<li><a class="" href="/tha-TH1971/Gen/30">30</a></li>
<li><a class="" href="/tha-TH1971/Gen/31">31</a></li>
<li><a class="" href="/tha-TH1971/Gen/32">32</a></li>
<li><a class="" href="/tha-TH1971/Gen/33">33</a></li>
<li><a class="" href="/tha-TH1971/Gen/34">34</a></li>
<li><a class="" href="/tha-TH1971/Gen/35">35</a></li>
<li><a class="" href="/tha-TH1971/Gen/36">36</a></li>
<li><a class="" href="/tha-TH1971/Gen/37">37</a></li>
<li><a class="" href="/tha-TH1971/Gen/38">38</a></li>
<li><a class="" href="/tha-TH1971/Gen/39">39</a></li>
<li><a class="" href="/tha-TH1971/Gen/40">40</a></li>
<li><a class="" href="/tha-TH1971/Gen/41">41</a></li>
<li><a class="" href="/tha-TH1971/Gen/42">42</a></li>
<li><a class="" href="/tha-TH1971/Gen/43">43</a></li>
<li><a class="" href="/tha-TH1971/Gen/44">44</a></li>
<li><a class="" href="/tha-TH1971/Gen/45">45</a></li>
<li><a class="" href="/tha-TH1971/Gen/46">46</a></li>
<li><a class="" href="/tha-TH1971/Gen/47">47</a></li>
<li><a class="" href="/tha-TH1971/Gen/48">48</a></li>
<li><a class="" href="/tha-TH1971/Gen/49">49</a></li>
<li><a class="" href="/tha-TH1971/Gen/50">50</a></li>
</ul></li>
<li id="Exod"><a data-ajax="false" data-no-loading="" href="/tha-TH1971/Exod#Exod">&#224;&#184;&#173;&#224;&#184;&#158;&#226;&#128;&#140;&#224;&#184;&#162;&#224;&#184;&#158; <span class="icon-down-open-1"/></a>
<ul class="chapter hide"><li><a class="" href="/tha-TH1971/Exod/1">1</a></li>
<li><a class="" href="/tha-TH1971/Exod/2">2</a></li>
<li><a class="" href="/tha-TH1971/Exod/3">3</a></li>
<li><a class="" href="/tha-TH1971/Exod/4">4</a></li>
<li><a class="" href="/tha-TH1971/Exod/5">5</a></li>
<li><a class="" href="/tha-TH1971/Exod/6">6</a></li>
<li><a class="" href="/tha-TH1971/Exod/7">7</a></li>
<li><a class="" href="/tha-TH1971/Exod/8">8</a></li>
<li><a class="" href="/tha-TH1971/Exod/9">9</a></li>
<li><a class="" href="/tha-TH1971/Exod/10">10</a></li>
<li><a class="" href="/tha-TH1971/Exod/11">11</a></li>
<li><a class="" href="/tha-TH1971/Exod/12">12</a></li>
<li><a class="" href="/tha-TH1971/Exod/13">13</a></li>
<li><a class="" href="/tha-TH1971/Exod/14">14</a></li>
<li><a class="" href="/tha-TH1971/Exod/15">15</a></li>
<li><a class="" href="/tha-TH1971/Exod/16">16</a></li>
<li><a class="" href="/tha-TH1971/Exod/17">17</a></li>
<li><a class="" href="/tha-TH1971/Exod/18">18</a></li>
<li><a class="" href="/tha-TH1971/Exod/19">19</a></li>
<li><a class="" href="/tha-TH1971/Exod/20">20</a></li>
<li><a class="" href="/tha-TH1971/Exod/21">21</a></li>
<li><a class="" href="/tha-TH1971/Exod/22">22</a></li>
<li><a class="" href="/tha-TH1971/Exod/23">23</a></li>
<li><a class="" href="/tha-TH1971/Exod/24">24</a></li>
<li><a class="" href="/tha-TH1971/Exod/25">25</a></li>
<li><a class="" href="/tha-TH1971/Exod/26">26</a></li>
<li><a class="" href="/tha-TH1971/Exod/27">27</a></li>
<li><a class="" href="/tha-TH1971/Exod/28">28</a></li>
<li><a class="" href="/tha-TH1971/Exod/29">29</a></li>
<li><a class="" href="/tha-TH1971/Exod/30">30</a></li>
<li><a class="" href="/tha-TH1971/Exod/31">31</a></li>
<li><a class="" href="/tha-TH1971/Exod/32">32</a></li>
<li><a class="" href="/tha-TH1971/Exod/33">33</a></li>
<li><a class="" href="/tha-TH1971/Exod/34">34</a></li>
<li><a class="" href="/tha-TH1971/Exod/35">35</a></li>
<li><a class="" href="/tha-TH1971/Exod/36">36</a></li>
<li><a class="" href="/tha-TH1971/Exod/37">37</a></li>
<li><a class="" href="/tha-TH1971/Exod/38">38</a></li>
<li><a class="" href="/tha-TH1971/Exod/39">39</a></li>
<li><a class="" href="/tha-TH1971/Exod/40">40</a></li>
</ul></li>
<li id="Lev"><a data-ajax="false" data-no-loading="" href="/tha-TH1971/Lev#Lev">&#224;&#185;&#128;&#224;&#184;&#165;&#224;&#184;&#167;&#224;&#184;&#181;&#226;&#128;&#140;&#224;&#184;&#153;&#224;&#184;&#180;&#224;&#184;&#149;&#224;&#184;&#180; <span class="icon-down-open-1"/></a>
<ul class="chapter hide"><li><a class="" href="/tha-TH1971/Lev/1">1</a></li>
<li><a class="" href="/tha-TH1971/Lev/2">2</a></li>
<li><a class="" href="/tha-TH1971/Lev/3">3</a></li>
<li><a class="" href="/tha-TH1971/Lev/4">4</a></li>
<li><a class="" href="/tha-TH1971/Lev/5">5</a></li>
<li><a class="" href="/tha-TH1971/Lev/6">6</a></li>
<li><a class="" href="/tha-TH1971/Lev/7">7</a></li>
<li><a class="" href="/tha-TH1971/Lev/8">8</a></li>
<li><a class="" href="/tha-TH1971/Lev/9">9</a></li>
<li><a class="" href="/tha-TH1971/Lev/10">10</a></li>
<li><a class="" href="/tha-TH1971/Lev/11">11</a></li>
<li><a class="" href="/tha-TH1971/Lev/12">12</a></li>
<li><a class="" href="/tha-TH1971/Lev/13">13</a></li>
<li><a class="" href="/tha-TH1971/Lev/14">14</a></li>
<li><a class="" href="/tha-TH1971/Lev/15">15</a></li>
<li><a class="" href="/tha-TH1971/Lev/16">16</a></li>
<li><a class="" href="/tha-TH1971/Lev/17">17</a></li>
<li><a class="" href="/tha-TH1971/Lev/18">18</a></li>
<li><a class="" href="/tha-TH1971/Lev/19">19</a></li>
<li><a class="" href="/tha-TH1971/Lev/20">20</a></li>
<li><a class="" href="/tha-TH1971/Lev/21">21</a></li>
<li><a class="" href="/tha-TH1971/Lev/22">22</a></li>
<li><a class="" href="/tha-TH1971/Lev/23">23</a></li>
<li><a class="" href="/tha-TH1971/Lev/24">24</a></li>
<li><a class="" href="/tha-TH1971/Lev/25">25</a></li>
<li><a class="" href="/tha-TH1971/Lev/26">26</a></li>
<li><a class="" href="/tha-TH1971/Lev/27">27</a></li>
</ul></li>
<li id="Num"><a data-ajax="false" data-no-loading="" href="/tha-TH1971/Num#Num">&#224;&#184;&#129;&#224;&#184;&#177;&#224;&#184;&#153;&#226;&#128;&#140;&#224;&#184;&#148;&#224;&#184;&#178;&#224;&#184;&#163;&#226;&#128;&#141;&#224;&#184;&#167;&#224;&#184;&#180;&#224;&#184;&#150;&#224;&#184;&#181; <span class="icon-down-open-1"/></a>
<ul class="chapter hide"><li><a class="" href="/tha-TH1971/Num/1">1</a></li>
<li><a class="" href="/tha-TH1971/Num/2">2</a></li>
<li><a class="" href="/tha-TH1971/Num/3">3</a></li>
<li><a class="" href="/tha-TH1971/Num/4">4</a></li>
<li><a class="" href="/tha-TH1971/Num/5">5</a></li>
<li><a class="" href="/tha-TH1971/Num/6">6</a></li>
<li><a class="" href="/tha-TH1971/Num/7">7</a></li>
<li><a class="" href="/tha-TH1971/Num/8">8</a></li>
<li><a class="" href="/tha-TH1971/Num/9">9</a></li>
<li><a class="" href="/tha-TH1971/Num/10">10</a></li>
<li><a class="" href="/tha-TH1971/Num/11">11</a></li>
<li><a class="" href="/tha-TH1971/Num/12">12</a></li>
<li><a class="" href="/tha-TH1971/Num/13">13</a></li>
<li><a class="" href="/tha-TH1971/Num/14">14</a></li>
<li><a class="" href="/tha-TH1971/Num/15">15</a></li>
<li><a class="" href="/tha-TH1971/Num/16">16</a></li>
<li><a class="" href="/tha-TH1971/Num/17">17</a></li>
<li><a class="" href="/tha-TH1971/Num/18">18</a></li>
<li><a class="" href="/tha-TH1971/Num/19">19</a></li>
<li><a class="" href="/tha-TH1971/Num/20">20</a></li>
<li><a class="" href="/tha-TH1971/Num/21">21</a></li>
<li><a class="" href="/tha-TH1971/Num/22">22</a></li>
<li><a class="" href="/tha-TH1971/Num/23">23</a></li>
<li><a class="" href="/tha-TH1971/Num/24">24</a></li>
<li><a class="" href="/tha-TH1971/Num/25">25</a></li>
<li><a class="" href="/tha-TH1971/Num/26">26</a></li>
<li><a class="" href="/tha-TH1971/Num/27">27</a></li>
<li><a class="" href="/tha-TH1971/Num/28">28</a></li>
<li><a class="" href="/tha-TH1971/Num/29">29</a></li>
<li><a class="" href="/tha-TH1971/Num/30">30</a></li>
<li><a class="" href="/tha-TH1971/Num/31">31</a></li>
<li><a class="" href="/tha-TH1971/Num/32">32</a></li>
<li><a class="" href="/tha-TH1971/Num/33">33</a></li>
<li><a class="" href="/tha-TH1971/Num/34">34</a></li>
<li><a class="" href="/tha-TH1971/Num/35">35</a></li>
<li><a class="" href="/tha-TH1971/Num/36">36</a></li>
</ul></li>
<li id="Deut"><a data-ajax="false" data-no-loading="" href="/tha-TH1971/Deut#Deut">&#224;&#185;&#128;&#224;&#184;&#137;&#224;&#184;&#165;&#224;&#184;&#162;&#226;&#128;&#141;&#224;&#184;&#152;&#224;&#184;&#163;&#224;&#184;&#163;&#224;&#184;&#161;&#226;&#128;&#141;&#224;&#184;&#154;&#224;&#184;&#177;&#224;&#184;&#141;&#226;&#128;&#140;&#224;&#184;&#141;&#224;&#184;&#177;&#224;&#184;&#149;&#224;&#184;&#180; <span class="icon-down-open-1"/></a>
<ul class="chapter hide"><li><a class="" href="/tha-TH1971/Deut/1">1</a></li>
<li><a class="" href="/tha-TH1971/Deut/2">2</a></li>
<li><a class="" href="/tha-TH1971/Deut/3">3</a></li>
<li><a class="" href="/tha-TH1971/Deut/4">4</a></li>
<li><a class="" href="/tha-TH1971/Deut/5">5</a></li>
<li><a class="" href="/tha-TH1971/Deut/6">6</a></li>
<li><a class="" href="/tha-TH1971/Deut/7">7</a></li>
<li><a class="" href="/tha-TH1971/Deut/8">8</a></li>
<li><a class="" href="/tha-TH1971/Deut/9">9</a></li>
<li><a class="" href="/tha-TH1971/Deut/10">10</a></li>
<li><a class="" href="/tha-TH1971/Deut/11">11</a></li>
<li><a class="" href="/tha-TH1971/Deut/12">12</a></li>
<li><a class="" href="/tha-TH1971/Deut/13">13</a></li>
<li><a class="" href="/tha-TH1971/Deut/14">14</a></li>
<li><a class="" href="/tha-TH1971/Deut/15">15</a></li>
<li><a class="" href="/tha-TH1971/Deut/16">16</a></li>
<li><a class="" href="/tha-TH1971/Deut/17">17</a></li>
<li><a class="" href="/tha-TH1971/Deut/18">18</a></li>
<li><a class="" href="/tha-TH1971/Deut/19">19</a></li>
<li><a class="" href="/tha-TH1971/Deut/20">20</a></li>
<li><a class="" href="/tha-TH1971/Deut/21">21</a></li>
<li><a class="" href="/tha-TH1971/Deut/22">22</a></li>
<li><a class="" href="/tha-TH1971/Deut/23">23</a></li>
<li><a class="" href="/tha-TH1971/Deut/24">24</a></li>
<li><a class="" href="/tha-TH1971/Deut/25">25</a></li>
<li><a class="" href="/tha-TH1971/Deut/26">26</a></li>
<li><a class="" href="/tha-TH1971/Deut/27">27</a></li>
<li><a class="" href="/tha-TH1971/Deut/28">28</a></li>
<li><a class="" href="/tha-TH1971/Deut/29">29</a></li>
<li><a class="" href="/tha-TH1971/Deut/30">30</a></li>
<li><a class="" href="/tha-TH1971/Deut/31">31</a></li>
<li><a class="" href="/tha-TH1971/Deut/32">32</a></li>
<li><a class="" href="/tha-TH1971/Deut/33">33</a></li>
<li><a class="" href="/tha-TH1971/Deut/34">34</a></li>
</ul></li>
<li id="Josh"><a data-ajax="false" data-no-loading="" href="/tha-TH1971/Josh#Josh">&#224;&#185;&#130;&#224;&#184;&#162;&#226;&#128;&#140;&#224;&#184;&#138;&#224;&#184;&#185;&#226;&#128;&#140;&#224;&#184;&#167;&#224;&#184;&#178; <span class="icon-down-open-1"/></a>
<ul class="chapter hide"><li><a class="" href="/tha-TH1971/Josh/1">1</a></li>
<li><a class="" href="/tha-TH1971/Josh/2">2</a></li>
<li><a class="" href="/tha-TH1971/Josh/3">3</a></li>
<li><a class="" href="/tha-TH1971/Josh/4">4</a></li>
<li><a class="" href="/tha-TH1971/Josh/5">5</a></li>
<li><a class="" href="/tha-TH1971/Josh/6">6</a></li>
<li><a class="" href="/tha-TH1971/Josh/7">7</a></li>
<li><a class="" href="/tha-TH1971/Josh/8">8</a></li>
<li><a class="" href="/tha-TH1971/Josh/9">9</a></li>
<li><a class="" href="/tha-TH1971/Josh/10">10</a></li>
<li><a class="" href="/tha-TH1971/Josh/11">11</a></li>
<li><a class="" href="/tha-TH1971/Josh/12">12</a></li>
<li><a class="" href="/tha-TH1971/Josh/13">13</a></li>
<li><a class="" href="/tha-TH1971/Josh/14">14</a></li>
<li><a class="" href="/tha-TH1971/Josh/15">15</a></li>
<li><a class="" href="/tha-TH1971/Josh/16">16</a></li>
<li><a class="" href="/tha-TH1971/Josh/17">17</a></li>
<li><a class="" href="/tha-TH1971/Josh/18">18</a></li>
<li><a class="" href="/tha-TH1971/Josh/19">19</a></li>
<li><a class="" href="/tha-TH1971/Josh/20">20</a></li>
<li><a class="" href="/tha-TH1971/Josh/21">21</a></li>
<li><a class="" href="/tha-TH1971/Josh/22">22</a></li>
<li><a class="" href="/tha-TH1971/Josh/23">23</a></li>
<li><a class="" href="/tha-TH1971/Josh/24">24</a></li>
</ul></li>
<li id="Judg"><a data-ajax="false" data-no-loading="" href="/tha-TH1971/Judg#Judg">&#224;&#184;&#156;&#224;&#184;&#185;&#224;&#185;&#137;&#226;&#128;&#141;&#224;&#184;&#167;&#224;&#184;&#180;&#224;&#184;&#153;&#224;&#184;&#180;&#224;&#184;&#136;&#226;&#128;&#140;&#224;&#184;&#137;&#224;&#184;&#177;&#224;&#184;&#162; <span class="icon-down-open-1"/></a>
<ul class="chapter hide"><li><a class="" href="/tha-TH1971/Judg/1">1</a></li>
<li><a class="" href="/tha-TH1971/Judg/2">2</a></li>
<li><a class="" href="/tha-TH1971/Judg/3">3</a></li>
<li><a class="" href="/tha-TH1971/Judg/4">4</a></li>
<li><a class="" href="/tha-TH1971/Judg/5">5</a></li>
<li><a class="" href="/tha-TH1971/Judg/6">6</a></li>
<li><a class="" href="/tha-TH1971/Judg/7">7</a></li>
<li><a class="" href="/tha-TH1971/Judg/8">8</a></li>
<li><a class="" href="/tha-TH1971/Judg/9">9</a></li>
<li><a class="" href="/tha-TH1971/Judg/10">10</a></li>
<li><a class="" href="/tha-TH1971/Judg/11">11</a></li>
<li><a class="" href="/tha-TH1971/Judg/12">12</a></li>
<li><a class="" href="/tha-TH1971/Judg/13">13</a></li>
<li><a class="" href="/tha-TH1971/Judg/14">14</a></li>
<li><a class="" href="/tha-TH1971/Judg/15">15</a></li>
<li><a class="" href="/tha-TH1971/Judg/16">16</a></li>
<li><a class="" href="/tha-TH1971/Judg/17">17</a></li>
<li><a class="" href="/tha-TH1971/Judg/18">18</a></li>
<li><a class="" href="/tha-TH1971/Judg/19">19</a></li>
<li><a class="" href="/tha-TH1971/Judg/20">20</a></li>
<li><a class="" href="/tha-TH1971/Judg/21">21</a></li>
</ul></li>
<li id="Ruth"><a data-ajax="false" data-no-loading="" href="/tha-TH1971/Ruth#Ruth">&#224;&#184;&#153;&#224;&#184;&#178;&#224;&#184;&#135;&#226;&#128;&#139;&#224;&#184;&#163;&#224;&#184;&#185;&#224;&#184;&#152; <span class="icon-down-open-1"/></a>
<ul class="chapter hide"><li><a class="" href="/tha-TH1971/Ruth/1">1</a></li>
<li><a class="" href="/tha-TH1971/Ruth/2">2</a></li>
<li><a class="" href="/tha-TH1971/Ruth/3">3</a></li>
<li><a class="" href="/tha-TH1971/Ruth/4">4</a></li>
</ul></li>
<li id="1Sam"><a data-ajax="false" data-no-loading="" href="/tha-TH1971/1Sam#1Sam">1 &#224;&#184;&#139;&#224;&#184;&#178;&#226;&#128;&#140;&#224;&#184;&#161;&#224;&#184;&#185;&#226;&#128;&#140;&#224;&#185;&#128;&#224;&#184;&#173;&#224;&#184;&#165; <span class="icon-down-open-1"/></a>
<ul class="chapter hide"><li><a class="" href="/tha-TH1971/1Sam/1">1</a></li>
<li><a class="" href="/tha-TH1971/1Sam/2">2</a></li>
<li><a class="" href="/tha-TH1971/1Sam/3">3</a></li>
<li><a class="" href="/tha-TH1971/1Sam/4">4</a></li>
<li><a class="" href="/tha-TH1971/1Sam/5">5</a></li>
<li><a class="" href="/tha-TH1971/1Sam/6">6</a></li>
<li><a class="" href="/tha-TH1971/1Sam/7">7</a></li>
<li><a class="" href="/tha-TH1971/1Sam/8">8</a></li>
<li><a class="" href="/tha-TH1971/1Sam/9">9</a></li>
<li><a class="" href="/tha-TH1971/1Sam/10">10</a></li>
<li><a class="" href="/tha-TH1971/1Sam/11">11</a></li>
<li><a class="" href="/tha-TH1971/1Sam/12">12</a></li>
<li><a class="" href="/tha-TH1971/1Sam/13">13</a></li>
<li><a class="" href="/tha-TH1971/1Sam/14">14</a></li>
<li><a class="" href="/tha-TH1971/1Sam/15">15</a></li>
<li><a class="" href="/tha-TH1971/1Sam/16">16</a></li>
<li><a class="" href="/tha-TH1971/1Sam/17">17</a></li>
<li><a class="" href="/tha-TH1971/1Sam/18">18</a></li>
<li><a class="" href="/tha-TH1971/1Sam/19">19</a></li>
<li><a class="" href="/tha-TH1971/1Sam/20">20</a></li>
<li><a class="" href="/tha-TH1971/1Sam/21">21</a></li>
<li><a class="" href="/tha-TH1971/1Sam/22">22</a></li>
<li><a class="" href="/tha-TH1971/1Sam/23">23</a></li>
<li><a class="" href="/tha-TH1971/1Sam/24">24</a></li>
<li><a class="" href="/tha-TH1971/1Sam/25">25</a></li>
<li><a class="" href="/tha-TH1971/1Sam/26">26</a></li>
<li><a class="" href="/tha-TH1971/1Sam/27">27</a></li>
<li><a class="" href="/tha-TH1971/1Sam/28">28</a></li>
<li><a class="" href="/tha-TH1971/1Sam/29">29</a></li>
<li><a class="" href="/tha-TH1971/1Sam/30">30</a></li>
<li><a class="" href="/tha-TH1971/1Sam/31">31</a></li>
</ul></li>
<li id="2Sam"><a data-ajax="false" data-no-loading="" href="/tha-TH1971/2Sam#2Sam">2 &#224;&#184;&#139;&#224;&#184;&#178;&#226;&#128;&#140;&#224;&#184;&#161;&#224;&#184;&#185;&#226;&#128;&#140;&#224;&#185;&#128;&#224;&#184;&#173;&#224;&#184;&#165; <span class="icon-down-open-1"/></a>
<ul class="chapter hide"><li><a class="" href="/tha-TH1971/2Sam/1">1</a></li>
<li><a class="" href="/tha-TH1971/2Sam/2">2</a></li>
<li><a class="" href="/tha-TH1971/2Sam/3">3</a></li>
<li><a class="" href="/tha-TH1971/2Sam/4">4</a></li>
<li><a class="" href="/tha-TH1971/2Sam/5">5</a></li>
<li><a class="" href="/tha-TH1971/2Sam/6">6</a></li>
<li><a class="" href="/tha-TH1971/2Sam/7">7</a></li>
<li><a class="" href="/tha-TH1971/2Sam/8">8</a></li>
<li><a class="" href="/tha-TH1971/2Sam/9">9</a></li>
<li><a class="" href="/tha-TH1971/2Sam/10">10</a></li>
<li><a class="" href="/tha-TH1971/2Sam/11">11</a></li>
<li><a class="" href="/tha-TH1971/2Sam/12">12</a></li>
<li><a class="" href="/tha-TH1971/2Sam/13">13</a></li>
<li><a class="" href="/tha-TH1971/2Sam/14">14</a></li>
<li><a class="" href="/tha-TH1971/2Sam/15">15</a></li>
<li><a class="" href="/tha-TH1971/2Sam/16">16</a></li>
<li><a class="" href="/tha-TH1971/2Sam/17">17</a></li>
<li><a class="" href="/tha-TH1971/2Sam/18">18</a></li>
<li><a class="" href="/tha-TH1971/2Sam/19">19</a></li>
<li><a class="" href="/tha-TH1971/2Sam/20">20</a></li>
<li><a class="" href="/tha-TH1971/2Sam/21">21</a></li>
<li><a class="" href="/tha-TH1971/2Sam/22">22</a></li>
<li><a class="" href="/tha-TH1971/2Sam/23">23</a></li>
<li><a class="" href="/tha-TH1971/2Sam/24">24</a></li>
</ul></li>
<li id="1Kgs"><a data-ajax="false" data-no-loading="" href="/tha-TH1971/1Kgs#1Kgs">1 &#224;&#184;&#158;&#224;&#184;&#135;&#224;&#184;&#168;&#224;&#185;&#140;&#226;&#128;&#141;&#224;&#184;&#129;&#224;&#184;&#169;&#224;&#184;&#177;&#224;&#184;&#149;&#224;&#184;&#163;&#224;&#184;&#180;&#224;&#184;&#162;&#224;&#185;&#140; <span class="icon-down-open-1"/></a>
<ul class="chapter hide"><li><a class="" href="/tha-TH1971/1Kgs/1">1</a></li>
<li><a class="" href="/tha-TH1971/1Kgs/2">2</a></li>
<li><a class="" href="/tha-TH1971/1Kgs/3">3</a></li>
<li><a class="" href="/tha-TH1971/1Kgs/4">4</a></li>
<li><a class="" href="/tha-TH1971/1Kgs/5">5</a></li>
<li><a class="" href="/tha-TH1971/1Kgs/6">6</a></li>
<li><a class="" href="/tha-TH1971/1Kgs/7">7</a></li>
<li><a class="" href="/tha-TH1971/1Kgs/8">8</a></li>
<li><a class="" href="/tha-TH1971/1Kgs/9">9</a></li>
<li><a class="" href="/tha-TH1971/1Kgs/10">10</a></li>
<li><a class="" href="/tha-TH1971/1Kgs/11">11</a></li>
<li><a class="" href="/tha-TH1971/1Kgs/12">12</a></li>
<li><a class="" href="/tha-TH1971/1Kgs/13">13</a></li>
<li><a class="" href="/tha-TH1971/1Kgs/14">14</a></li>
<li><a class="" href="/tha-TH1971/1Kgs/15">15</a></li>
<li><a class="" href="/tha-TH1971/1Kgs/16">16</a></li>
<li><a class="" href="/tha-TH1971/1Kgs/17">17</a></li>
<li><a class="" href="/tha-TH1971/1Kgs/18">18</a></li>
<li><a class="" href="/tha-TH1971/1Kgs/19">19</a></li>
<li><a class="" href="/tha-TH1971/1Kgs/20">20</a></li>
<li><a class="" href="/tha-TH1971/1Kgs/21">21</a></li>
<li><a class="" href="/tha-TH1971/1Kgs/22">22</a></li>
</ul></li>
<li id="2Kgs"><a data-ajax="false" data-no-loading="" href="/tha-TH1971/2Kgs#2Kgs">2 &#224;&#184;&#158;&#224;&#184;&#135;&#224;&#184;&#168;&#224;&#185;&#140;&#226;&#128;&#141;&#224;&#184;&#129;&#224;&#184;&#169;&#224;&#184;&#177;&#224;&#184;&#149;&#224;&#184;&#163;&#224;&#184;&#180;&#224;&#184;&#162;&#224;&#185;&#140; <span class="icon-down-open-1"/></a>
<ul class="chapter hide"><li><a class="" href="/tha-TH1971/2Kgs/1">1</a></li>
<li><a class="" href="/tha-TH1971/2Kgs/2">2</a></li>
<li><a class="" href="/tha-TH1971/2Kgs/3">3</a></li>
<li><a class="" href="/tha-TH1971/2Kgs/4">4</a></li>
<li><a class="" href="/tha-TH1971/2Kgs/5">5</a></li>
<li><a class="" href="/tha-TH1971/2Kgs/6">6</a></li>
<li><a class="" href="/tha-TH1971/2Kgs/7">7</a></li>
<li><a class="" href="/tha-TH1971/2Kgs/8">8</a></li>
<li><a class="" href="/tha-TH1971/2Kgs/9">9</a></li>
<li><a class="" href="/tha-TH1971/2Kgs/10">10</a></li>
<li><a class="" href="/tha-TH1971/2Kgs/11">11</a></li>
<li><a class="" href="/tha-TH1971/2Kgs/12">12</a></li>
<li><a class="" href="/tha-TH1971/2Kgs/13">13</a></li>
<li><a class="" href="/tha-TH1971/2Kgs/14">14</a></li>
<li><a class="" href="/tha-TH1971/2Kgs/15">15</a></li>
<li><a class="" href="/tha-TH1971/2Kgs/16">16</a></li>
<li><a class="" href="/tha-TH1971/2Kgs/17">17</a></li>
<li><a class="" href="/tha-TH1971/2Kgs/18">18</a></li>
<li><a class="" href="/tha-TH1971/2Kgs/19">19</a></li>
<li><a class="" href="/tha-TH1971/2Kgs/20">20</a></li>
<li><a class="" href="/tha-TH1971/2Kgs/21">21</a></li>
<li><a class="" href="/tha-TH1971/2Kgs/22">22</a></li>
<li><a class="" href="/tha-TH1971/2Kgs/23">23</a></li>
<li><a class="" href="/tha-TH1971/2Kgs/24">24</a></li>
<li><a class="" href="/tha-TH1971/2Kgs/25">25</a></li>
</ul></li>
<li id="1Chr"><a data-ajax="false" data-no-loading="" href="/tha-TH1971/1Chr#1Chr">1 &#224;&#184;&#158;&#224;&#184;&#135;&#226;&#128;&#140;&#224;&#184;&#168;&#224;&#184;&#178;&#224;&#184;&#167;&#226;&#128;&#140;&#224;&#184;&#148;&#224;&#184;&#178;&#224;&#184;&#163; <span class="icon-down-open-1"/></a>
<ul class="chapter hide"><li><a class="" href="/tha-TH1971/1Chr/1">1</a></li>
<li><a class="" href="/tha-TH1971/1Chr/2">2</a></li>
<li><a class="" href="/tha-TH1971/1Chr/3">3</a></li>
<li><a class="" href="/tha-TH1971/1Chr/4">4</a></li>
<li><a class="" href="/tha-TH1971/1Chr/5">5</a></li>
<li><a class="" href="/tha-TH1971/1Chr/6">6</a></li>
<li><a class="" href="/tha-TH1971/1Chr/7">7</a></li>
<li><a class="" href="/tha-TH1971/1Chr/8">8</a></li>
<li><a class="" href="/tha-TH1971/1Chr/9">9</a></li>
<li><a class="" href="/tha-TH1971/1Chr/10">10</a></li>
<li><a class="" href="/tha-TH1971/1Chr/11">11</a></li>
<li><a class="" href="/tha-TH1971/1Chr/12">12</a></li>
<li><a class="" href="/tha-TH1971/1Chr/13">13</a></li>
<li><a class="" href="/tha-TH1971/1Chr/14">14</a></li>
<li><a class="" href="/tha-TH1971/1Chr/15">15</a></li>
<li><a class="" href="/tha-TH1971/1Chr/16">16</a></li>
<li><a class="" href="/tha-TH1971/1Chr/17">17</a></li>
<li><a class="" href="/tha-TH1971/1Chr/18">18</a></li>
<li><a class="" href="/tha-TH1971/1Chr/19">19</a></li>
<li><a class="" href="/tha-TH1971/1Chr/20">20</a></li>
<li><a class="" href="/tha-TH1971/1Chr/21">21</a></li>
<li><a class="" href="/tha-TH1971/1Chr/22">22</a></li>
<li><a class="" href="/tha-TH1971/1Chr/23">23</a></li>
<li><a class="" href="/tha-TH1971/1Chr/24">24</a></li>
<li><a class="" href="/tha-TH1971/1Chr/25">25</a></li>
<li><a class="" href="/tha-TH1971/1Chr/26">26</a></li>
<li><a class="" href="/tha-TH1971/1Chr/27">27</a></li>
<li><a class="" href="/tha-TH1971/1Chr/28">28</a></li>
<li><a class="" href="/tha-TH1971/1Chr/29">29</a></li>
</ul></li>
<li id="2Chr"><a data-ajax="false" data-no-loading="" href="/tha-TH1971/2Chr#2Chr">2 &#224;&#184;&#158;&#224;&#184;&#135;&#226;&#128;&#140;&#224;&#184;&#168;&#224;&#184;&#178;&#224;&#184;&#167;&#226;&#128;&#140;&#224;&#184;&#148;&#224;&#184;&#178;&#224;&#184;&#163; <span class="icon-down-open-1"/></a>
<ul class="chapter hide"><li><a class="" href="/tha-TH1971/2Chr/1">1</a></li>
<li><a class="" href="/tha-TH1971/2Chr/2">2</a></li>
<li><a class="" href="/tha-TH1971/2Chr/3">3</a></li>
<li><a class="" href="/tha-TH1971/2Chr/4">4</a></li>
<li><a class="" href="/tha-TH1971/2Chr/5">5</a></li>
<li><a class="" href="/tha-TH1971/2Chr/6">6</a></li>
<li><a class="" href="/tha-TH1971/2Chr/7">7</a></li>
<li><a class="" href="/tha-TH1971/2Chr/8">8</a></li>
<li><a class="" href="/tha-TH1971/2Chr/9">9</a></li>
<li><a class="" href="/tha-TH1971/2Chr/10">10</a></li>
<li><a class="" href="/tha-TH1971/2Chr/11">11</a></li>
<li><a class="" href="/tha-TH1971/2Chr/12">12</a></li>
<li><a class="" href="/tha-TH1971/2Chr/13">13</a></li>
<li><a class="" href="/tha-TH1971/2Chr/14">14</a></li>
<li><a class="" href="/tha-TH1971/2Chr/15">15</a></li>
<li><a class="" href="/tha-TH1971/2Chr/16">16</a></li>
<li><a class="" href="/tha-TH1971/2Chr/17">17</a></li>
<li><a class="" href="/tha-TH1971/2Chr/18">18</a></li>
<li><a class="" href="/tha-TH1971/2Chr/19">19</a></li>
<li><a class="" href="/tha-TH1971/2Chr/20">20</a></li>
<li><a class="" href="/tha-TH1971/2Chr/21">21</a></li>
<li><a class="" href="/tha-TH1971/2Chr/22">22</a></li>
<li><a class="" href="/tha-TH1971/2Chr/23">23</a></li>
<li><a class="" href="/tha-TH1971/2Chr/24">24</a></li>
<li><a class="" href="/tha-TH1971/2Chr/25">25</a></li>
<li><a class="" href="/tha-TH1971/2Chr/26">26</a></li>
<li><a class="" href="/tha-TH1971/2Chr/27">27</a></li>
<li><a class="" href="/tha-TH1971/2Chr/28">28</a></li>
<li><a class="" href="/tha-TH1971/2Chr/29">29</a></li>
<li><a class="" href="/tha-TH1971/2Chr/30">30</a></li>
<li><a class="" href="/tha-TH1971/2Chr/31">31</a></li>
<li><a class="" href="/tha-TH1971/2Chr/32">32</a></li>
<li><a class="" href="/tha-TH1971/2Chr/33">33</a></li>
<li><a class="" href="/tha-TH1971/2Chr/34">34</a></li>
<li><a class="" href="/tha-TH1971/2Chr/35">35</a></li>
<li><a class="" href="/tha-TH1971/2Chr/36">36</a></li>
</ul></li>
<li id="Ezra"><a data-ajax="false" data-no-loading="" href="/tha-TH1971/Ezra#Ezra">&#224;&#185;&#128;&#224;&#184;&#173;&#224;&#184;&#170;&#226;&#128;&#140;&#224;&#184;&#163;&#224;&#184;&#178; <span class="icon-down-open-1"/></a>
<ul class="chapter hide"><li><a class="" href="/tha-TH1971/Ezra/1">1</a></li>
<li><a class="" href="/tha-TH1971/Ezra/2">2</a></li>
<li><a class="" href="/tha-TH1971/Ezra/3">3</a></li>
<li><a class="" href="/tha-TH1971/Ezra/4">4</a></li>
<li><a class="" href="/tha-TH1971/Ezra/5">5</a></li>
<li><a class="" href="/tha-TH1971/Ezra/6">6</a></li>
<li><a class="" href="/tha-TH1971/Ezra/7">7</a></li>
<li><a class="" href="/tha-TH1971/Ezra/8">8</a></li>
<li><a class="" href="/tha-TH1971/Ezra/9">9</a></li>
<li><a class="" href="/tha-TH1971/Ezra/10">10</a></li>
</ul></li>
<li id="Neh"><a data-ajax="false" data-no-loading="" href="/tha-TH1971/Neh#Neh">&#224;&#185;&#128;&#224;&#184;&#153;&#224;&#184;&#171;&#224;&#184;&#176;&#226;&#128;&#140;&#224;&#184;&#161;&#224;&#184;&#181;&#224;&#184;&#162;&#224;&#185;&#140; <span class="icon-down-open-1"/></a>
<ul class="chapter hide"><li><a class="" href="/tha-TH1971/Neh/1">1</a></li>
<li><a class="" href="/tha-TH1971/Neh/2">2</a></li>
<li><a class="" href="/tha-TH1971/Neh/3">3</a></li>
<li><a class="" href="/tha-TH1971/Neh/4">4</a></li>
<li><a class="" href="/tha-TH1971/Neh/5">5</a></li>
<li><a class="" href="/tha-TH1971/Neh/6">6</a></li>
<li><a class="" href="/tha-TH1971/Neh/7">7</a></li>
<li><a class="" href="/tha-TH1971/Neh/8">8</a></li>
<li><a class="" href="/tha-TH1971/Neh/9">9</a></li>
<li><a class="" href="/tha-TH1971/Neh/10">10</a></li>
<li><a class="" href="/tha-TH1971/Neh/11">11</a></li>
<li><a class="" href="/tha-TH1971/Neh/12">12</a></li>
<li><a class="" href="/tha-TH1971/Neh/13">13</a></li>
</ul></li>
<li id="Esth"><a data-ajax="false" data-no-loading="" href="/tha-TH1971/Esth#Esth">&#224;&#185;&#128;&#224;&#184;&#173;&#224;&#184;&#170;&#226;&#128;&#140;&#224;&#185;&#128;&#224;&#184;&#152;&#224;&#184;&#173;&#224;&#184;&#163;&#224;&#185;&#140; <span class="icon-down-open-1"/></a>
<ul class="chapter hide"><li><a class="" href="/tha-TH1971/Esth/1">1</a></li>
<li><a class="" href="/tha-TH1971/Esth/2">2</a></li>
<li><a class="" href="/tha-TH1971/Esth/3">3</a></li>
<li><a class="" href="/tha-TH1971/Esth/4">4</a></li>
<li><a class="" href="/tha-TH1971/Esth/5">5</a></li>
<li><a class="" href="/tha-TH1971/Esth/6">6</a></li>
<li><a class="" href="/tha-TH1971/Esth/7">7</a></li>
<li><a class="" href="/tha-TH1971/Esth/8">8</a></li>
<li><a class="" href="/tha-TH1971/Esth/9">9</a></li>
<li><a class="" href="/tha-TH1971/Esth/10">10</a></li>
</ul></li>
<li id="Job"><a data-ajax="false" data-no-loading="" href="/tha-TH1971/Job#Job">&#224;&#185;&#130;&#224;&#184;&#162;&#224;&#184;&#154; <span class="icon-down-open-1"/></a>
<ul class="chapter hide"><li><a class="" href="/tha-TH1971/Job/1">1</a></li>
<li><a class="" href="/tha-TH1971/Job/2">2</a></li>
<li><a class="" href="/tha-TH1971/Job/3">3</a></li>
<li><a class="" href="/tha-TH1971/Job/4">4</a></li>
<li><a class="" href="/tha-TH1971/Job/5">5</a></li>
<li><a class="" href="/tha-TH1971/Job/6">6</a></li>
<li><a class="" href="/tha-TH1971/Job/7">7</a></li>
<li><a class="" href="/tha-TH1971/Job/8">8</a></li>
<li><a class="" href="/tha-TH1971/Job/9">9</a></li>
<li><a class="" href="/tha-TH1971/Job/10">10</a></li>
<li><a class="" href="/tha-TH1971/Job/11">11</a></li>
<li><a class="" href="/tha-TH1971/Job/12">12</a></li>
<li><a class="" href="/tha-TH1971/Job/13">13</a></li>
<li><a class="" href="/tha-TH1971/Job/14">14</a></li>
<li><a class="" href="/tha-TH1971/Job/15">15</a></li>
<li><a class="" href="/tha-TH1971/Job/16">16</a></li>
<li><a class="" href="/tha-TH1971/Job/17">17</a></li>
<li><a class="" href="/tha-TH1971/Job/18">18</a></li>
<li><a class="" href="/tha-TH1971/Job/19">19</a></li>
<li><a class="" href="/tha-TH1971/Job/20">20</a></li>
<li><a class="" href="/tha-TH1971/Job/21">21</a></li>
<li><a class="" href="/tha-TH1971/Job/22">22</a></li>
<li><a class="" href="/tha-TH1971/Job/23">23</a></li>
<li><a class="" href="/tha-TH1971/Job/24">24</a></li>
<li><a class="" href="/tha-TH1971/Job/25">25</a></li>
<li><a class="" href="/tha-TH1971/Job/26">26</a></li>
<li><a class="" href="/tha-TH1971/Job/27">27</a></li>
<li><a class="" href="/tha-TH1971/Job/28">28</a></li>
<li><a class="" href="/tha-TH1971/Job/29">29</a></li>
<li><a class="" href="/tha-TH1971/Job/30">30</a></li>
<li><a class="" href="/tha-TH1971/Job/31">31</a></li>
<li><a class="" href="/tha-TH1971/Job/32">32</a></li>
<li><a class="" href="/tha-TH1971/Job/33">33</a></li>
<li><a class="" href="/tha-TH1971/Job/34">34</a></li>
<li><a class="" href="/tha-TH1971/Job/35">35</a></li>
<li><a class="" href="/tha-TH1971/Job/36">36</a></li>
<li><a class="" href="/tha-TH1971/Job/37">37</a></li>
<li><a class="" href="/tha-TH1971/Job/38">38</a></li>
<li><a class="" href="/tha-TH1971/Job/39">39</a></li>
<li><a class="" href="/tha-TH1971/Job/40">40</a></li>
<li><a class="" href="/tha-TH1971/Job/41">41</a></li>
<li><a class="" href="/tha-TH1971/Job/42">42</a></li>
</ul></li>
<li id="Ps"><a data-ajax="false" data-no-loading="" href="/tha-TH1971/Ps#Ps">&#224;&#184;&#170;&#224;&#184;&#148;&#224;&#184;&#184;&#224;&#184;&#148;&#224;&#184;&#181; <span class="icon-down-open-1"/></a>
<ul class="chapter hide"><li><a class="" href="/tha-TH1971/Ps/1">1</a></li>
<li><a class="" href="/tha-TH1971/Ps/2">2</a></li>
<li><a class="" href="/tha-TH1971/Ps/3">3</a></li>
<li><a class="" href="/tha-TH1971/Ps/4">4</a></li>
<li><a class="" href="/tha-TH1971/Ps/5">5</a></li>
<li><a class="" href="/tha-TH1971/Ps/6">6</a></li>
<li><a class="" href="/tha-TH1971/Ps/7">7</a></li>
<li><a class="" href="/tha-TH1971/Ps/8">8</a></li>
<li><a class="" href="/tha-TH1971/Ps/9">9</a></li>
<li><a class="" href="/tha-TH1971/Ps/10">10</a></li>
<li><a class="" href="/tha-TH1971/Ps/11">11</a></li>
<li><a class="" href="/tha-TH1971/Ps/12">12</a></li>
<li><a class="" href="/tha-TH1971/Ps/13">13</a></li>
<li><a class="" href="/tha-TH1971/Ps/14">14</a></li>
<li><a class="" href="/tha-TH1971/Ps/15">15</a></li>
<li><a class="" href="/tha-TH1971/Ps/16">16</a></li>
<li><a class="" href="/tha-TH1971/Ps/17">17</a></li>
<li><a class="" href="/tha-TH1971/Ps/18">18</a></li>
<li><a class="" href="/tha-TH1971/Ps/19">19</a></li>
<li><a class="" href="/tha-TH1971/Ps/20">20</a></li>
<li><a class="" href="/tha-TH1971/Ps/21">21</a></li>
<li><a class="" href="/tha-TH1971/Ps/22">22</a></li>
<li><a class="" href="/tha-TH1971/Ps/23">23</a></li>
<li><a class="" href="/tha-TH1971/Ps/24">24</a></li>
<li><a class="" href="/tha-TH1971/Ps/25">25</a></li>
<li><a class="" href="/tha-TH1971/Ps/26">26</a></li>
<li><a class="" href="/tha-TH1971/Ps/27">27</a></li>
<li><a class="" href="/tha-TH1971/Ps/28">28</a></li>
<li><a class="" href="/tha-TH1971/Ps/29">29</a></li>
<li><a class="" href="/tha-TH1971/Ps/30">30</a></li>
<li><a class="" href="/tha-TH1971/Ps/31">31</a></li>
<li><a class="" href="/tha-TH1971/Ps/32">32</a></li>
<li><a class="" href="/tha-TH1971/Ps/33">33</a></li>
<li><a class="" href="/tha-TH1971/Ps/34">34</a></li>
<li><a class="" href="/tha-TH1971/Ps/35">35</a></li>
<li><a class="" href="/tha-TH1971/Ps/36">36</a></li>
<li><a class="" href="/tha-TH1971/Ps/37">37</a></li>
<li><a class="" href="/tha-TH1971/Ps/38">38</a></li>
<li><a class="" href="/tha-TH1971/Ps/39">39</a></li>
<li><a class="" href="/tha-TH1971/Ps/40">40</a></li>
<li><a class="" href="/tha-TH1971/Ps/41">41</a></li>
<li><a class="" href="/tha-TH1971/Ps/42">42</a></li>
<li><a class="" href="/tha-TH1971/Ps/43">43</a></li>
<li><a class="" href="/tha-TH1971/Ps/44">44</a></li>
<li><a class="" href="/tha-TH1971/Ps/45">45</a></li>
<li><a class="" href="/tha-TH1971/Ps/46">46</a></li>
<li><a class="" href="/tha-TH1971/Ps/47">47</a></li>
<li><a class="" href="/tha-TH1971/Ps/48">48</a></li>
<li><a class="" href="/tha-TH1971/Ps/49">49</a></li>
<li><a class="" href="/tha-TH1971/Ps/50">50</a></li>
<li><a class="" href="/tha-TH1971/Ps/51">51</a></li>
<li><a class="" href="/tha-TH1971/Ps/52">52</a></li>
<li><a class="" href="/tha-TH1971/Ps/53">53</a></li>
<li><a class="" href="/tha-TH1971/Ps/54">54</a></li>
<li><a class="" href="/tha-TH1971/Ps/55">55</a></li>
<li><a class="" href="/tha-TH1971/Ps/56">56</a></li>
<li><a class="" href="/tha-TH1971/Ps/57">57</a></li>
<li><a class="" href="/tha-TH1971/Ps/58">58</a></li>
<li><a class="" href="/tha-TH1971/Ps/59">59</a></li>
<li><a class="" href="/tha-TH1971/Ps/60">60</a></li>
<li><a class="" href="/tha-TH1971/Ps/61">61</a></li>
<li><a class="" href="/tha-TH1971/Ps/62">62</a></li>
<li><a class="" href="/tha-TH1971/Ps/63">63</a></li>
<li><a class="" href="/tha-TH1971/Ps/64">64</a></li>
<li><a class="" href="/tha-TH1971/Ps/65">65</a></li>
<li><a class="" href="/tha-TH1971/Ps/66">66</a></li>
<li><a class="" href="/tha-TH1971/Ps/67">67</a></li>
<li><a class="" href="/tha-TH1971/Ps/68">68</a></li>
<li><a class="" href="/tha-TH1971/Ps/69">69</a></li>
<li><a class="" href="/tha-TH1971/Ps/70">70</a></li>
<li><a class="" href="/tha-TH1971/Ps/71">71</a></li>
<li><a class="" href="/tha-TH1971/Ps/72">72</a></li>
<li><a class="" href="/tha-TH1971/Ps/73">73</a></li>
<li><a class="" href="/tha-TH1971/Ps/74">74</a></li>
<li><a class="" href="/tha-TH1971/Ps/75">75</a></li>
<li><a class="" href="/tha-TH1971/Ps/76">76</a></li>
<li><a class="" href="/tha-TH1971/Ps/77">77</a></li>
<li><a class="" href="/tha-TH1971/Ps/78">78</a></li>
<li><a class="" href="/tha-TH1971/Ps/79">79</a></li>
<li><a class="" href="/tha-TH1971/Ps/80">80</a></li>
<li><a class="" href="/tha-TH1971/Ps/81">81</a></li>
<li><a class="" href="/tha-TH1971/Ps/82">82</a></li>
<li><a class="" href="/tha-TH1971/Ps/83">83</a></li>
<li><a class="" href="/tha-TH1971/Ps/84">84</a></li>
<li><a class="" href="/tha-TH1971/Ps/85">85</a></li>
<li><a class="" href="/tha-TH1971/Ps/86">86</a></li>
<li><a class="" href="/tha-TH1971/Ps/87">87</a></li>
<li><a class="" href="/tha-TH1971/Ps/88">88</a></li>
<li><a class="" href="/tha-TH1971/Ps/89">89</a></li>
<li><a class="" href="/tha-TH1971/Ps/90">90</a></li>
<li><a class="" href="/tha-TH1971/Ps/91">91</a></li>
<li><a class="" href="/tha-TH1971/Ps/92">92</a></li>
<li><a class="" href="/tha-TH1971/Ps/93">93</a></li>
<li><a class="" href="/tha-TH1971/Ps/94">94</a></li>
<li><a class="" href="/tha-TH1971/Ps/95">95</a></li>
<li><a class="" href="/tha-TH1971/Ps/96">96</a></li>
<li><a class="" href="/tha-TH1971/Ps/97">97</a></li>
<li><a class="" href="/tha-TH1971/Ps/98">98</a></li>
<li><a class="" href="/tha-TH1971/Ps/99">99</a></li>
<li><a class="" href="/tha-TH1971/Ps/100">100</a></li>
<li><a class="" href="/tha-TH1971/Ps/101">101</a></li>
<li><a class="" href="/tha-TH1971/Ps/102">102</a></li>
<li><a class="" href="/tha-TH1971/Ps/103">103</a></li>
<li><a class="" href="/tha-TH1971/Ps/104">104</a></li>
<li><a class="" href="/tha-TH1971/Ps/105">105</a></li>
<li><a class="" href="/tha-TH1971/Ps/106">106</a></li>
<li><a class="" href="/tha-TH1971/Ps/107">107</a></li>
<li><a class="" href="/tha-TH1971/Ps/108">108</a></li>
<li><a class="" href="/tha-TH1971/Ps/109">109</a></li>
<li><a class="" href="/tha-TH1971/Ps/110">110</a></li>
<li><a class="" href="/tha-TH1971/Ps/111">111</a></li>
<li><a class="" href="/tha-TH1971/Ps/112">112</a></li>
<li><a class="" href="/tha-TH1971/Ps/113">113</a></li>
<li><a class="" href="/tha-TH1971/Ps/114">114</a></li>
<li><a class="" href="/tha-TH1971/Ps/115">115</a></li>
<li><a class="" href="/tha-TH1971/Ps/116">116</a></li>
<li><a class="" href="/tha-TH1971/Ps/117">117</a></li>
<li><a class="" href="/tha-TH1971/Ps/118">118</a></li>
<li><a class="" href="/tha-TH1971/Ps/119">119</a></li>
<li><a class="" href="/tha-TH1971/Ps/120">120</a></li>
<li><a class="" href="/tha-TH1971/Ps/121">121</a></li>
<li><a class="" href="/tha-TH1971/Ps/122">122</a></li>
<li><a class="" href="/tha-TH1971/Ps/123">123</a></li>
<li><a class="" href="/tha-TH1971/Ps/124">124</a></li>
<li><a class="" href="/tha-TH1971/Ps/125">125</a></li>
<li><a class="" href="/tha-TH1971/Ps/126">126</a></li>
<li><a class="" href="/tha-TH1971/Ps/127">127</a></li>
<li><a class="" href="/tha-TH1971/Ps/128">128</a></li>
<li><a class="" href="/tha-TH1971/Ps/129">129</a></li>
<li><a class="" href="/tha-TH1971/Ps/130">130</a></li>
<li><a class="" href="/tha-TH1971/Ps/131">131</a></li>
<li><a class="" href="/tha-TH1971/Ps/132">132</a></li>
<li><a class="" href="/tha-TH1971/Ps/133">133</a></li>
<li><a class="" href="/tha-TH1971/Ps/134">134</a></li>
<li><a class="" href="/tha-TH1971/Ps/135">135</a></li>
<li><a class="" href="/tha-TH1971/Ps/136">136</a></li>
<li><a class="" href="/tha-TH1971/Ps/137">137</a></li>
<li><a class="" href="/tha-TH1971/Ps/138">138</a></li>
<li><a class="" href="/tha-TH1971/Ps/139">139</a></li>
<li><a class="" href="/tha-TH1971/Ps/140">140</a></li>
<li><a class="" href="/tha-TH1971/Ps/141">141</a></li>
<li><a class="" href="/tha-TH1971/Ps/142">142</a></li>
<li><a class="" href="/tha-TH1971/Ps/143">143</a></li>
<li><a class="" href="/tha-TH1971/Ps/144">144</a></li>
<li><a class="" href="/tha-TH1971/Ps/145">145</a></li>
<li><a class="" href="/tha-TH1971/Ps/146">146</a></li>
<li><a class="" href="/tha-TH1971/Ps/147">147</a></li>
<li><a class="" href="/tha-TH1971/Ps/148">148</a></li>
<li><a class="" href="/tha-TH1971/Ps/149">149</a></li>
<li><a class="" href="/tha-TH1971/Ps/150">150</a></li>
</ul></li>
<li id="Prov"><a data-ajax="false" data-no-loading="" href="/tha-TH1971/Prov#Prov">&#224;&#184;&#170;&#224;&#184;&#184;&#224;&#184;&#160;&#224;&#184;&#178;&#226;&#128;&#140;&#224;&#184;&#169;&#224;&#184;&#180;&#224;&#184;&#149; <span class="icon-down-open-1"/></a>
<ul class="chapter hide"><li><a class="" href="/tha-TH1971/Prov/1">1</a></li>
<li><a class="" href="/tha-TH1971/Prov/2">2</a></li>
<li><a class="" href="/tha-TH1971/Prov/3">3</a></li>
<li><a class="" href="/tha-TH1971/Prov/4">4</a></li>
<li><a class="" href="/tha-TH1971/Prov/5">5</a></li>
<li><a class="" href="/tha-TH1971/Prov/6">6</a></li>
<li><a class="" href="/tha-TH1971/Prov/7">7</a></li>
<li><a class="" href="/tha-TH1971/Prov/8">8</a></li>
<li><a class="" href="/tha-TH1971/Prov/9">9</a></li>
<li><a class="" href="/tha-TH1971/Prov/10">10</a></li>
<li><a class="" href="/tha-TH1971/Prov/11">11</a></li>
<li><a class="" href="/tha-TH1971/Prov/12">12</a></li>
<li><a class="" href="/tha-TH1971/Prov/13">13</a></li>
<li><a class="" href="/tha-TH1971/Prov/14">14</a></li>
<li><a class="" href="/tha-TH1971/Prov/15">15</a></li>
<li><a class="" href="/tha-TH1971/Prov/16">16</a></li>
<li><a class="" href="/tha-TH1971/Prov/17">17</a></li>
<li><a class="" href="/tha-TH1971/Prov/18">18</a></li>
<li><a class="" href="/tha-TH1971/Prov/19">19</a></li>
<li><a class="" href="/tha-TH1971/Prov/20">20</a></li>
<li><a class="" href="/tha-TH1971/Prov/21">21</a></li>
<li><a class="" href="/tha-TH1971/Prov/22">22</a></li>
<li><a class="" href="/tha-TH1971/Prov/23">23</a></li>
<li><a class="" href="/tha-TH1971/Prov/24">24</a></li>
<li><a class="" href="/tha-TH1971/Prov/25">25</a></li>
<li><a class="" href="/tha-TH1971/Prov/26">26</a></li>
<li><a class="" href="/tha-TH1971/Prov/27">27</a></li>
<li><a class="" href="/tha-TH1971/Prov/28">28</a></li>
<li><a class="" href="/tha-TH1971/Prov/29">29</a></li>
<li><a class="" href="/tha-TH1971/Prov/30">30</a></li>
<li><a class="" href="/tha-TH1971/Prov/31">31</a></li>
</ul></li>
<li id="Eccl"><a data-ajax="false" data-no-loading="" href="/tha-TH1971/Eccl#Eccl">&#224;&#184;&#155;&#224;&#184;&#177;&#224;&#184;&#141;&#226;&#128;&#140;&#224;&#184;&#141;&#224;&#184;&#178;&#226;&#128;&#140;&#224;&#184;&#136;&#224;&#184;&#178;&#224;&#184;&#163;&#224;&#184;&#162;&#224;&#185;&#140; <span class="icon-down-open-1"/></a>
<ul class="chapter hide"><li><a class="" href="/tha-TH1971/Eccl/1">1</a></li>
<li><a class="" href="/tha-TH1971/Eccl/2">2</a></li>
<li><a class="" href="/tha-TH1971/Eccl/3">3</a></li>
<li><a class="" href="/tha-TH1971/Eccl/4">4</a></li>
<li><a class="" href="/tha-TH1971/Eccl/5">5</a></li>
<li><a class="" href="/tha-TH1971/Eccl/6">6</a></li>
<li><a class="" href="/tha-TH1971/Eccl/7">7</a></li>
<li><a class="" href="/tha-TH1971/Eccl/8">8</a></li>
<li><a class="" href="/tha-TH1971/Eccl/9">9</a></li>
<li><a class="" href="/tha-TH1971/Eccl/10">10</a></li>
<li><a class="" href="/tha-TH1971/Eccl/11">11</a></li>
<li><a class="" href="/tha-TH1971/Eccl/12">12</a></li>
</ul></li>
<li id="Song"><a data-ajax="false" data-no-loading="" href="/tha-TH1971/Song#Song">&#224;&#185;&#128;&#224;&#184;&#158;&#224;&#184;&#165;&#224;&#184;&#135;&#226;&#128;&#141;&#224;&#184;&#139;&#224;&#184;&#178;&#226;&#128;&#140;&#224;&#185;&#130;&#224;&#184;&#165;&#226;&#128;&#140;&#224;&#184;&#161;&#224;&#184;&#173;&#224;&#184;&#153; <span class="icon-down-open-1"/></a>
<ul class="chapter hide"><li><a class="" href="/tha-TH1971/Song/1">1</a></li>
<li><a class="" href="/tha-TH1971/Song/2">2</a></li>
<li><a class="" href="/tha-TH1971/Song/3">3</a></li>
<li><a class="" href="/tha-TH1971/Song/4">4</a></li>
<li><a class="" href="/tha-TH1971/Song/5">5</a></li>
<li><a class="" href="/tha-TH1971/Song/6">6</a></li>
<li><a class="" href="/tha-TH1971/Song/7">7</a></li>
<li><a class="" href="/tha-TH1971/Song/8">8</a></li>
</ul></li>
<li id="Isa"><a data-ajax="false" data-no-loading="" href="/tha-TH1971/Isa#Isa">&#224;&#184;&#173;&#224;&#184;&#180;&#224;&#184;&#170;&#226;&#128;&#140;&#224;&#184;&#162;&#224;&#184;&#178;&#224;&#184;&#171;&#224;&#185;&#140; <span class="icon-down-open-1"/></a>
<ul class="chapter hide"><li><a class="" href="/tha-TH1971/Isa/1">1</a></li>
<li><a class="" href="/tha-TH1971/Isa/2">2</a></li>
<li><a class="" href="/tha-TH1971/Isa/3">3</a></li>
<li><a class="" href="/tha-TH1971/Isa/4">4</a></li>
<li><a class="" href="/tha-TH1971/Isa/5">5</a></li>
<li><a class="" href="/tha-TH1971/Isa/6">6</a></li>
<li><a class="" href="/tha-TH1971/Isa/7">7</a></li>
<li><a class="" href="/tha-TH1971/Isa/8">8</a></li>
<li><a class="" href="/tha-TH1971/Isa/9">9</a></li>
<li><a class="" href="/tha-TH1971/Isa/10">10</a></li>
<li><a class="" href="/tha-TH1971/Isa/11">11</a></li>
<li><a class="" href="/tha-TH1971/Isa/12">12</a></li>
<li><a class="" href="/tha-TH1971/Isa/13">13</a></li>
<li><a class="" href="/tha-TH1971/Isa/14">14</a></li>
<li><a class="" href="/tha-TH1971/Isa/15">15</a></li>
<li><a class="" href="/tha-TH1971/Isa/16">16</a></li>
<li><a class="" href="/tha-TH1971/Isa/17">17</a></li>
<li><a class="" href="/tha-TH1971/Isa/18">18</a></li>
<li><a class="" href="/tha-TH1971/Isa/19">19</a></li>
<li><a class="" href="/tha-TH1971/Isa/20">20</a></li>
<li><a class="" href="/tha-TH1971/Isa/21">21</a></li>
<li><a class="" href="/tha-TH1971/Isa/22">22</a></li>
<li><a class="" href="/tha-TH1971/Isa/23">23</a></li>
<li><a class="" href="/tha-TH1971/Isa/24">24</a></li>
<li><a class="" href="/tha-TH1971/Isa/25">25</a></li>
<li><a class="" href="/tha-TH1971/Isa/26">26</a></li>
<li><a class="" href="/tha-TH1971/Isa/27">27</a></li>
<li><a class="" href="/tha-TH1971/Isa/28">28</a></li>
<li><a class="" href="/tha-TH1971/Isa/29">29</a></li>
<li><a class="" href="/tha-TH1971/Isa/30">30</a></li>
<li><a class="" href="/tha-TH1971/Isa/31">31</a></li>
<li><a class="" href="/tha-TH1971/Isa/32">32</a></li>
<li><a class="" href="/tha-TH1971/Isa/33">33</a></li>
<li><a class="" href="/tha-TH1971/Isa/34">34</a></li>
<li><a class="" href="/tha-TH1971/Isa/35">35</a></li>
<li><a class="" href="/tha-TH1971/Isa/36">36</a></li>
<li><a class="" href="/tha-TH1971/Isa/37">37</a></li>
<li><a class="" href="/tha-TH1971/Isa/38">38</a></li>
<li><a class="" href="/tha-TH1971/Isa/39">39</a></li>
<li><a class="" href="/tha-TH1971/Isa/40">40</a></li>
<li><a class="" href="/tha-TH1971/Isa/41">41</a></li>
<li><a class="" href="/tha-TH1971/Isa/42">42</a></li>
<li><a class="" href="/tha-TH1971/Isa/43">43</a></li>
<li><a class="" href="/tha-TH1971/Isa/44">44</a></li>
<li><a class="" href="/tha-TH1971/Isa/45">45</a></li>
<li><a class="" href="/tha-TH1971/Isa/46">46</a></li>
<li><a class="" href="/tha-TH1971/Isa/47">47</a></li>
<li><a class="" href="/tha-TH1971/Isa/48">48</a></li>
<li><a class="" href="/tha-TH1971/Isa/49">49</a></li>
<li><a class="" href="/tha-TH1971/Isa/50">50</a></li>
<li><a class="" href="/tha-TH1971/Isa/51">51</a></li>
<li><a class="" href="/tha-TH1971/Isa/52">52</a></li>
<li><a class="" href="/tha-TH1971/Isa/53">53</a></li>
<li><a class="" href="/tha-TH1971/Isa/54">54</a></li>
<li><a class="" href="/tha-TH1971/Isa/55">55</a></li>
<li><a class="" href="/tha-TH1971/Isa/56">56</a></li>
<li><a class="" href="/tha-TH1971/Isa/57">57</a></li>
<li><a class="" href="/tha-TH1971/Isa/58">58</a></li>
<li><a class="" href="/tha-TH1971/Isa/59">59</a></li>
<li><a class="" href="/tha-TH1971/Isa/60">60</a></li>
<li><a class="" href="/tha-TH1971/Isa/61">61</a></li>
<li><a class="" href="/tha-TH1971/Isa/62">62</a></li>
<li><a class="" href="/tha-TH1971/Isa/63">63</a></li>
<li><a class="" href="/tha-TH1971/Isa/64">64</a></li>
<li><a class="" href="/tha-TH1971/Isa/65">65</a></li>
<li><a class="" href="/tha-TH1971/Isa/66">66</a></li>
</ul></li>
<li id="Jer"><a data-ajax="false" data-no-loading="" href="/tha-TH1971/Jer#Jer">&#224;&#185;&#128;&#224;&#184;&#162;&#226;&#128;&#140;&#224;&#185;&#128;&#224;&#184;&#163;&#226;&#128;&#140;&#224;&#184;&#161;&#224;&#184;&#181;&#224;&#184;&#162;&#224;&#185;&#140; <span class="icon-down-open-1"/></a>
<ul class="chapter hide"><li><a class="" href="/tha-TH1971/Jer/1">1</a></li>
<li><a class="" href="/tha-TH1971/Jer/2">2</a></li>
<li><a class="" href="/tha-TH1971/Jer/3">3</a></li>
<li><a class="" href="/tha-TH1971/Jer/4">4</a></li>
<li><a class="" href="/tha-TH1971/Jer/5">5</a></li>
<li><a class="" href="/tha-TH1971/Jer/6">6</a></li>
<li><a class="" href="/tha-TH1971/Jer/7">7</a></li>
<li><a class="" href="/tha-TH1971/Jer/8">8</a></li>
<li><a class="" href="/tha-TH1971/Jer/9">9</a></li>
<li><a class="" href="/tha-TH1971/Jer/10">10</a></li>
<li><a class="" href="/tha-TH1971/Jer/11">11</a></li>
<li><a class="" href="/tha-TH1971/Jer/12">12</a></li>
<li><a class="" href="/tha-TH1971/Jer/13">13</a></li>
<li><a class="" href="/tha-TH1971/Jer/14">14</a></li>
<li><a class="" href="/tha-TH1971/Jer/15">15</a></li>
<li><a class="" href="/tha-TH1971/Jer/16">16</a></li>
<li><a class="" href="/tha-TH1971/Jer/17">17</a></li>
<li><a class="" href="/tha-TH1971/Jer/18">18</a></li>
<li><a class="" href="/tha-TH1971/Jer/19">19</a></li>
<li><a class="" href="/tha-TH1971/Jer/20">20</a></li>
<li><a class="" href="/tha-TH1971/Jer/21">21</a></li>
<li><a class="" href="/tha-TH1971/Jer/22">22</a></li>
<li><a class="" href="/tha-TH1971/Jer/23">23</a></li>
<li><a class="" href="/tha-TH1971/Jer/24">24</a></li>
<li><a class="" href="/tha-TH1971/Jer/25">25</a></li>
<li><a class="" href="/tha-TH1971/Jer/26">26</a></li>
<li><a class="" href="/tha-TH1971/Jer/27">27</a></li>
<li><a class="" href="/tha-TH1971/Jer/28">28</a></li>
<li><a class="" href="/tha-TH1971/Jer/29">29</a></li>
<li><a class="" href="/tha-TH1971/Jer/30">30</a></li>
<li><a class="" href="/tha-TH1971/Jer/31">31</a></li>
<li><a class="" href="/tha-TH1971/Jer/32">32</a></li>
<li><a class="" href="/tha-TH1971/Jer/33">33</a></li>
<li><a class="" href="/tha-TH1971/Jer/34">34</a></li>
<li><a class="" href="/tha-TH1971/Jer/35">35</a></li>
<li><a class="" href="/tha-TH1971/Jer/36">36</a></li>
<li><a class="" href="/tha-TH1971/Jer/37">37</a></li>
<li><a class="" href="/tha-TH1971/Jer/38">38</a></li>
<li><a class="" href="/tha-TH1971/Jer/39">39</a></li>
<li><a class="" href="/tha-TH1971/Jer/40">40</a></li>
<li><a class="" href="/tha-TH1971/Jer/41">41</a></li>
<li><a class="" href="/tha-TH1971/Jer/42">42</a></li>
<li><a class="" href="/tha-TH1971/Jer/43">43</a></li>
<li><a class="" href="/tha-TH1971/Jer/44">44</a></li>
<li><a class="" href="/tha-TH1971/Jer/45">45</a></li>
<li><a class="" href="/tha-TH1971/Jer/46">46</a></li>
<li><a class="" href="/tha-TH1971/Jer/47">47</a></li>
<li><a class="" href="/tha-TH1971/Jer/48">48</a></li>
<li><a class="" href="/tha-TH1971/Jer/49">49</a></li>
<li><a class="" href="/tha-TH1971/Jer/50">50</a></li>
<li><a class="" href="/tha-TH1971/Jer/51">51</a></li>
<li><a class="" href="/tha-TH1971/Jer/52">52</a></li>
</ul></li>
<li id="Lam"><a data-ajax="false" data-no-loading="" href="/tha-TH1971/Lam#Lam">&#224;&#184;&#154;&#224;&#184;&#151;&#226;&#128;&#141;&#224;&#185;&#128;&#224;&#184;&#158;&#224;&#184;&#165;&#224;&#184;&#135;&#226;&#128;&#139;&#224;&#184;&#132;&#224;&#184;&#163;&#224;&#185;&#136;&#224;&#184;&#179;&#226;&#128;&#141;&#224;&#184;&#132;&#224;&#184;&#163;&#224;&#184;&#167;&#224;&#184;&#141; <span class="icon-down-open-1"/></a>
<ul class="chapter hide"><li><a class="" href="/tha-TH1971/Lam/1">1</a></li>
<li><a class="" href="/tha-TH1971/Lam/2">2</a></li>
<li><a class="" href="/tha-TH1971/Lam/3">3</a></li>
<li><a class="" href="/tha-TH1971/Lam/4">4</a></li>
<li><a class="" href="/tha-TH1971/Lam/5">5</a></li>
</ul></li>
<li id="Ezek"><a data-ajax="false" data-no-loading="" href="/tha-TH1971/Ezek#Ezek">&#224;&#185;&#128;&#224;&#184;&#173;&#226;&#128;&#140;&#224;&#185;&#128;&#224;&#184;&#170;&#226;&#128;&#140;&#224;&#185;&#128;&#224;&#184;&#132;&#224;&#184;&#181;&#224;&#184;&#162;&#224;&#184;&#165; <span class="icon-down-open-1"/></a>
<ul class="chapter hide"><li><a class="" href="/tha-TH1971/Ezek/1">1</a></li>
<li><a class="" href="/tha-TH1971/Ezek/2">2</a></li>
<li><a class="" href="/tha-TH1971/Ezek/3">3</a></li>
<li><a class="" href="/tha-TH1971/Ezek/4">4</a></li>
<li><a class="" href="/tha-TH1971/Ezek/5">5</a></li>
<li><a class="" href="/tha-TH1971/Ezek/6">6</a></li>
<li><a class="" href="/tha-TH1971/Ezek/7">7</a></li>
<li><a class="" href="/tha-TH1971/Ezek/8">8</a></li>
<li><a class="" href="/tha-TH1971/Ezek/9">9</a></li>
<li><a class="" href="/tha-TH1971/Ezek/10">10</a></li>
<li><a class="" href="/tha-TH1971/Ezek/11">11</a></li>
<li><a class="" href="/tha-TH1971/Ezek/12">12</a></li>
<li><a class="" href="/tha-TH1971/Ezek/13">13</a></li>
<li><a class="" href="/tha-TH1971/Ezek/14">14</a></li>
<li><a class="" href="/tha-TH1971/Ezek/15">15</a></li>
<li><a class="" href="/tha-TH1971/Ezek/16">16</a></li>
<li><a class="" href="/tha-TH1971/Ezek/17">17</a></li>
<li><a class="" href="/tha-TH1971/Ezek/18">18</a></li>
<li><a class="" href="/tha-TH1971/Ezek/19">19</a></li>
<li><a class="" href="/tha-TH1971/Ezek/20">20</a></li>
<li><a class="" href="/tha-TH1971/Ezek/21">21</a></li>
<li><a class="" href="/tha-TH1971/Ezek/22">22</a></li>
<li><a class="" href="/tha-TH1971/Ezek/23">23</a></li>
<li><a class="" href="/tha-TH1971/Ezek/24">24</a></li>
<li><a class="" href="/tha-TH1971/Ezek/25">25</a></li>
<li><a class="" href="/tha-TH1971/Ezek/26">26</a></li>
<li><a class="" href="/tha-TH1971/Ezek/27">27</a></li>
<li><a class="" href="/tha-TH1971/Ezek/28">28</a></li>
<li><a class="" href="/tha-TH1971/Ezek/29">29</a></li>
<li><a class="" href="/tha-TH1971/Ezek/30">30</a></li>
<li><a class="" href="/tha-TH1971/Ezek/31">31</a></li>
<li><a class="" href="/tha-TH1971/Ezek/32">32</a></li>
<li><a class="" href="/tha-TH1971/Ezek/33">33</a></li>
<li><a class="" href="/tha-TH1971/Ezek/34">34</a></li>
<li><a class="" href="/tha-TH1971/Ezek/35">35</a></li>
<li><a class="" href="/tha-TH1971/Ezek/36">36</a></li>
<li><a class="" href="/tha-TH1971/Ezek/37">37</a></li>
<li><a class="" href="/tha-TH1971/Ezek/38">38</a></li>
<li><a class="" href="/tha-TH1971/Ezek/39">39</a></li>
<li><a class="" href="/tha-TH1971/Ezek/40">40</a></li>
<li><a class="" href="/tha-TH1971/Ezek/41">41</a></li>
<li><a class="" href="/tha-TH1971/Ezek/42">42</a></li>
<li><a class="" href="/tha-TH1971/Ezek/43">43</a></li>
<li><a class="" href="/tha-TH1971/Ezek/44">44</a></li>
<li><a class="" href="/tha-TH1971/Ezek/45">45</a></li>
<li><a class="" href="/tha-TH1971/Ezek/46">46</a></li>
<li><a class="" href="/tha-TH1971/Ezek/47">47</a></li>
<li><a class="" href="/tha-TH1971/Ezek/48">48</a></li>
</ul></li>
<li id="Dan"><a data-ajax="false" data-no-loading="" href="/tha-TH1971/Dan#Dan">&#224;&#184;&#148;&#224;&#184;&#178;&#226;&#128;&#140;&#224;&#185;&#128;&#224;&#184;&#153;&#224;&#184;&#181;&#224;&#184;&#162;&#224;&#184;&#165; <span class="icon-down-open-1"/></a>
<ul class="chapter hide"><li><a class="" href="/tha-TH1971/Dan/1">1</a></li>
<li><a class="" href="/tha-TH1971/Dan/2">2</a></li>
<li><a class="" href="/tha-TH1971/Dan/3">3</a></li>
<li><a class="" href="/tha-TH1971/Dan/4">4</a></li>
<li><a class="" href="/tha-TH1971/Dan/5">5</a></li>
<li><a class="" href="/tha-TH1971/Dan/6">6</a></li>
<li><a class="" href="/tha-TH1971/Dan/7">7</a></li>
<li><a class="" href="/tha-TH1971/Dan/8">8</a></li>
<li><a class="" href="/tha-TH1971/Dan/9">9</a></li>
<li><a class="" href="/tha-TH1971/Dan/10">10</a></li>
<li><a class="" href="/tha-TH1971/Dan/11">11</a></li>
<li><a class="" href="/tha-TH1971/Dan/12">12</a></li>
</ul></li>
<li id="Hos"><a data-ajax="false" data-no-loading="" href="/tha-TH1971/Hos#Hos">&#224;&#185;&#130;&#224;&#184;&#174;&#226;&#128;&#140;&#224;&#185;&#128;&#224;&#184;&#138;&#226;&#128;&#140;&#224;&#184;&#162;&#224;&#184;&#178; <span class="icon-down-open-1"/></a>
<ul class="chapter hide"><li><a class="" href="/tha-TH1971/Hos/1">1</a></li>
<li><a class="" href="/tha-TH1971/Hos/2">2</a></li>
<li><a class="" href="/tha-TH1971/Hos/3">3</a></li>
<li><a class="" href="/tha-TH1971/Hos/4">4</a></li>
<li><a class="" href="/tha-TH1971/Hos/5">5</a></li>
<li><a class="" href="/tha-TH1971/Hos/6">6</a></li>
<li><a class="" href="/tha-TH1971/Hos/7">7</a></li>
<li><a class="" href="/tha-TH1971/Hos/8">8</a></li>
<li><a class="" href="/tha-TH1971/Hos/9">9</a></li>
<li><a class="" href="/tha-TH1971/Hos/10">10</a></li>
<li><a class="" href="/tha-TH1971/Hos/11">11</a></li>
<li><a class="" href="/tha-TH1971/Hos/12">12</a></li>
<li><a class="" href="/tha-TH1971/Hos/13">13</a></li>
<li><a class="" href="/tha-TH1971/Hos/14">14</a></li>
</ul></li>
<li id="Joel"><a data-ajax="false" data-no-loading="" href="/tha-TH1971/Joel#Joel">&#224;&#185;&#130;&#224;&#184;&#162;&#226;&#128;&#140;&#224;&#185;&#128;&#224;&#184;&#173;&#224;&#184;&#165; <span class="icon-down-open-1"/></a>
<ul class="chapter hide"><li><a class="" href="/tha-TH1971/Joel/1">1</a></li>
<li><a class="" href="/tha-TH1971/Joel/2">2</a></li>
<li><a class="" href="/tha-TH1971/Joel/3">3</a></li>
</ul></li>
<li id="Amos"><a data-ajax="false" data-no-loading="" href="/tha-TH1971/Amos#Amos">&#224;&#184;&#173;&#224;&#184;&#178;&#226;&#128;&#140;&#224;&#185;&#130;&#224;&#184;&#161;&#224;&#184;&#170; <span class="icon-down-open-1"/></a>
<ul class="chapter hide"><li><a class="" href="/tha-TH1971/Amos/1">1</a></li>
<li><a class="" href="/tha-TH1971/Amos/2">2</a></li>
<li><a class="" href="/tha-TH1971/Amos/3">3</a></li>
<li><a class="" href="/tha-TH1971/Amos/4">4</a></li>
<li><a class="" href="/tha-TH1971/Amos/5">5</a></li>
<li><a class="" href="/tha-TH1971/Amos/6">6</a></li>
<li><a class="" href="/tha-TH1971/Amos/7">7</a></li>
<li><a class="" href="/tha-TH1971/Amos/8">8</a></li>
<li><a class="" href="/tha-TH1971/Amos/9">9</a></li>
</ul></li>
<li id="Obad"><a data-ajax="false" data-no-loading="" href="/tha-TH1971/Obad#Obad">&#224;&#185;&#130;&#224;&#184;&#173;&#224;&#184;&#154;&#224;&#184;&#178;&#224;&#184;&#148;&#224;&#184;&#181;&#224;&#184;&#171;&#224;&#185;&#140; <span class="icon-down-open-1"/></a>
<ul class="chapter hide"><li><a class="" href="/tha-TH1971/Obad/1">1</a></li>
</ul></li>
<li id="Jonah"><a data-ajax="false" data-no-loading="" href="/tha-TH1971/Jonah#Jonah">&#224;&#185;&#130;&#224;&#184;&#162;&#226;&#128;&#140;&#224;&#184;&#153;&#224;&#184;&#178;&#224;&#184;&#171;&#224;&#185;&#140; <span class="icon-down-open-1"/></a>
<ul class="chapter hide"><li><a class="" href="/tha-TH1971/Jonah/1">1</a></li>
<li><a class="" href="/tha-TH1971/Jonah/2">2</a></li>
<li><a class="" href="/tha-TH1971/Jonah/3">3</a></li>
<li><a class="" href="/tha-TH1971/Jonah/4">4</a></li>
</ul></li>
<li id="Mic"><a data-ajax="false" data-no-loading="" href="/tha-TH1971/Mic#Mic">&#224;&#184;&#161;&#224;&#184;&#181;&#226;&#128;&#140;&#224;&#184;&#132;&#224;&#184;&#178;&#224;&#184;&#171;&#224;&#185;&#140; <span class="icon-down-open-1"/></a>
<ul class="chapter hide"><li><a class="" href="/tha-TH1971/Mic/1">1</a></li>
<li><a class="" href="/tha-TH1971/Mic/2">2</a></li>
<li><a class="" href="/tha-TH1971/Mic/3">3</a></li>
<li><a class="" href="/tha-TH1971/Mic/4">4</a></li>
<li><a class="" href="/tha-TH1971/Mic/5">5</a></li>
<li><a class="" href="/tha-TH1971/Mic/6">6</a></li>
<li><a class="" href="/tha-TH1971/Mic/7">7</a></li>
</ul></li>
<li id="Nah"><a data-ajax="false" data-no-loading="" href="/tha-TH1971/Nah#Nah">&#224;&#184;&#153;&#224;&#184;&#178;&#226;&#128;&#140;&#224;&#184;&#174;&#224;&#184;&#185;&#224;&#184;&#161; <span class="icon-down-open-1"/></a>
<ul class="chapter hide"><li><a class="" href="/tha-TH1971/Nah/1">1</a></li>
<li><a class="" href="/tha-TH1971/Nah/2">2</a></li>
<li><a class="" href="/tha-TH1971/Nah/3">3</a></li>
</ul></li>
<li id="Hab"><a data-ajax="false" data-no-loading="" href="/tha-TH1971/Hab#Hab">&#224;&#184;&#174;&#224;&#184;&#178;&#226;&#128;&#140;&#224;&#184;&#154;&#224;&#184;&#178;&#226;&#128;&#140;&#224;&#184;&#129;&#224;&#184;&#184;&#224;&#184;&#129; <span class="icon-down-open-1"/></a>
<ul class="chapter hide"><li><a class="" href="/tha-TH1971/Hab/1">1</a></li>
<li><a class="" href="/tha-TH1971/Hab/2">2</a></li>
<li><a class="" href="/tha-TH1971/Hab/3">3</a></li>
</ul></li>
<li id="Zeph"><a data-ajax="false" data-no-loading="" href="/tha-TH1971/Zeph#Zeph">&#224;&#185;&#128;&#224;&#184;&#168;&#226;&#128;&#140;&#224;&#184;&#159;&#224;&#184;&#177;&#224;&#184;&#153;&#226;&#128;&#140;&#224;&#184;&#162;&#224;&#184;&#178;&#224;&#184;&#171;&#224;&#185;&#140; <span class="icon-down-open-1"/></a>
<ul class="chapter hide"><li><a class="" href="/tha-TH1971/Zeph/1">1</a></li>
<li><a class="" href="/tha-TH1971/Zeph/2">2</a></li>
<li><a class="" href="/tha-TH1971/Zeph/3">3</a></li>
</ul></li>
<li id="Hag"><a data-ajax="false" data-no-loading="" href="/tha-TH1971/Hag#Hag">&#224;&#184;&#174;&#224;&#184;&#177;&#224;&#184;&#129;&#226;&#128;&#140;&#224;&#184;&#129;&#224;&#184;&#177;&#224;&#184;&#162; <span class="icon-down-open-1"/></a>
<ul class="chapter hide"><li><a class="" href="/tha-TH1971/Hag/1">1</a></li>
<li><a class="" href="/tha-TH1971/Hag/2">2</a></li>
</ul></li>
<li id="Zech"><a data-ajax="false" data-no-loading="" href="/tha-TH1971/Zech#Zech">&#224;&#185;&#128;&#224;&#184;&#168;&#226;&#128;&#140;&#224;&#184;&#132;&#224;&#184;&#178;&#226;&#128;&#140;&#224;&#184;&#163;&#224;&#184;&#180;&#226;&#128;&#140;&#224;&#184;&#162;&#224;&#184;&#178;&#224;&#184;&#171;&#224;&#185;&#140; <span class="icon-down-open-1"/></a>
<ul class="chapter hide"><li><a class="" href="/tha-TH1971/Zech/1">1</a></li>
<li><a class="" href="/tha-TH1971/Zech/2">2</a></li>
<li><a class="" href="/tha-TH1971/Zech/3">3</a></li>
<li><a class="" href="/tha-TH1971/Zech/4">4</a></li>
<li><a class="" href="/tha-TH1971/Zech/5">5</a></li>
<li><a class="" href="/tha-TH1971/Zech/6">6</a></li>
<li><a class="" href="/tha-TH1971/Zech/7">7</a></li>
<li><a class="" href="/tha-TH1971/Zech/8">8</a></li>
<li><a class="" href="/tha-TH1971/Zech/9">9</a></li>
<li><a class="" href="/tha-TH1971/Zech/10">10</a></li>
<li><a class="" href="/tha-TH1971/Zech/11">11</a></li>
<li><a class="" href="/tha-TH1971/Zech/12">12</a></li>
<li><a class="" href="/tha-TH1971/Zech/13">13</a></li>
<li><a class="" href="/tha-TH1971/Zech/14">14</a></li>
</ul></li>
<li id="Mal"><a data-ajax="false" data-no-loading="" href="/tha-TH1971/Mal#Mal">&#224;&#184;&#161;&#224;&#184;&#178;&#226;&#128;&#140;&#224;&#184;&#165;&#224;&#184;&#178;&#226;&#128;&#140;&#224;&#184;&#132;&#224;&#184;&#181; <span class="icon-down-open-1"/></a>
<ul class="chapter hide"><li><a class="" href="/tha-TH1971/Mal/1">1</a></li>
<li><a class="" href="/tha-TH1971/Mal/2">2</a></li>
<li><a class="" href="/tha-TH1971/Mal/3">3</a></li>
<li><a class="" href="/tha-TH1971/Mal/4">4</a></li>
</ul></li>
<li id="Matt"><a data-ajax="false" data-no-loading="" href="/tha-TH1971/Matt#Matt">&#224;&#184;&#161;&#224;&#184;&#177;&#224;&#184;&#151;&#226;&#128;&#140;&#224;&#184;&#152;&#224;&#184;&#180;&#224;&#184;&#167; <span class="icon-down-open-1"/></a>
<ul class="chapter hide"><li><a class="" href="/tha-TH1971/Matt/1">1</a></li>
<li><a class="" href="/tha-TH1971/Matt/2">2</a></li>
<li><a class="" href="/tha-TH1971/Matt/3">3</a></li>
<li><a class="" href="/tha-TH1971/Matt/4">4</a></li>
<li><a class="" href="/tha-TH1971/Matt/5">5</a></li>
<li><a class="" href="/tha-TH1971/Matt/6">6</a></li>
<li><a class="" href="/tha-TH1971/Matt/7">7</a></li>
<li><a class="" href="/tha-TH1971/Matt/8">8</a></li>
<li><a class="" href="/tha-TH1971/Matt/9">9</a></li>
<li><a class="" href="/tha-TH1971/Matt/10">10</a></li>
<li><a class="" href="/tha-TH1971/Matt/11">11</a></li>
<li><a class="" href="/tha-TH1971/Matt/12">12</a></li>
<li><a class="" href="/tha-TH1971/Matt/13">13</a></li>
<li><a class="" href="/tha-TH1971/Matt/14">14</a></li>
<li><a class="" href="/tha-TH1971/Matt/15">15</a></li>
<li><a class="" href="/tha-TH1971/Matt/16">16</a></li>
<li><a class="" href="/tha-TH1971/Matt/17">17</a></li>
<li><a class="" href="/tha-TH1971/Matt/18">18</a></li>
<li><a class="" href="/tha-TH1971/Matt/19">19</a></li>
<li><a class="" href="/tha-TH1971/Matt/20">20</a></li>
<li><a class="" href="/tha-TH1971/Matt/21">21</a></li>
<li><a class="" href="/tha-TH1971/Matt/22">22</a></li>
<li><a class="" href="/tha-TH1971/Matt/23">23</a></li>
<li><a class="" href="/tha-TH1971/Matt/24">24</a></li>
<li><a class="" href="/tha-TH1971/Matt/25">25</a></li>
<li><a class="" href="/tha-TH1971/Matt/26">26</a></li>
<li><a class="" href="/tha-TH1971/Matt/27">27</a></li>
<li><a class="" href="/tha-TH1971/Matt/28">28</a></li>
</ul></li>
<li id="Mark"><a data-ajax="false" data-no-loading="" href="/tha-TH1971/Mark#Mark">&#224;&#184;&#161;&#224;&#184;&#178;&#226;&#128;&#140;&#224;&#184;&#163;&#224;&#184;&#176;&#226;&#128;&#140;&#224;&#185;&#130;&#224;&#184;&#129; <span class="icon-down-open-1"/></a>
<ul class="chapter hide"><li><a class="" href="/tha-TH1971/Mark/1">1</a></li>
<li><a class="" href="/tha-TH1971/Mark/2">2</a></li>
<li><a class="" href="/tha-TH1971/Mark/3">3</a></li>
<li><a class="" href="/tha-TH1971/Mark/4">4</a></li>
<li><a class="" href="/tha-TH1971/Mark/5">5</a></li>
<li><a class="" href="/tha-TH1971/Mark/6">6</a></li>
<li><a class="" href="/tha-TH1971/Mark/7">7</a></li>
<li><a class="" href="/tha-TH1971/Mark/8">8</a></li>
<li><a class="" href="/tha-TH1971/Mark/9">9</a></li>
<li><a class="" href="/tha-TH1971/Mark/10">10</a></li>
<li><a class="" href="/tha-TH1971/Mark/11">11</a></li>
<li><a class="" href="/tha-TH1971/Mark/12">12</a></li>
<li><a class="" href="/tha-TH1971/Mark/13">13</a></li>
<li><a class="" href="/tha-TH1971/Mark/14">14</a></li>
<li><a class="" href="/tha-TH1971/Mark/15">15</a></li>
<li><a class="" href="/tha-TH1971/Mark/16">16</a></li>
</ul></li>
<li id="Luke"><a data-ajax="false" data-no-loading="" href="/tha-TH1971/Luke#Luke">&#224;&#184;&#165;&#224;&#184;&#185;&#224;&#184;&#129;&#224;&#184;&#178; <span class="icon-down-open-1"/></a>
<ul class="chapter hide"><li><a class="" href="/tha-TH1971/Luke/1">1</a></li>
<li><a class="" href="/tha-TH1971/Luke/2">2</a></li>
<li><a class="" href="/tha-TH1971/Luke/3">3</a></li>
<li><a class="" href="/tha-TH1971/Luke/4">4</a></li>
<li><a class="" href="/tha-TH1971/Luke/5">5</a></li>
<li><a class="" href="/tha-TH1971/Luke/6">6</a></li>
<li><a class="" href="/tha-TH1971/Luke/7">7</a></li>
<li><a class="" href="/tha-TH1971/Luke/8">8</a></li>
<li><a class="" href="/tha-TH1971/Luke/9">9</a></li>
<li><a class="" href="/tha-TH1971/Luke/10">10</a></li>
<li><a class="" href="/tha-TH1971/Luke/11">11</a></li>
<li><a class="" href="/tha-TH1971/Luke/12">12</a></li>
<li><a class="" href="/tha-TH1971/Luke/13">13</a></li>
<li><a class="" href="/tha-TH1971/Luke/14">14</a></li>
<li><a class="" href="/tha-TH1971/Luke/15">15</a></li>
<li><a class="" href="/tha-TH1971/Luke/16">16</a></li>
<li><a class="" href="/tha-TH1971/Luke/17">17</a></li>
<li><a class="" href="/tha-TH1971/Luke/18">18</a></li>
<li><a class="" href="/tha-TH1971/Luke/19">19</a></li>
<li><a class="" href="/tha-TH1971/Luke/20">20</a></li>
<li><a class="" href="/tha-TH1971/Luke/21">21</a></li>
<li><a class="" href="/tha-TH1971/Luke/22">22</a></li>
<li><a class="" href="/tha-TH1971/Luke/23">23</a></li>
<li><a class="" href="/tha-TH1971/Luke/24">24</a></li>
</ul></li>
<li id="John"><a data-ajax="false" data-no-loading="" href="/tha-TH1971/John#John">&#224;&#184;&#162;&#224;&#184;&#173;&#224;&#184;&#171;&#224;&#185;&#140;&#224;&#184;&#153; <span class="icon-down-open-1"/></a>
<ul class="chapter hide"><li><a class="" href="/tha-TH1971/John/1">1</a></li>
<li><a class="" href="/tha-TH1971/John/2">2</a></li>
<li><a class="" href="/tha-TH1971/John/3">3</a></li>
<li><a class="" href="/tha-TH1971/John/4">4</a></li>
<li><a class="" href="/tha-TH1971/John/5">5</a></li>
<li><a class="" href="/tha-TH1971/John/6">6</a></li>
<li><a class="" href="/tha-TH1971/John/7">7</a></li>
<li><a class="" href="/tha-TH1971/John/8">8</a></li>
<li><a class="" href="/tha-TH1971/John/9">9</a></li>
<li><a class="" href="/tha-TH1971/John/10">10</a></li>
<li><a class="" href="/tha-TH1971/John/11">11</a></li>
<li><a class="" href="/tha-TH1971/John/12">12</a></li>
<li><a class="" href="/tha-TH1971/John/13">13</a></li>
<li><a class="" href="/tha-TH1971/John/14">14</a></li>
<li><a class="" href="/tha-TH1971/John/15">15</a></li>
<li><a class="" href="/tha-TH1971/John/16">16</a></li>
<li><a class="" href="/tha-TH1971/John/17">17</a></li>
<li><a class="" href="/tha-TH1971/John/18">18</a></li>
<li><a class="" href="/tha-TH1971/John/19">19</a></li>
<li><a class="" href="/tha-TH1971/John/20">20</a></li>
<li><a class="" href="/tha-TH1971/John/21">21</a></li>
</ul></li>
<li id="Acts"><a data-ajax="false" data-no-loading="" href="/tha-TH1971/Acts#Acts">&#224;&#184;&#129;&#224;&#184;&#180;&#224;&#184;&#136;&#226;&#128;&#141;&#224;&#184;&#129;&#224;&#184;&#178;&#224;&#184;&#163;&#226;&#128;&#139;&#224;&#184;&#130;&#224;&#184;&#173;&#224;&#184;&#135;&#226;&#128;&#139;&#224;&#184;&#173;&#224;&#184;&#177;&#224;&#184;&#132;&#224;&#184;&#163;&#226;&#128;&#140;&#224;&#184;&#151;&#224;&#184;&#185;&#224;&#184;&#149; <span class="icon-down-open-1"/></a>
<ul class="chapter hide"><li><a class="" href="/tha-TH1971/Acts/1">1</a></li>
<li><a class="" href="/tha-TH1971/Acts/2">2</a></li>
<li><a class="" href="/tha-TH1971/Acts/3">3</a></li>
<li><a class="" href="/tha-TH1971/Acts/4">4</a></li>
<li><a class="" href="/tha-TH1971/Acts/5">5</a></li>
<li><a class="" href="/tha-TH1971/Acts/6">6</a></li>
<li><a class="" href="/tha-TH1971/Acts/7">7</a></li>
<li><a class="" href="/tha-TH1971/Acts/8">8</a></li>
<li><a class="" href="/tha-TH1971/Acts/9">9</a></li>
<li><a class="" href="/tha-TH1971/Acts/10">10</a></li>
<li><a class="" href="/tha-TH1971/Acts/11">11</a></li>
<li><a class="" href="/tha-TH1971/Acts/12">12</a></li>
<li><a class="" href="/tha-TH1971/Acts/13">13</a></li>
<li><a class="" href="/tha-TH1971/Acts/14">14</a></li>
<li><a class="" href="/tha-TH1971/Acts/15">15</a></li>
<li><a class="" href="/tha-TH1971/Acts/16">16</a></li>
<li><a class="" href="/tha-TH1971/Acts/17">17</a></li>
<li><a class="" href="/tha-TH1971/Acts/18">18</a></li>
<li><a class="" href="/tha-TH1971/Acts/19">19</a></li>
<li><a class="" href="/tha-TH1971/Acts/20">20</a></li>
<li><a class="" href="/tha-TH1971/Acts/21">21</a></li>
<li><a class="" href="/tha-TH1971/Acts/22">22</a></li>
<li><a class="" href="/tha-TH1971/Acts/23">23</a></li>
<li><a class="" href="/tha-TH1971/Acts/24">24</a></li>
<li><a class="" href="/tha-TH1971/Acts/25">25</a></li>
<li><a class="" href="/tha-TH1971/Acts/26">26</a></li>
<li><a class="" href="/tha-TH1971/Acts/27">27</a></li>
<li><a class="" href="/tha-TH1971/Acts/28">28</a></li>
</ul></li>
<li id="Rom"><a data-ajax="false" data-no-loading="" href="/tha-TH1971/Rom#Rom">&#224;&#185;&#130;&#224;&#184;&#163;&#224;&#184;&#161; <span class="icon-down-open-1"/></a>
<ul class="chapter hide"><li><a class="" href="/tha-TH1971/Rom/1">1</a></li>
<li><a class="" href="/tha-TH1971/Rom/2">2</a></li>
<li><a class="" href="/tha-TH1971/Rom/3">3</a></li>
<li><a class="" href="/tha-TH1971/Rom/4">4</a></li>
<li><a class="" href="/tha-TH1971/Rom/5">5</a></li>
<li><a class="" href="/tha-TH1971/Rom/6">6</a></li>
<li><a class="" href="/tha-TH1971/Rom/7">7</a></li>
<li><a class="" href="/tha-TH1971/Rom/8">8</a></li>
<li><a class="" href="/tha-TH1971/Rom/9">9</a></li>
<li><a class="" href="/tha-TH1971/Rom/10">10</a></li>
<li><a class="" href="/tha-TH1971/Rom/11">11</a></li>
<li><a class="" href="/tha-TH1971/Rom/12">12</a></li>
<li><a class="" href="/tha-TH1971/Rom/13">13</a></li>
<li><a class="" href="/tha-TH1971/Rom/14">14</a></li>
<li><a class="" href="/tha-TH1971/Rom/15">15</a></li>
<li><a class="" href="/tha-TH1971/Rom/16">16</a></li>
</ul></li>
<li id="1Cor"><a data-ajax="false" data-no-loading="" href="/tha-TH1971/1Cor#1Cor">1 &#224;&#185;&#130;&#224;&#184;&#132;&#226;&#128;&#140;&#224;&#184;&#163;&#224;&#184;&#180;&#224;&#184;&#153;&#224;&#184;&#152;&#224;&#185;&#140; <span class="icon-down-open-1"/></a>
<ul class="chapter hide"><li><a class="" href="/tha-TH1971/1Cor/1">1</a></li>
<li><a class="" href="/tha-TH1971/1Cor/2">2</a></li>
<li><a class="" href="/tha-TH1971/1Cor/3">3</a></li>
<li><a class="" href="/tha-TH1971/1Cor/4">4</a></li>
<li><a class="" href="/tha-TH1971/1Cor/5">5</a></li>
<li><a class="" href="/tha-TH1971/1Cor/6">6</a></li>
<li><a class="" href="/tha-TH1971/1Cor/7">7</a></li>
<li><a class="" href="/tha-TH1971/1Cor/8">8</a></li>
<li><a class="" href="/tha-TH1971/1Cor/9">9</a></li>
<li><a class="" href="/tha-TH1971/1Cor/10">10</a></li>
<li><a class="" href="/tha-TH1971/1Cor/11">11</a></li>
<li><a class="" href="/tha-TH1971/1Cor/12">12</a></li>
<li><a class="" href="/tha-TH1971/1Cor/13">13</a></li>
<li><a class="" href="/tha-TH1971/1Cor/14">14</a></li>
<li><a class="" href="/tha-TH1971/1Cor/15">15</a></li>
<li><a class="" href="/tha-TH1971/1Cor/16">16</a></li>
</ul></li>
<li id="2Cor"><a data-ajax="false" data-no-loading="" href="/tha-TH1971/2Cor#2Cor">2 &#224;&#185;&#130;&#224;&#184;&#132;&#226;&#128;&#140;&#224;&#184;&#163;&#224;&#184;&#180;&#224;&#184;&#153;&#224;&#184;&#152;&#224;&#185;&#140; <span class="icon-down-open-1"/></a>
<ul class="chapter hide"><li><a class="" href="/tha-TH1971/2Cor/1">1</a></li>
<li><a class="" href="/tha-TH1971/2Cor/2">2</a></li>
<li><a class="" href="/tha-TH1971/2Cor/3">3</a></li>
<li><a class="" href="/tha-TH1971/2Cor/4">4</a></li>
<li><a class="" href="/tha-TH1971/2Cor/5">5</a></li>
<li><a class="" href="/tha-TH1971/2Cor/6">6</a></li>
<li><a class="" href="/tha-TH1971/2Cor/7">7</a></li>
<li><a class="" href="/tha-TH1971/2Cor/8">8</a></li>
<li><a class="" href="/tha-TH1971/2Cor/9">9</a></li>
<li><a class="" href="/tha-TH1971/2Cor/10">10</a></li>
<li><a class="" href="/tha-TH1971/2Cor/11">11</a></li>
<li><a class="" href="/tha-TH1971/2Cor/12">12</a></li>
<li><a class="" href="/tha-TH1971/2Cor/13">13</a></li>
</ul></li>
<li id="Gal"><a data-ajax="false" data-no-loading="" href="/tha-TH1971/Gal#Gal">&#224;&#184;&#129;&#224;&#184;&#178;&#226;&#128;&#140;&#224;&#184;&#165;&#224;&#184;&#178;&#226;&#128;&#140;&#224;&#185;&#128;&#224;&#184;&#151;&#224;&#184;&#181;&#224;&#184;&#162; <span class="icon-down-open-1"/></a>
<ul class="chapter hide"><li><a class="" href="/tha-TH1971/Gal/1">1</a></li>
<li><a class="" href="/tha-TH1971/Gal/2">2</a></li>
<li><a class="" href="/tha-TH1971/Gal/3">3</a></li>
<li><a class="" href="/tha-TH1971/Gal/4">4</a></li>
<li><a class="" href="/tha-TH1971/Gal/5">5</a></li>
<li><a class="" href="/tha-TH1971/Gal/6">6</a></li>
</ul></li>
<li id="Eph"><a data-ajax="false" data-no-loading="" href="/tha-TH1971/Eph#Eph">&#224;&#185;&#128;&#224;&#184;&#173;&#226;&#128;&#140;&#224;&#185;&#128;&#224;&#184;&#159;&#226;&#128;&#140;&#224;&#184;&#139;&#224;&#184;&#177;&#224;&#184;&#170; <span class="icon-down-open-1"/></a>
<ul class="chapter hide"><li><a class="" href="/tha-TH1971/Eph/1">1</a></li>
<li><a class="" href="/tha-TH1971/Eph/2">2</a></li>
<li><a class="" href="/tha-TH1971/Eph/3">3</a></li>
<li><a class="" href="/tha-TH1971/Eph/4">4</a></li>
<li><a class="" href="/tha-TH1971/Eph/5">5</a></li>
<li><a class="" href="/tha-TH1971/Eph/6">6</a></li>
</ul></li>
<li id="Phil"><a data-ajax="false" data-no-loading="" href="/tha-TH1971/Phil#Phil">&#224;&#184;&#159;&#224;&#184;&#181;&#224;&#184;&#165;&#224;&#184;&#180;&#224;&#184;&#155;&#224;&#184;&#155;&#224;&#184;&#181; <span class="icon-down-open-1"/></a>
<ul class="chapter hide"><li><a class="" href="/tha-TH1971/Phil/1">1</a></li>
<li><a class="" href="/tha-TH1971/Phil/2">2</a></li>
<li><a class="" href="/tha-TH1971/Phil/3">3</a></li>
<li><a class="" href="/tha-TH1971/Phil/4">4</a></li>
</ul></li>
<li id="Col"><a data-ajax="false" data-no-loading="" href="/tha-TH1971/Col#Col">&#224;&#185;&#130;&#224;&#184;&#132;&#226;&#128;&#140;&#224;&#185;&#130;&#224;&#184;&#165;&#226;&#128;&#140;&#224;&#184;&#170;&#224;&#184;&#181; <span class="icon-down-open-1"/></a>
<ul class="chapter hide"><li><a class="" href="/tha-TH1971/Col/1">1</a></li>
<li><a class="" href="/tha-TH1971/Col/2">2</a></li>
<li><a class="" href="/tha-TH1971/Col/3">3</a></li>
<li><a class="" href="/tha-TH1971/Col/4">4</a></li>
</ul></li>
<li id="1Thess"><a data-ajax="false" data-no-loading="" href="/tha-TH1971/1Thess#1Thess">1 &#224;&#185;&#128;&#224;&#184;&#152;&#224;&#184;&#170;&#224;&#184;&#176;&#226;&#128;&#140;&#224;&#185;&#130;&#224;&#184;&#165;&#226;&#128;&#140;&#224;&#184;&#153;&#224;&#184;&#180;&#226;&#128;&#140;&#224;&#184;&#129;&#224;&#184;&#178; <span class="icon-down-open-1"/></a>
<ul class="chapter hide"><li><a class="" href="/tha-TH1971/1Thess/1">1</a></li>
<li><a class="" href="/tha-TH1971/1Thess/2">2</a></li>
<li><a class="" href="/tha-TH1971/1Thess/3">3</a></li>
<li><a class="" href="/tha-TH1971/1Thess/4">4</a></li>
<li><a class="" href="/tha-TH1971/1Thess/5">5</a></li>
</ul></li>
<li id="2Thess"><a data-ajax="false" data-no-loading="" href="/tha-TH1971/2Thess#2Thess">2 &#224;&#185;&#128;&#224;&#184;&#152;&#224;&#184;&#170;&#224;&#184;&#176;&#226;&#128;&#140;&#224;&#185;&#130;&#224;&#184;&#165;&#226;&#128;&#140;&#224;&#184;&#153;&#224;&#184;&#180;&#226;&#128;&#140;&#224;&#184;&#129;&#224;&#184;&#178; <span class="icon-down-open-1"/></a>
<ul class="chapter hide"><li><a class="" href="/tha-TH1971/2Thess/1">1</a></li>
<li><a class="" href="/tha-TH1971/2Thess/2">2</a></li>
<li><a class="" href="/tha-TH1971/2Thess/3">3</a></li>
</ul></li>
<li id="1Tim"><a data-ajax="false" data-no-loading="" href="/tha-TH1971/1Tim#1Tim">1 &#224;&#184;&#151;&#224;&#184;&#180;&#226;&#128;&#140;&#224;&#185;&#130;&#224;&#184;&#161;&#226;&#128;&#140;&#224;&#184;&#152;&#224;&#184;&#181; <span class="icon-down-open-1"/></a>
<ul class="chapter hide"><li><a class="" href="/tha-TH1971/1Tim/1">1</a></li>
<li><a class="" href="/tha-TH1971/1Tim/2">2</a></li>
<li><a class="" href="/tha-TH1971/1Tim/3">3</a></li>
<li><a class="" href="/tha-TH1971/1Tim/4">4</a></li>
<li><a class="" href="/tha-TH1971/1Tim/5">5</a></li>
<li><a class="" href="/tha-TH1971/1Tim/6">6</a></li>
</ul></li>
<li id="2Tim"><a data-ajax="false" data-no-loading="" href="/tha-TH1971/2Tim#2Tim">2 &#224;&#184;&#151;&#224;&#184;&#180;&#226;&#128;&#140;&#224;&#185;&#130;&#224;&#184;&#161;&#226;&#128;&#140;&#224;&#184;&#152;&#224;&#184;&#181; <span class="icon-down-open-1"/></a>
<ul class="chapter hide"><li><a class="" href="/tha-TH1971/2Tim/1">1</a></li>
<li><a class="" href="/tha-TH1971/2Tim/2">2</a></li>
<li><a class="" href="/tha-TH1971/2Tim/3">3</a></li>
<li><a class="" href="/tha-TH1971/2Tim/4">4</a></li>
</ul></li>
<li id="Titus"><a data-ajax="false" data-no-loading="" href="/tha-TH1971/Titus#Titus">&#224;&#184;&#151;&#224;&#184;&#180;&#224;&#184;&#149;&#224;&#184;&#177;&#224;&#184;&#170; <span class="icon-down-open-1"/></a>
<ul class="chapter hide"><li><a class="" href="/tha-TH1971/Titus/1">1</a></li>
<li><a class="" href="/tha-TH1971/Titus/2">2</a></li>
<li><a class="" href="/tha-TH1971/Titus/3">3</a></li>
</ul></li>
<li id="Phlm"><a data-ajax="false" data-no-loading="" href="/tha-TH1971/Phlm#Phlm">&#224;&#184;&#159;&#224;&#184;&#181;&#224;&#185;&#128;&#224;&#184;&#165;&#224;&#185;&#130;&#224;&#184;&#161;&#224;&#184;&#153; <span class="icon-down-open-1"/></a>
<ul class="chapter hide"><li><a class="" href="/tha-TH1971/Phlm/1">1</a></li>
</ul></li>
<li id="Heb"><a data-ajax="false" data-no-loading="" href="/tha-TH1971/Heb#Heb">&#224;&#184;&#174;&#224;&#184;&#181;&#224;&#184;&#154;&#224;&#184;&#163;&#224;&#184;&#185; <span class="icon-down-open-1"/></a>
<ul class="chapter hide"><li><a class="" href="/tha-TH1971/Heb/1">1</a></li>
<li><a class="" href="/tha-TH1971/Heb/2">2</a></li>
<li><a class="" href="/tha-TH1971/Heb/3">3</a></li>
<li><a class="" href="/tha-TH1971/Heb/4">4</a></li>
<li><a class="" href="/tha-TH1971/Heb/5">5</a></li>
<li><a class="" href="/tha-TH1971/Heb/6">6</a></li>
<li><a class="" href="/tha-TH1971/Heb/7">7</a></li>
<li><a class="" href="/tha-TH1971/Heb/8">8</a></li>
<li><a class="" href="/tha-TH1971/Heb/9">9</a></li>
<li><a class="" href="/tha-TH1971/Heb/10">10</a></li>
<li><a class="" href="/tha-TH1971/Heb/11">11</a></li>
<li><a class="" href="/tha-TH1971/Heb/12">12</a></li>
<li><a class="" href="/tha-TH1971/Heb/13">13</a></li>
</ul></li>
<li id="Jas"><a data-ajax="false" data-no-loading="" href="/tha-TH1971/Jas#Jas">&#224;&#184;&#162;&#224;&#184;&#178;&#226;&#128;&#140;&#224;&#184;&#129;&#224;&#184;&#173;&#224;&#184;&#154; <span class="icon-down-open-1"/></a>
<ul class="chapter hide"><li><a class="" href="/tha-TH1971/Jas/1">1</a></li>
<li><a class="" href="/tha-TH1971/Jas/2">2</a></li>
<li><a class="" href="/tha-TH1971/Jas/3">3</a></li>
<li><a class="" href="/tha-TH1971/Jas/4">4</a></li>
<li><a class="" href="/tha-TH1971/Jas/5">5</a></li>
</ul></li>
<li id="1Pet"><a data-ajax="false" data-no-loading="" href="/tha-TH1971/1Pet#1Pet">1 &#224;&#185;&#128;&#224;&#184;&#155;&#226;&#128;&#140;&#224;&#185;&#130;&#224;&#184;&#149;&#224;&#184;&#163; <span class="icon-down-open-1"/></a>
<ul class="chapter hide"><li><a class="" href="/tha-TH1971/1Pet/1">1</a></li>
<li><a class="" href="/tha-TH1971/1Pet/2">2</a></li>
<li><a class="" href="/tha-TH1971/1Pet/3">3</a></li>
<li><a class="" href="/tha-TH1971/1Pet/4">4</a></li>
<li><a class="" href="/tha-TH1971/1Pet/5">5</a></li>
</ul></li>
<li id="2Pet"><a data-ajax="false" data-no-loading="" href="/tha-TH1971/2Pet#2Pet">2 &#224;&#185;&#128;&#224;&#184;&#155;&#226;&#128;&#140;&#224;&#185;&#130;&#224;&#184;&#149;&#224;&#184;&#163; <span class="icon-down-open-1"/></a>
<ul class="chapter hide"><li><a class="" href="/tha-TH1971/2Pet/1">1</a></li>
<li><a class="" href="/tha-TH1971/2Pet/2">2</a></li>
<li><a class="" href="/tha-TH1971/2Pet/3">3</a></li>
</ul></li>
<li id="1John"><a data-ajax="false" data-no-loading="" href="/tha-TH1971/1John#1John">1 &#224;&#184;&#162;&#224;&#184;&#173;&#224;&#184;&#171;&#224;&#185;&#140;&#224;&#184;&#153; <span class="icon-down-open-1"/></a>
<ul class="chapter hide"><li><a class="" href="/tha-TH1971/1John/1">1</a></li>
<li><a class="" href="/tha-TH1971/1John/2">2</a></li>
<li><a class="" href="/tha-TH1971/1John/3">3</a></li>
<li><a class="" href="/tha-TH1971/1John/4">4</a></li>
<li><a class="" href="/tha-TH1971/1John/5">5</a></li>
</ul></li>
<li id="2John"><a data-ajax="false" data-no-loading="" href="/tha-TH1971/2John#2John">2 &#224;&#184;&#162;&#224;&#184;&#173;&#224;&#184;&#171;&#224;&#185;&#140;&#224;&#184;&#153; <span class="icon-down-open-1"/></a>
<ul class="chapter hide"><li><a class="" href="/tha-TH1971/2John/1">1</a></li>
</ul></li>
<li id="3John"><a data-ajax="false" data-no-loading="" href="/tha-TH1971/3John#3John">3 &#224;&#184;&#162;&#224;&#184;&#173;&#224;&#184;&#171;&#224;&#185;&#140;&#224;&#184;&#153; <span class="icon-down-open-1"/></a>
<ul class="chapter hide"><li><a class="" href="/tha-TH1971/3John/1">1</a></li>
</ul></li>
<li id="Jude"><a data-ajax="false" data-no-loading="" href="/tha-TH1971/Jude#Jude">&#224;&#184;&#162;&#224;&#184;&#185;&#224;&#184;&#148;&#224;&#184;&#178; <span class="icon-down-open-1"/></a>
<ul class="chapter hide"><li><a class="" href="/tha-TH1971/Jude/1">1</a></li>
</ul></li>
<li id="Rev"><a data-ajax="false" data-no-loading="" href="/tha-TH1971/Rev#Rev">&#224;&#184;&#167;&#224;&#184;&#180;&#224;&#184;&#167;&#224;&#184;&#163;&#224;&#184;&#147;&#224;&#185;&#140; <span class="icon-down-open-1"/></a>
<ul class="chapter hide"><li><a class="" href="/tha-TH1971/Rev/1">1</a></li>
<li><a class="" href="/tha-TH1971/Rev/2">2</a></li>
<li><a class="" href="/tha-TH1971/Rev/3">3</a></li>
<li><a class="" href="/tha-TH1971/Rev/4">4</a></li>
<li><a class="" href="/tha-TH1971/Rev/5">5</a></li>
<li><a class="" href="/tha-TH1971/Rev/6">6</a></li>
<li><a class="" href="/tha-TH1971/Rev/7">7</a></li>
<li><a class="" href="/tha-TH1971/Rev/8">8</a></li>
<li><a class="" href="/tha-TH1971/Rev/9">9</a></li>
<li><a class="" href="/tha-TH1971/Rev/10">10</a></li>
<li><a class="" href="/tha-TH1971/Rev/11">11</a></li>
<li><a class="" href="/tha-TH1971/Rev/12">12</a></li>
<li><a class="" href="/tha-TH1971/Rev/13">13</a></li>
<li><a class="" href="/tha-TH1971/Rev/14">14</a></li>
<li><a class="" href="/tha-TH1971/Rev/15">15</a></li>
<li><a class="" href="/tha-TH1971/Rev/16">16</a></li>
<li><a class="" href="/tha-TH1971/Rev/17">17</a></li>
<li><a class="" href="/tha-TH1971/Rev/18">18</a></li>
<li><a class="" href="/tha-TH1971/Rev/19">19</a></li>
<li><a class="" href="/tha-TH1971/Rev/20">20</a></li>
<li><a class="" href="/tha-TH1971/Rev/21">21</a></li>
<li><a class="" href="/tha-TH1971/Rev/22">22</a></li>
</ul></li>
</ul></div>
</div>
<script src="//ajax.googleapis.com/ajax/libs/jquery/1.7.1/jquery.min.js"/><script><![CDATA[window.jQuery||document.write('<script src="/javascripts/libraries/jquery-1.7.1.min.js"><\/script>')]]></script><script src="http://m.bibles.org/javascripts/libraries/underscore-min.js.pagespeed.jm.wweA_M5pC1.js"/><script src="/i18n-include/uistrings-i18n-en.js"/><script src="http://m.bibles.org/javascripts/ABS.common.js.pagespeed.jm.vMAyKkgBTM.js"/><script src="//d2ue49q0mum86x.cloudfront.net/include/sa.c.js"/><script src="http://m.bibles.org/javascripts/ABS.verseSelector.js.pagespeed.jm.HC6Q0pD64w.js"/><script src="http://m.bibles.org/javascripts/mobile/ABS.m.js.pagespeed.jm.e92NTaHv8T.js"/><script src="http://m.bibles.org/javascripts/mobile/libraries/jquery.mobile.custom.min.js.pagespeed.jm.powuBvzl6K.js"/><!-- end scripts--><!-- Debugger - remove for production --><!-- <script src="https://getfirebug.com/firebug-lite.js"></script> --><!-- Google Analytics Tracking Code --><script><![CDATA[var _gaq=_gaq||[];_gaq.push(['_setAccount','UA-2342140-34']);_gaq.push(['_setAllowLinker',true]);_gaq.push(['_setAllowHash',false]);_gaq.push(['_trackPageview']);_gaq.push(['_trackPageLoadTime']);_gaq.push(['t2._setAccount','UA-2342140-14']);_gaq.push(['t2._setDomainName','none']);_gaq.push(['t2._setAllowLinker',true]);_gaq.push(['t2._setAllowHash',false]);_gaq.push(['t2._trackPageview']);_gaq.push(['t2._trackPageLoadTime']);_gaq.push(['t3._setAccount','UA-2342140-17']);_gaq.push(['t3._setDomainName','none']);_gaq.push(['t3._setAllowLinker',true]);_gaq.push(['t3._setAllowHash',false]);_gaq.push(['t3._trackPageview']);_gaq.push(['t3._trackPageLoadTime']);(function(){var ga=document.createElement('script');ga.type='text/javascript';ga.async=true;ga.src=('https:'==document.location.protocol?'https://ssl':'http://www')+'.google-analytics.com/ga.js';var s=document.getElementsByTagName('script')[0];s.parentNode.insertBefore(ga,s);})();]]></script></body>
</html>
