<?xml version="1.0" encoding="ascii" standalone="yes"?>
<!DOCTYPE html>
<!-- Conditional comment for mobile ie7 blogs.msdn.com/b/iemobile/ -->
<!--[if IEMobile 7 ]>    <html class="no-js iem7" lang="en"> <![endif]-->
<!--[if (gt IEMobile 7)|!(IEMobile)]><!-->
<html class="no-js" lang="en">
<!--<![endif]-->
  <head>
    <meta charset="utf-8"/>
    <title>Bible Search</title>
    <meta name="description" content=""/>
<!-- Mobile viewport optimization h5bp.com/ad -->
    <meta name="HandheldFriendly" content="True"/>
    <meta name="MobileOptimized" content="320"/>
    <meta name="viewport" content="width=device-width, initial-scale=1"/>
    <meta name="apple-mobile-web-app-capable" content="yes"/>
    <meta name="apple-mobile-web-app-status-bar-style" content="black"/>
<!-- Icon Fonts -->
    <link rel="stylesheet" href="/css/mobile/fontello.css"/>
<!--[if IE 7]>
  <link rel="stylesheet" href="/css/mobile/fontello-ie7.css"><![endif]-->
<!-- Home screen icon  Mathias Bynens mathiasbynens.be/notes/touch-icons -->
<!-- For iPhone 4 with high-resolution Retina display: -->
    <link rel="apple-touch-icon" sizes="114x114" href="/images/magglass_icon_sharethumbnail-square.png"/>
<!-- For first-generation iPad: -->
    <link rel="apple-touch-icon" sizes="72x72" href="/images/magglass_icon_sharethumbnail-square.png"/>
<!-- For non-Retina iPhone, iPod Touch, and Android 2.1+ devices: -->
    <link rel="apple-touch-icon" href="/images/magglass_icon_sharethumbnail-square.png"/>
<!-- For nokia devices: -->
    <link rel="shortcut icon" href="/images/bsearch_fav.png"/>
<!-- iOS web app, delete if not needed. https://github.com/h5bp/mobile-boilerplate/issues/94 -->
<!-- <script>(function(){var a;if(navigator.platform==="iPad"){a=window.orientation!==90||window.orientation===-90?"img/startup-tablet-landscape.png":"img/startup-tablet-portrait.png"}else{a=window.devicePixelRatio===2?"img/startup-retina.png":"img/startup.png"}document.write('<link rel="apple-touch-startup-image" href="'+a+'"/>')})()</script> -->
<!-- The script prevents links from opening in mobile safari. https://gist.github.com/1042026 -->
<!-- <script>(function(a,b,c){if(c in b&&b[c]){var d,e=a.location,f=/^(a|html)$/i;a.addEventListener("click",function(a){d=a.target;while(!f.test(d.nodeName))d=d.parentNode;"href"in d&&(d.href.indexOf("http")||~d.href.indexOf(e.host))&&(a.preventDefault(),e.href=d.href)},!1)}})(document,window.navigator,"standalone")</script> -->
<!-- Mobile IE allows us to activate ClearType technology for smoothing fonts for easy reading -->
    <meta http-equiv="cleartype" content="on"/>
<!-- more tags for your 'head' to consider h5bp.com/d/head-Tips -->
<!-- Main Stylesheet -->
    <link rel="stylesheet" href="/css/mobile/jquery.mobile.custom.structure.min.css"/>
    <link rel="stylesheet" href="/css/mobile/style.css"/>
    <link href="/css/base.css" rel="stylesheet"/>
<!-- All JavaScript at the bottom, except for Modernizr which enables HTML5 elements & feature detects -->
    <script src="/javascripts/libraries/modernizr-2.0.6.min.js"/>
  </head>
  <body>
<div id="fb-root"/>
<script><![CDATA[window.fbAsyncInit=function(){FB.init({appId:'201616226536206',status:true,cookie:true,xfbml:true});if('undefined'!==typeof _ga){_ga.trackFacebook();}};(function(d){var js,id='facebook-jssdk',ref=d.getElementsByTagName('script')[0];if(d.getElementById(id)){return;}
js=d.createElement('script');js.id=id;js.async=true;js.src="//connect.facebook.net/en_US/all.js";ref.parentNode.insertBefore(js,ref);}(document));]]></script><div id="browse" data-role="page" data-url="/ind-TB">
<div id="menuMask" style="display:none;"/>
<div id="menu">
<div class="container">
<header class="search"><form class="search-form" action="/search/" data-ajax="false">
<span id="menu-search-icon" class="icon-search-1 search-input-icon"/><input class="menusearch" type="search" placeholder="keyword or reference" name="query"/><input type="hidden" name="vg" value="these"/><input type="hidden" name="version[]" value="eng-GNTD"/><div class="cancel"><a class="btn-dark" href="#">Cancel</a></div>
</form>
</header><div id="main" role="main">
<div id="mainnav">
<ul><li><a href="/"><span class="icon icon-home-1"/>Home</a></li>
<li><a href="/eng-GNTD"><span class="icon icon-book-open"/>Browse</a></li>
<li><a href="/account/passageHistory/"><span class="icon icon-clock"/>Passage History</a></li>
<li><a href="/share/?url=http%3A%2F%2Fbibles.org%2Find-TB"><span class="icon icon-share"/>Share</a></li>
</ul></div>
<div id="subnav">
<ul><li><a href="/account/settings">Settings</a></li>
<li><a href="/account/login">Login</a></li>
<li><a data-ajax="false" href="/swap?sendTo=http%3A%2F%2Fbibles.org%2Find-TB">Desktop Site</a></li>
<li><a href="/pages/about">About</a></li>
</ul></div>
<div class="abs-copyright-legal">
<p>&#169; 2013 American Bible Society</p>
<p>
<a href="/pages/privacy">Privacy Policy</a>
|
<a href="/pages/terms-and-conditions">Terms and Conditions</a>
</p>
</div>
</div>
</div>
</div>
<div id="container">
<header><div class="menu"><a href="/menu/" class="nav-menu-button"><span class="icon-align-justify"/><strong>Menu</strong></a></div>
<div class="version"><a class="btn-dark" href="/ind-TB/compare">TB</a></div>
<div class="title">Browse</div>
</header><div class="alphabetical">
<form action="http://m.bibles.org/ind-TB">
<label for="alpha-book-order">Alphabetical</label>
<input type="checkbox" id="alpha-book-order" name="alpha" value="1"/></form>
</div>
<ul class="book"><li id="Gen"><a data-ajax="false" data-no-loading="" href="/ind-TB/Gen#Gen">Kejadian <span class="icon-down-open-1"/></a>
<ul class="chapter hide"><li><a class="" href="/ind-TB/Gen/1">1</a></li>
<li><a class="" href="/ind-TB/Gen/2">2</a></li>
<li><a class="" href="/ind-TB/Gen/3">3</a></li>
<li><a class="" href="/ind-TB/Gen/4">4</a></li>
<li><a class="" href="/ind-TB/Gen/5">5</a></li>
<li><a class="" href="/ind-TB/Gen/6">6</a></li>
<li><a class="" href="/ind-TB/Gen/7">7</a></li>
<li><a class="" href="/ind-TB/Gen/8">8</a></li>
<li><a class="" href="/ind-TB/Gen/9">9</a></li>
<li><a class="" href="/ind-TB/Gen/10">10</a></li>
<li><a class="" href="/ind-TB/Gen/11">11</a></li>
<li><a class="" href="/ind-TB/Gen/12">12</a></li>
<li><a class="" href="/ind-TB/Gen/13">13</a></li>
<li><a class="" href="/ind-TB/Gen/14">14</a></li>
<li><a class="" href="/ind-TB/Gen/15">15</a></li>
<li><a class="" href="/ind-TB/Gen/16">16</a></li>
<li><a class="" href="/ind-TB/Gen/17">17</a></li>
<li><a class="" href="/ind-TB/Gen/18">18</a></li>
<li><a class="" href="/ind-TB/Gen/19">19</a></li>
<li><a class="" href="/ind-TB/Gen/20">20</a></li>
<li><a class="" href="/ind-TB/Gen/21">21</a></li>
<li><a class="" href="/ind-TB/Gen/22">22</a></li>
<li><a class="" href="/ind-TB/Gen/23">23</a></li>
<li><a class="" href="/ind-TB/Gen/24">24</a></li>
<li><a class="" href="/ind-TB/Gen/25">25</a></li>
<li><a class="" href="/ind-TB/Gen/26">26</a></li>
<li><a class="" href="/ind-TB/Gen/27">27</a></li>
<li><a class="" href="/ind-TB/Gen/28">28</a></li>
<li><a class="" href="/ind-TB/Gen/29">29</a></li>
<li><a class="" href="/ind-TB/Gen/30">30</a></li>
<li><a class="" href="/ind-TB/Gen/31">31</a></li>
<li><a class="" href="/ind-TB/Gen/32">32</a></li>
<li><a class="" href="/ind-TB/Gen/33">33</a></li>
<li><a class="" href="/ind-TB/Gen/34">34</a></li>
<li><a class="" href="/ind-TB/Gen/35">35</a></li>
<li><a class="" href="/ind-TB/Gen/36">36</a></li>
<li><a class="" href="/ind-TB/Gen/37">37</a></li>
<li><a class="" href="/ind-TB/Gen/38">38</a></li>
<li><a class="" href="/ind-TB/Gen/39">39</a></li>
<li><a class="" href="/ind-TB/Gen/40">40</a></li>
<li><a class="" href="/ind-TB/Gen/41">41</a></li>
<li><a class="" href="/ind-TB/Gen/42">42</a></li>
<li><a class="" href="/ind-TB/Gen/43">43</a></li>
<li><a class="" href="/ind-TB/Gen/44">44</a></li>
<li><a class="" href="/ind-TB/Gen/45">45</a></li>
<li><a class="" href="/ind-TB/Gen/46">46</a></li>
<li><a class="" href="/ind-TB/Gen/47">47</a></li>
<li><a class="" href="/ind-TB/Gen/48">48</a></li>
<li><a class="" href="/ind-TB/Gen/49">49</a></li>
<li><a class="" href="/ind-TB/Gen/50">50</a></li>
</ul></li>
<li id="Exod"><a data-ajax="false" data-no-loading="" href="/ind-TB/Exod#Exod">Keluaran <span class="icon-down-open-1"/></a>
<ul class="chapter hide"><li><a class="" href="/ind-TB/Exod/1">1</a></li>
<li><a class="" href="/ind-TB/Exod/2">2</a></li>
<li><a class="" href="/ind-TB/Exod/3">3</a></li>
<li><a class="" href="/ind-TB/Exod/4">4</a></li>
<li><a class="" href="/ind-TB/Exod/5">5</a></li>
<li><a class="" href="/ind-TB/Exod/6">6</a></li>
<li><a class="" href="/ind-TB/Exod/7">7</a></li>
<li><a class="" href="/ind-TB/Exod/8">8</a></li>
<li><a class="" href="/ind-TB/Exod/9">9</a></li>
<li><a class="" href="/ind-TB/Exod/10">10</a></li>
<li><a class="" href="/ind-TB/Exod/11">11</a></li>
<li><a class="" href="/ind-TB/Exod/12">12</a></li>
<li><a class="" href="/ind-TB/Exod/13">13</a></li>
<li><a class="" href="/ind-TB/Exod/14">14</a></li>
<li><a class="" href="/ind-TB/Exod/15">15</a></li>
<li><a class="" href="/ind-TB/Exod/16">16</a></li>
<li><a class="" href="/ind-TB/Exod/17">17</a></li>
<li><a class="" href="/ind-TB/Exod/18">18</a></li>
<li><a class="" href="/ind-TB/Exod/19">19</a></li>
<li><a class="" href="/ind-TB/Exod/20">20</a></li>
<li><a class="" href="/ind-TB/Exod/21">21</a></li>
<li><a class="" href="/ind-TB/Exod/22">22</a></li>
<li><a class="" href="/ind-TB/Exod/23">23</a></li>
<li><a class="" href="/ind-TB/Exod/24">24</a></li>
<li><a class="" href="/ind-TB/Exod/25">25</a></li>
<li><a class="" href="/ind-TB/Exod/26">26</a></li>
<li><a class="" href="/ind-TB/Exod/27">27</a></li>
<li><a class="" href="/ind-TB/Exod/28">28</a></li>
<li><a class="" href="/ind-TB/Exod/29">29</a></li>
<li><a class="" href="/ind-TB/Exod/30">30</a></li>
<li><a class="" href="/ind-TB/Exod/31">31</a></li>
<li><a class="" href="/ind-TB/Exod/32">32</a></li>
<li><a class="" href="/ind-TB/Exod/33">33</a></li>
<li><a class="" href="/ind-TB/Exod/34">34</a></li>
<li><a class="" href="/ind-TB/Exod/35">35</a></li>
<li><a class="" href="/ind-TB/Exod/36">36</a></li>
<li><a class="" href="/ind-TB/Exod/37">37</a></li>
<li><a class="" href="/ind-TB/Exod/38">38</a></li>
<li><a class="" href="/ind-TB/Exod/39">39</a></li>
<li><a class="" href="/ind-TB/Exod/40">40</a></li>
</ul></li>
<li id="Lev"><a data-ajax="false" data-no-loading="" href="/ind-TB/Lev#Lev">Imamat <span class="icon-down-open-1"/></a>
<ul class="chapter hide"><li><a class="" href="/ind-TB/Lev/1">1</a></li>
<li><a class="" href="/ind-TB/Lev/2">2</a></li>
<li><a class="" href="/ind-TB/Lev/3">3</a></li>
<li><a class="" href="/ind-TB/Lev/4">4</a></li>
<li><a class="" href="/ind-TB/Lev/5">5</a></li>
<li><a class="" href="/ind-TB/Lev/6">6</a></li>
<li><a class="" href="/ind-TB/Lev/7">7</a></li>
<li><a class="" href="/ind-TB/Lev/8">8</a></li>
<li><a class="" href="/ind-TB/Lev/9">9</a></li>
<li><a class="" href="/ind-TB/Lev/10">10</a></li>
<li><a class="" href="/ind-TB/Lev/11">11</a></li>
<li><a class="" href="/ind-TB/Lev/12">12</a></li>
<li><a class="" href="/ind-TB/Lev/13">13</a></li>
<li><a class="" href="/ind-TB/Lev/14">14</a></li>
<li><a class="" href="/ind-TB/Lev/15">15</a></li>
<li><a class="" href="/ind-TB/Lev/16">16</a></li>
<li><a class="" href="/ind-TB/Lev/17">17</a></li>
<li><a class="" href="/ind-TB/Lev/18">18</a></li>
<li><a class="" href="/ind-TB/Lev/19">19</a></li>
<li><a class="" href="/ind-TB/Lev/20">20</a></li>
<li><a class="" href="/ind-TB/Lev/21">21</a></li>
<li><a class="" href="/ind-TB/Lev/22">22</a></li>
<li><a class="" href="/ind-TB/Lev/23">23</a></li>
<li><a class="" href="/ind-TB/Lev/24">24</a></li>
<li><a class="" href="/ind-TB/Lev/25">25</a></li>
<li><a class="" href="/ind-TB/Lev/26">26</a></li>
<li><a class="" href="/ind-TB/Lev/27">27</a></li>
</ul></li>
<li id="Num"><a data-ajax="false" data-no-loading="" href="/ind-TB/Num#Num">Bilangan <span class="icon-down-open-1"/></a>
<ul class="chapter hide"><li><a class="" href="/ind-TB/Num/1">1</a></li>
<li><a class="" href="/ind-TB/Num/2">2</a></li>
<li><a class="" href="/ind-TB/Num/3">3</a></li>
<li><a class="" href="/ind-TB/Num/4">4</a></li>
<li><a class="" href="/ind-TB/Num/5">5</a></li>
<li><a class="" href="/ind-TB/Num/6">6</a></li>
<li><a class="" href="/ind-TB/Num/7">7</a></li>
<li><a class="" href="/ind-TB/Num/8">8</a></li>
<li><a class="" href="/ind-TB/Num/9">9</a></li>
<li><a class="" href="/ind-TB/Num/10">10</a></li>
<li><a class="" href="/ind-TB/Num/11">11</a></li>
<li><a class="" href="/ind-TB/Num/12">12</a></li>
<li><a class="" href="/ind-TB/Num/13">13</a></li>
<li><a class="" href="/ind-TB/Num/14">14</a></li>
<li><a class="" href="/ind-TB/Num/15">15</a></li>
<li><a class="" href="/ind-TB/Num/16">16</a></li>
<li><a class="" href="/ind-TB/Num/17">17</a></li>
<li><a class="" href="/ind-TB/Num/18">18</a></li>
<li><a class="" href="/ind-TB/Num/19">19</a></li>
<li><a class="" href="/ind-TB/Num/20">20</a></li>
<li><a class="" href="/ind-TB/Num/21">21</a></li>
<li><a class="" href="/ind-TB/Num/22">22</a></li>
<li><a class="" href="/ind-TB/Num/23">23</a></li>
<li><a class="" href="/ind-TB/Num/24">24</a></li>
<li><a class="" href="/ind-TB/Num/25">25</a></li>
<li><a class="" href="/ind-TB/Num/26">26</a></li>
<li><a class="" href="/ind-TB/Num/27">27</a></li>
<li><a class="" href="/ind-TB/Num/28">28</a></li>
<li><a class="" href="/ind-TB/Num/29">29</a></li>
<li><a class="" href="/ind-TB/Num/30">30</a></li>
<li><a class="" href="/ind-TB/Num/31">31</a></li>
<li><a class="" href="/ind-TB/Num/32">32</a></li>
<li><a class="" href="/ind-TB/Num/33">33</a></li>
<li><a class="" href="/ind-TB/Num/34">34</a></li>
<li><a class="" href="/ind-TB/Num/35">35</a></li>
<li><a class="" href="/ind-TB/Num/36">36</a></li>
</ul></li>
<li id="Deut"><a data-ajax="false" data-no-loading="" href="/ind-TB/Deut#Deut">Ulangan <span class="icon-down-open-1"/></a>
<ul class="chapter hide"><li><a class="" href="/ind-TB/Deut/1">1</a></li>
<li><a class="" href="/ind-TB/Deut/2">2</a></li>
<li><a class="" href="/ind-TB/Deut/3">3</a></li>
<li><a class="" href="/ind-TB/Deut/4">4</a></li>
<li><a class="" href="/ind-TB/Deut/5">5</a></li>
<li><a class="" href="/ind-TB/Deut/6">6</a></li>
<li><a class="" href="/ind-TB/Deut/7">7</a></li>
<li><a class="" href="/ind-TB/Deut/8">8</a></li>
<li><a class="" href="/ind-TB/Deut/9">9</a></li>
<li><a class="" href="/ind-TB/Deut/10">10</a></li>
<li><a class="" href="/ind-TB/Deut/11">11</a></li>
<li><a class="" href="/ind-TB/Deut/12">12</a></li>
<li><a class="" href="/ind-TB/Deut/13">13</a></li>
<li><a class="" href="/ind-TB/Deut/14">14</a></li>
<li><a class="" href="/ind-TB/Deut/15">15</a></li>
<li><a class="" href="/ind-TB/Deut/16">16</a></li>
<li><a class="" href="/ind-TB/Deut/17">17</a></li>
<li><a class="" href="/ind-TB/Deut/18">18</a></li>
<li><a class="" href="/ind-TB/Deut/19">19</a></li>
<li><a class="" href="/ind-TB/Deut/20">20</a></li>
<li><a class="" href="/ind-TB/Deut/21">21</a></li>
<li><a class="" href="/ind-TB/Deut/22">22</a></li>
<li><a class="" href="/ind-TB/Deut/23">23</a></li>
<li><a class="" href="/ind-TB/Deut/24">24</a></li>
<li><a class="" href="/ind-TB/Deut/25">25</a></li>
<li><a class="" href="/ind-TB/Deut/26">26</a></li>
<li><a class="" href="/ind-TB/Deut/27">27</a></li>
<li><a class="" href="/ind-TB/Deut/28">28</a></li>
<li><a class="" href="/ind-TB/Deut/29">29</a></li>
<li><a class="" href="/ind-TB/Deut/30">30</a></li>
<li><a class="" href="/ind-TB/Deut/31">31</a></li>
<li><a class="" href="/ind-TB/Deut/32">32</a></li>
<li><a class="" href="/ind-TB/Deut/33">33</a></li>
<li><a class="" href="/ind-TB/Deut/34">34</a></li>
</ul></li>
<li id="Josh"><a data-ajax="false" data-no-loading="" href="/ind-TB/Josh#Josh">Yosua <span class="icon-down-open-1"/></a>
<ul class="chapter hide"><li><a class="" href="/ind-TB/Josh/1">1</a></li>
<li><a class="" href="/ind-TB/Josh/2">2</a></li>
<li><a class="" href="/ind-TB/Josh/3">3</a></li>
<li><a class="" href="/ind-TB/Josh/4">4</a></li>
<li><a class="" href="/ind-TB/Josh/5">5</a></li>
<li><a class="" href="/ind-TB/Josh/6">6</a></li>
<li><a class="" href="/ind-TB/Josh/7">7</a></li>
<li><a class="" href="/ind-TB/Josh/8">8</a></li>
<li><a class="" href="/ind-TB/Josh/9">9</a></li>
<li><a class="" href="/ind-TB/Josh/10">10</a></li>
<li><a class="" href="/ind-TB/Josh/11">11</a></li>
<li><a class="" href="/ind-TB/Josh/12">12</a></li>
<li><a class="" href="/ind-TB/Josh/13">13</a></li>
<li><a class="" href="/ind-TB/Josh/14">14</a></li>
<li><a class="" href="/ind-TB/Josh/15">15</a></li>
<li><a class="" href="/ind-TB/Josh/16">16</a></li>
<li><a class="" href="/ind-TB/Josh/17">17</a></li>
<li><a class="" href="/ind-TB/Josh/18">18</a></li>
<li><a class="" href="/ind-TB/Josh/19">19</a></li>
<li><a class="" href="/ind-TB/Josh/20">20</a></li>
<li><a class="" href="/ind-TB/Josh/21">21</a></li>
<li><a class="" href="/ind-TB/Josh/22">22</a></li>
<li><a class="" href="/ind-TB/Josh/23">23</a></li>
<li><a class="" href="/ind-TB/Josh/24">24</a></li>
</ul></li>
<li id="Judg"><a data-ajax="false" data-no-loading="" href="/ind-TB/Judg#Judg">Hakim-hakim <span class="icon-down-open-1"/></a>
<ul class="chapter hide"><li><a class="" href="/ind-TB/Judg/1">1</a></li>
<li><a class="" href="/ind-TB/Judg/2">2</a></li>
<li><a class="" href="/ind-TB/Judg/3">3</a></li>
<li><a class="" href="/ind-TB/Judg/4">4</a></li>
<li><a class="" href="/ind-TB/Judg/5">5</a></li>
<li><a class="" href="/ind-TB/Judg/6">6</a></li>
<li><a class="" href="/ind-TB/Judg/7">7</a></li>
<li><a class="" href="/ind-TB/Judg/8">8</a></li>
<li><a class="" href="/ind-TB/Judg/9">9</a></li>
<li><a class="" href="/ind-TB/Judg/10">10</a></li>
<li><a class="" href="/ind-TB/Judg/11">11</a></li>
<li><a class="" href="/ind-TB/Judg/12">12</a></li>
<li><a class="" href="/ind-TB/Judg/13">13</a></li>
<li><a class="" href="/ind-TB/Judg/14">14</a></li>
<li><a class="" href="/ind-TB/Judg/15">15</a></li>
<li><a class="" href="/ind-TB/Judg/16">16</a></li>
<li><a class="" href="/ind-TB/Judg/17">17</a></li>
<li><a class="" href="/ind-TB/Judg/18">18</a></li>
<li><a class="" href="/ind-TB/Judg/19">19</a></li>
<li><a class="" href="/ind-TB/Judg/20">20</a></li>
<li><a class="" href="/ind-TB/Judg/21">21</a></li>
</ul></li>
<li id="Ruth"><a data-ajax="false" data-no-loading="" href="/ind-TB/Ruth#Ruth">Rut <span class="icon-down-open-1"/></a>
<ul class="chapter hide"><li><a class="" href="/ind-TB/Ruth/1">1</a></li>
<li><a class="" href="/ind-TB/Ruth/2">2</a></li>
<li><a class="" href="/ind-TB/Ruth/3">3</a></li>
<li><a class="" href="/ind-TB/Ruth/4">4</a></li>
</ul></li>
<li id="1Sam"><a data-ajax="false" data-no-loading="" href="/ind-TB/1Sam#1Sam">1 Samuel <span class="icon-down-open-1"/></a>
<ul class="chapter hide"><li><a class="" href="/ind-TB/1Sam/1">1</a></li>
<li><a class="" href="/ind-TB/1Sam/2">2</a></li>
<li><a class="" href="/ind-TB/1Sam/3">3</a></li>
<li><a class="" href="/ind-TB/1Sam/4">4</a></li>
<li><a class="" href="/ind-TB/1Sam/5">5</a></li>
<li><a class="" href="/ind-TB/1Sam/6">6</a></li>
<li><a class="" href="/ind-TB/1Sam/7">7</a></li>
<li><a class="" href="/ind-TB/1Sam/8">8</a></li>
<li><a class="" href="/ind-TB/1Sam/9">9</a></li>
<li><a class="" href="/ind-TB/1Sam/10">10</a></li>
<li><a class="" href="/ind-TB/1Sam/11">11</a></li>
<li><a class="" href="/ind-TB/1Sam/12">12</a></li>
<li><a class="" href="/ind-TB/1Sam/13">13</a></li>
<li><a class="" href="/ind-TB/1Sam/14">14</a></li>
<li><a class="" href="/ind-TB/1Sam/15">15</a></li>
<li><a class="" href="/ind-TB/1Sam/16">16</a></li>
<li><a class="" href="/ind-TB/1Sam/17">17</a></li>
<li><a class="" href="/ind-TB/1Sam/18">18</a></li>
<li><a class="" href="/ind-TB/1Sam/19">19</a></li>
<li><a class="" href="/ind-TB/1Sam/20">20</a></li>
<li><a class="" href="/ind-TB/1Sam/21">21</a></li>
<li><a class="" href="/ind-TB/1Sam/22">22</a></li>
<li><a class="" href="/ind-TB/1Sam/23">23</a></li>
<li><a class="" href="/ind-TB/1Sam/24">24</a></li>
<li><a class="" href="/ind-TB/1Sam/25">25</a></li>
<li><a class="" href="/ind-TB/1Sam/26">26</a></li>
<li><a class="" href="/ind-TB/1Sam/27">27</a></li>
<li><a class="" href="/ind-TB/1Sam/28">28</a></li>
<li><a class="" href="/ind-TB/1Sam/29">29</a></li>
<li><a class="" href="/ind-TB/1Sam/30">30</a></li>
<li><a class="" href="/ind-TB/1Sam/31">31</a></li>
</ul></li>
<li id="2Sam"><a data-ajax="false" data-no-loading="" href="/ind-TB/2Sam#2Sam">2 Samuel <span class="icon-down-open-1"/></a>
<ul class="chapter hide"><li><a class="" href="/ind-TB/2Sam/1">1</a></li>
<li><a class="" href="/ind-TB/2Sam/2">2</a></li>
<li><a class="" href="/ind-TB/2Sam/3">3</a></li>
<li><a class="" href="/ind-TB/2Sam/4">4</a></li>
<li><a class="" href="/ind-TB/2Sam/5">5</a></li>
<li><a class="" href="/ind-TB/2Sam/6">6</a></li>
<li><a class="" href="/ind-TB/2Sam/7">7</a></li>
<li><a class="" href="/ind-TB/2Sam/8">8</a></li>
<li><a class="" href="/ind-TB/2Sam/9">9</a></li>
<li><a class="" href="/ind-TB/2Sam/10">10</a></li>
<li><a class="" href="/ind-TB/2Sam/11">11</a></li>
<li><a class="" href="/ind-TB/2Sam/12">12</a></li>
<li><a class="" href="/ind-TB/2Sam/13">13</a></li>
<li><a class="" href="/ind-TB/2Sam/14">14</a></li>
<li><a class="" href="/ind-TB/2Sam/15">15</a></li>
<li><a class="" href="/ind-TB/2Sam/16">16</a></li>
<li><a class="" href="/ind-TB/2Sam/17">17</a></li>
<li><a class="" href="/ind-TB/2Sam/18">18</a></li>
<li><a class="" href="/ind-TB/2Sam/19">19</a></li>
<li><a class="" href="/ind-TB/2Sam/20">20</a></li>
<li><a class="" href="/ind-TB/2Sam/21">21</a></li>
<li><a class="" href="/ind-TB/2Sam/22">22</a></li>
<li><a class="" href="/ind-TB/2Sam/23">23</a></li>
<li><a class="" href="/ind-TB/2Sam/24">24</a></li>
</ul></li>
<li id="1Kgs"><a data-ajax="false" data-no-loading="" href="/ind-TB/1Kgs#1Kgs">1 Raja-raja <span class="icon-down-open-1"/></a>
<ul class="chapter hide"><li><a class="" href="/ind-TB/1Kgs/1">1</a></li>
<li><a class="" href="/ind-TB/1Kgs/2">2</a></li>
<li><a class="" href="/ind-TB/1Kgs/3">3</a></li>
<li><a class="" href="/ind-TB/1Kgs/4">4</a></li>
<li><a class="" href="/ind-TB/1Kgs/5">5</a></li>
<li><a class="" href="/ind-TB/1Kgs/6">6</a></li>
<li><a class="" href="/ind-TB/1Kgs/7">7</a></li>
<li><a class="" href="/ind-TB/1Kgs/8">8</a></li>
<li><a class="" href="/ind-TB/1Kgs/9">9</a></li>
<li><a class="" href="/ind-TB/1Kgs/10">10</a></li>
<li><a class="" href="/ind-TB/1Kgs/11">11</a></li>
<li><a class="" href="/ind-TB/1Kgs/12">12</a></li>
<li><a class="" href="/ind-TB/1Kgs/13">13</a></li>
<li><a class="" href="/ind-TB/1Kgs/14">14</a></li>
<li><a class="" href="/ind-TB/1Kgs/15">15</a></li>
<li><a class="" href="/ind-TB/1Kgs/16">16</a></li>
<li><a class="" href="/ind-TB/1Kgs/17">17</a></li>
<li><a class="" href="/ind-TB/1Kgs/18">18</a></li>
<li><a class="" href="/ind-TB/1Kgs/19">19</a></li>
<li><a class="" href="/ind-TB/1Kgs/20">20</a></li>
<li><a class="" href="/ind-TB/1Kgs/21">21</a></li>
<li><a class="" href="/ind-TB/1Kgs/22">22</a></li>
</ul></li>
<li id="2Kgs"><a data-ajax="false" data-no-loading="" href="/ind-TB/2Kgs#2Kgs">2 Raja-raja <span class="icon-down-open-1"/></a>
<ul class="chapter hide"><li><a class="" href="/ind-TB/2Kgs/1">1</a></li>
<li><a class="" href="/ind-TB/2Kgs/2">2</a></li>
<li><a class="" href="/ind-TB/2Kgs/3">3</a></li>
<li><a class="" href="/ind-TB/2Kgs/4">4</a></li>
<li><a class="" href="/ind-TB/2Kgs/5">5</a></li>
<li><a class="" href="/ind-TB/2Kgs/6">6</a></li>
<li><a class="" href="/ind-TB/2Kgs/7">7</a></li>
<li><a class="" href="/ind-TB/2Kgs/8">8</a></li>
<li><a class="" href="/ind-TB/2Kgs/9">9</a></li>
<li><a class="" href="/ind-TB/2Kgs/10">10</a></li>
<li><a class="" href="/ind-TB/2Kgs/11">11</a></li>
<li><a class="" href="/ind-TB/2Kgs/12">12</a></li>
<li><a class="" href="/ind-TB/2Kgs/13">13</a></li>
<li><a class="" href="/ind-TB/2Kgs/14">14</a></li>
<li><a class="" href="/ind-TB/2Kgs/15">15</a></li>
<li><a class="" href="/ind-TB/2Kgs/16">16</a></li>
<li><a class="" href="/ind-TB/2Kgs/17">17</a></li>
<li><a class="" href="/ind-TB/2Kgs/18">18</a></li>
<li><a class="" href="/ind-TB/2Kgs/19">19</a></li>
<li><a class="" href="/ind-TB/2Kgs/20">20</a></li>
<li><a class="" href="/ind-TB/2Kgs/21">21</a></li>
<li><a class="" href="/ind-TB/2Kgs/22">22</a></li>
<li><a class="" href="/ind-TB/2Kgs/23">23</a></li>
<li><a class="" href="/ind-TB/2Kgs/24">24</a></li>
<li><a class="" href="/ind-TB/2Kgs/25">25</a></li>
</ul></li>
<li id="1Chr"><a data-ajax="false" data-no-loading="" href="/ind-TB/1Chr#1Chr">1 Tawarikh <span class="icon-down-open-1"/></a>
<ul class="chapter hide"><li><a class="" href="/ind-TB/1Chr/1">1</a></li>
<li><a class="" href="/ind-TB/1Chr/2">2</a></li>
<li><a class="" href="/ind-TB/1Chr/3">3</a></li>
<li><a class="" href="/ind-TB/1Chr/4">4</a></li>
<li><a class="" href="/ind-TB/1Chr/5">5</a></li>
<li><a class="" href="/ind-TB/1Chr/6">6</a></li>
<li><a class="" href="/ind-TB/1Chr/7">7</a></li>
<li><a class="" href="/ind-TB/1Chr/8">8</a></li>
<li><a class="" href="/ind-TB/1Chr/9">9</a></li>
<li><a class="" href="/ind-TB/1Chr/10">10</a></li>
<li><a class="" href="/ind-TB/1Chr/11">11</a></li>
<li><a class="" href="/ind-TB/1Chr/12">12</a></li>
<li><a class="" href="/ind-TB/1Chr/13">13</a></li>
<li><a class="" href="/ind-TB/1Chr/14">14</a></li>
<li><a class="" href="/ind-TB/1Chr/15">15</a></li>
<li><a class="" href="/ind-TB/1Chr/16">16</a></li>
<li><a class="" href="/ind-TB/1Chr/17">17</a></li>
<li><a class="" href="/ind-TB/1Chr/18">18</a></li>
<li><a class="" href="/ind-TB/1Chr/19">19</a></li>
<li><a class="" href="/ind-TB/1Chr/20">20</a></li>
<li><a class="" href="/ind-TB/1Chr/21">21</a></li>
<li><a class="" href="/ind-TB/1Chr/22">22</a></li>
<li><a class="" href="/ind-TB/1Chr/23">23</a></li>
<li><a class="" href="/ind-TB/1Chr/24">24</a></li>
<li><a class="" href="/ind-TB/1Chr/25">25</a></li>
<li><a class="" href="/ind-TB/1Chr/26">26</a></li>
<li><a class="" href="/ind-TB/1Chr/27">27</a></li>
<li><a class="" href="/ind-TB/1Chr/28">28</a></li>
<li><a class="" href="/ind-TB/1Chr/29">29</a></li>
</ul></li>
<li id="2Chr"><a data-ajax="false" data-no-loading="" href="/ind-TB/2Chr#2Chr">2 Tawarikh <span class="icon-down-open-1"/></a>
<ul class="chapter hide"><li><a class="" href="/ind-TB/2Chr/1">1</a></li>
<li><a class="" href="/ind-TB/2Chr/2">2</a></li>
<li><a class="" href="/ind-TB/2Chr/3">3</a></li>
<li><a class="" href="/ind-TB/2Chr/4">4</a></li>
<li><a class="" href="/ind-TB/2Chr/5">5</a></li>
<li><a class="" href="/ind-TB/2Chr/6">6</a></li>
<li><a class="" href="/ind-TB/2Chr/7">7</a></li>
<li><a class="" href="/ind-TB/2Chr/8">8</a></li>
<li><a class="" href="/ind-TB/2Chr/9">9</a></li>
<li><a class="" href="/ind-TB/2Chr/10">10</a></li>
<li><a class="" href="/ind-TB/2Chr/11">11</a></li>
<li><a class="" href="/ind-TB/2Chr/12">12</a></li>
<li><a class="" href="/ind-TB/2Chr/13">13</a></li>
<li><a class="" href="/ind-TB/2Chr/14">14</a></li>
<li><a class="" href="/ind-TB/2Chr/15">15</a></li>
<li><a class="" href="/ind-TB/2Chr/16">16</a></li>
<li><a class="" href="/ind-TB/2Chr/17">17</a></li>
<li><a class="" href="/ind-TB/2Chr/18">18</a></li>
<li><a class="" href="/ind-TB/2Chr/19">19</a></li>
<li><a class="" href="/ind-TB/2Chr/20">20</a></li>
<li><a class="" href="/ind-TB/2Chr/21">21</a></li>
<li><a class="" href="/ind-TB/2Chr/22">22</a></li>
<li><a class="" href="/ind-TB/2Chr/23">23</a></li>
<li><a class="" href="/ind-TB/2Chr/24">24</a></li>
<li><a class="" href="/ind-TB/2Chr/25">25</a></li>
<li><a class="" href="/ind-TB/2Chr/26">26</a></li>
<li><a class="" href="/ind-TB/2Chr/27">27</a></li>
<li><a class="" href="/ind-TB/2Chr/28">28</a></li>
<li><a class="" href="/ind-TB/2Chr/29">29</a></li>
<li><a class="" href="/ind-TB/2Chr/30">30</a></li>
<li><a class="" href="/ind-TB/2Chr/31">31</a></li>
<li><a class="" href="/ind-TB/2Chr/32">32</a></li>
<li><a class="" href="/ind-TB/2Chr/33">33</a></li>
<li><a class="" href="/ind-TB/2Chr/34">34</a></li>
<li><a class="" href="/ind-TB/2Chr/35">35</a></li>
<li><a class="" href="/ind-TB/2Chr/36">36</a></li>
</ul></li>
<li id="Ezra"><a data-ajax="false" data-no-loading="" href="/ind-TB/Ezra#Ezra">Ezra <span class="icon-down-open-1"/></a>
<ul class="chapter hide"><li><a class="" href="/ind-TB/Ezra/1">1</a></li>
<li><a class="" href="/ind-TB/Ezra/2">2</a></li>
<li><a class="" href="/ind-TB/Ezra/3">3</a></li>
<li><a class="" href="/ind-TB/Ezra/4">4</a></li>
<li><a class="" href="/ind-TB/Ezra/5">5</a></li>
<li><a class="" href="/ind-TB/Ezra/6">6</a></li>
<li><a class="" href="/ind-TB/Ezra/7">7</a></li>
<li><a class="" href="/ind-TB/Ezra/8">8</a></li>
<li><a class="" href="/ind-TB/Ezra/9">9</a></li>
<li><a class="" href="/ind-TB/Ezra/10">10</a></li>
</ul></li>
<li id="Neh"><a data-ajax="false" data-no-loading="" href="/ind-TB/Neh#Neh">Nehemia <span class="icon-down-open-1"/></a>
<ul class="chapter hide"><li><a class="" href="/ind-TB/Neh/1">1</a></li>
<li><a class="" href="/ind-TB/Neh/2">2</a></li>
<li><a class="" href="/ind-TB/Neh/3">3</a></li>
<li><a class="" href="/ind-TB/Neh/4">4</a></li>
<li><a class="" href="/ind-TB/Neh/5">5</a></li>
<li><a class="" href="/ind-TB/Neh/6">6</a></li>
<li><a class="" href="/ind-TB/Neh/7">7</a></li>
<li><a class="" href="/ind-TB/Neh/8">8</a></li>
<li><a class="" href="/ind-TB/Neh/9">9</a></li>
<li><a class="" href="/ind-TB/Neh/10">10</a></li>
<li><a class="" href="/ind-TB/Neh/11">11</a></li>
<li><a class="" href="/ind-TB/Neh/12">12</a></li>
<li><a class="" href="/ind-TB/Neh/13">13</a></li>
</ul></li>
<li id="Esth"><a data-ajax="false" data-no-loading="" href="/ind-TB/Esth#Esth">Ester <span class="icon-down-open-1"/></a>
<ul class="chapter hide"><li><a class="" href="/ind-TB/Esth/1">1</a></li>
<li><a class="" href="/ind-TB/Esth/2">2</a></li>
<li><a class="" href="/ind-TB/Esth/3">3</a></li>
<li><a class="" href="/ind-TB/Esth/4">4</a></li>
<li><a class="" href="/ind-TB/Esth/5">5</a></li>
<li><a class="" href="/ind-TB/Esth/6">6</a></li>
<li><a class="" href="/ind-TB/Esth/7">7</a></li>
<li><a class="" href="/ind-TB/Esth/8">8</a></li>
<li><a class="" href="/ind-TB/Esth/9">9</a></li>
<li><a class="" href="/ind-TB/Esth/10">10</a></li>
</ul></li>
<li id="Job"><a data-ajax="false" data-no-loading="" href="/ind-TB/Job#Job">Ayub <span class="icon-down-open-1"/></a>
<ul class="chapter hide"><li><a class="" href="/ind-TB/Job/1">1</a></li>
<li><a class="" href="/ind-TB/Job/2">2</a></li>
<li><a class="" href="/ind-TB/Job/3">3</a></li>
<li><a class="" href="/ind-TB/Job/4">4</a></li>
<li><a class="" href="/ind-TB/Job/5">5</a></li>
<li><a class="" href="/ind-TB/Job/6">6</a></li>
<li><a class="" href="/ind-TB/Job/7">7</a></li>
<li><a class="" href="/ind-TB/Job/8">8</a></li>
<li><a class="" href="/ind-TB/Job/9">9</a></li>
<li><a class="" href="/ind-TB/Job/10">10</a></li>
<li><a class="" href="/ind-TB/Job/11">11</a></li>
<li><a class="" href="/ind-TB/Job/12">12</a></li>
<li><a class="" href="/ind-TB/Job/13">13</a></li>
<li><a class="" href="/ind-TB/Job/14">14</a></li>
<li><a class="" href="/ind-TB/Job/15">15</a></li>
<li><a class="" href="/ind-TB/Job/16">16</a></li>
<li><a class="" href="/ind-TB/Job/17">17</a></li>
<li><a class="" href="/ind-TB/Job/18">18</a></li>
<li><a class="" href="/ind-TB/Job/19">19</a></li>
<li><a class="" href="/ind-TB/Job/20">20</a></li>
<li><a class="" href="/ind-TB/Job/21">21</a></li>
<li><a class="" href="/ind-TB/Job/22">22</a></li>
<li><a class="" href="/ind-TB/Job/23">23</a></li>
<li><a class="" href="/ind-TB/Job/24">24</a></li>
<li><a class="" href="/ind-TB/Job/25">25</a></li>
<li><a class="" href="/ind-TB/Job/26">26</a></li>
<li><a class="" href="/ind-TB/Job/27">27</a></li>
<li><a class="" href="/ind-TB/Job/28">28</a></li>
<li><a class="" href="/ind-TB/Job/29">29</a></li>
<li><a class="" href="/ind-TB/Job/30">30</a></li>
<li><a class="" href="/ind-TB/Job/31">31</a></li>
<li><a class="" href="/ind-TB/Job/32">32</a></li>
<li><a class="" href="/ind-TB/Job/33">33</a></li>
<li><a class="" href="/ind-TB/Job/34">34</a></li>
<li><a class="" href="/ind-TB/Job/35">35</a></li>
<li><a class="" href="/ind-TB/Job/36">36</a></li>
<li><a class="" href="/ind-TB/Job/37">37</a></li>
<li><a class="" href="/ind-TB/Job/38">38</a></li>
<li><a class="" href="/ind-TB/Job/39">39</a></li>
<li><a class="" href="/ind-TB/Job/40">40</a></li>
<li><a class="" href="/ind-TB/Job/41">41</a></li>
<li><a class="" href="/ind-TB/Job/42">42</a></li>
</ul></li>
<li id="Ps"><a data-ajax="false" data-no-loading="" href="/ind-TB/Ps#Ps">Mazmur <span class="icon-down-open-1"/></a>
<ul class="chapter hide"><li><a class="" href="/ind-TB/Ps/1">1</a></li>
<li><a class="" href="/ind-TB/Ps/2">2</a></li>
<li><a class="" href="/ind-TB/Ps/3">3</a></li>
<li><a class="" href="/ind-TB/Ps/4">4</a></li>
<li><a class="" href="/ind-TB/Ps/5">5</a></li>
<li><a class="" href="/ind-TB/Ps/6">6</a></li>
<li><a class="" href="/ind-TB/Ps/7">7</a></li>
<li><a class="" href="/ind-TB/Ps/8">8</a></li>
<li><a class="" href="/ind-TB/Ps/9">9</a></li>
<li><a class="" href="/ind-TB/Ps/10">10</a></li>
<li><a class="" href="/ind-TB/Ps/11">11</a></li>
<li><a class="" href="/ind-TB/Ps/12">12</a></li>
<li><a class="" href="/ind-TB/Ps/13">13</a></li>
<li><a class="" href="/ind-TB/Ps/14">14</a></li>
<li><a class="" href="/ind-TB/Ps/15">15</a></li>
<li><a class="" href="/ind-TB/Ps/16">16</a></li>
<li><a class="" href="/ind-TB/Ps/17">17</a></li>
<li><a class="" href="/ind-TB/Ps/18">18</a></li>
<li><a class="" href="/ind-TB/Ps/19">19</a></li>
<li><a class="" href="/ind-TB/Ps/20">20</a></li>
<li><a class="" href="/ind-TB/Ps/21">21</a></li>
<li><a class="" href="/ind-TB/Ps/22">22</a></li>
<li><a class="" href="/ind-TB/Ps/23">23</a></li>
<li><a class="" href="/ind-TB/Ps/24">24</a></li>
<li><a class="" href="/ind-TB/Ps/25">25</a></li>
<li><a class="" href="/ind-TB/Ps/26">26</a></li>
<li><a class="" href="/ind-TB/Ps/27">27</a></li>
<li><a class="" href="/ind-TB/Ps/28">28</a></li>
<li><a class="" href="/ind-TB/Ps/29">29</a></li>
<li><a class="" href="/ind-TB/Ps/30">30</a></li>
<li><a class="" href="/ind-TB/Ps/31">31</a></li>
<li><a class="" href="/ind-TB/Ps/32">32</a></li>
<li><a class="" href="/ind-TB/Ps/33">33</a></li>
<li><a class="" href="/ind-TB/Ps/34">34</a></li>
<li><a class="" href="/ind-TB/Ps/35">35</a></li>
<li><a class="" href="/ind-TB/Ps/36">36</a></li>
<li><a class="" href="/ind-TB/Ps/37">37</a></li>
<li><a class="" href="/ind-TB/Ps/38">38</a></li>
<li><a class="" href="/ind-TB/Ps/39">39</a></li>
<li><a class="" href="/ind-TB/Ps/40">40</a></li>
<li><a class="" href="/ind-TB/Ps/41">41</a></li>
<li><a class="" href="/ind-TB/Ps/42">42</a></li>
<li><a class="" href="/ind-TB/Ps/43">43</a></li>
<li><a class="" href="/ind-TB/Ps/44">44</a></li>
<li><a class="" href="/ind-TB/Ps/45">45</a></li>
<li><a class="" href="/ind-TB/Ps/46">46</a></li>
<li><a class="" href="/ind-TB/Ps/47">47</a></li>
<li><a class="" href="/ind-TB/Ps/48">48</a></li>
<li><a class="" href="/ind-TB/Ps/49">49</a></li>
<li><a class="" href="/ind-TB/Ps/50">50</a></li>
<li><a class="" href="/ind-TB/Ps/51">51</a></li>
<li><a class="" href="/ind-TB/Ps/52">52</a></li>
<li><a class="" href="/ind-TB/Ps/53">53</a></li>
<li><a class="" href="/ind-TB/Ps/54">54</a></li>
<li><a class="" href="/ind-TB/Ps/55">55</a></li>
<li><a class="" href="/ind-TB/Ps/56">56</a></li>
<li><a class="" href="/ind-TB/Ps/57">57</a></li>
<li><a class="" href="/ind-TB/Ps/58">58</a></li>
<li><a class="" href="/ind-TB/Ps/59">59</a></li>
<li><a class="" href="/ind-TB/Ps/60">60</a></li>
<li><a class="" href="/ind-TB/Ps/61">61</a></li>
<li><a class="" href="/ind-TB/Ps/62">62</a></li>
<li><a class="" href="/ind-TB/Ps/63">63</a></li>
<li><a class="" href="/ind-TB/Ps/64">64</a></li>
<li><a class="" href="/ind-TB/Ps/65">65</a></li>
<li><a class="" href="/ind-TB/Ps/66">66</a></li>
<li><a class="" href="/ind-TB/Ps/67">67</a></li>
<li><a class="" href="/ind-TB/Ps/68">68</a></li>
<li><a class="" href="/ind-TB/Ps/69">69</a></li>
<li><a class="" href="/ind-TB/Ps/70">70</a></li>
<li><a class="" href="/ind-TB/Ps/71">71</a></li>
<li><a class="" href="/ind-TB/Ps/72">72</a></li>
<li><a class="" href="/ind-TB/Ps/73">73</a></li>
<li><a class="" href="/ind-TB/Ps/74">74</a></li>
<li><a class="" href="/ind-TB/Ps/75">75</a></li>
<li><a class="" href="/ind-TB/Ps/76">76</a></li>
<li><a class="" href="/ind-TB/Ps/77">77</a></li>
<li><a class="" href="/ind-TB/Ps/78">78</a></li>
<li><a class="" href="/ind-TB/Ps/79">79</a></li>
<li><a class="" href="/ind-TB/Ps/80">80</a></li>
<li><a class="" href="/ind-TB/Ps/81">81</a></li>
<li><a class="" href="/ind-TB/Ps/82">82</a></li>
<li><a class="" href="/ind-TB/Ps/83">83</a></li>
<li><a class="" href="/ind-TB/Ps/84">84</a></li>
<li><a class="" href="/ind-TB/Ps/85">85</a></li>
<li><a class="" href="/ind-TB/Ps/86">86</a></li>
<li><a class="" href="/ind-TB/Ps/87">87</a></li>
<li><a class="" href="/ind-TB/Ps/88">88</a></li>
<li><a class="" href="/ind-TB/Ps/89">89</a></li>
<li><a class="" href="/ind-TB/Ps/90">90</a></li>
<li><a class="" href="/ind-TB/Ps/91">91</a></li>
<li><a class="" href="/ind-TB/Ps/92">92</a></li>
<li><a class="" href="/ind-TB/Ps/93">93</a></li>
<li><a class="" href="/ind-TB/Ps/94">94</a></li>
<li><a class="" href="/ind-TB/Ps/95">95</a></li>
<li><a class="" href="/ind-TB/Ps/96">96</a></li>
<li><a class="" href="/ind-TB/Ps/97">97</a></li>
<li><a class="" href="/ind-TB/Ps/98">98</a></li>
<li><a class="" href="/ind-TB/Ps/99">99</a></li>
<li><a class="" href="/ind-TB/Ps/100">100</a></li>
<li><a class="" href="/ind-TB/Ps/101">101</a></li>
<li><a class="" href="/ind-TB/Ps/102">102</a></li>
<li><a class="" href="/ind-TB/Ps/103">103</a></li>
<li><a class="" href="/ind-TB/Ps/104">104</a></li>
<li><a class="" href="/ind-TB/Ps/105">105</a></li>
<li><a class="" href="/ind-TB/Ps/106">106</a></li>
<li><a class="" href="/ind-TB/Ps/107">107</a></li>
<li><a class="" href="/ind-TB/Ps/108">108</a></li>
<li><a class="" href="/ind-TB/Ps/109">109</a></li>
<li><a class="" href="/ind-TB/Ps/110">110</a></li>
<li><a class="" href="/ind-TB/Ps/111">111</a></li>
<li><a class="" href="/ind-TB/Ps/112">112</a></li>
<li><a class="" href="/ind-TB/Ps/113">113</a></li>
<li><a class="" href="/ind-TB/Ps/114">114</a></li>
<li><a class="" href="/ind-TB/Ps/115">115</a></li>
<li><a class="" href="/ind-TB/Ps/116">116</a></li>
<li><a class="" href="/ind-TB/Ps/117">117</a></li>
<li><a class="" href="/ind-TB/Ps/118">118</a></li>
<li><a class="" href="/ind-TB/Ps/119">119</a></li>
<li><a class="" href="/ind-TB/Ps/120">120</a></li>
<li><a class="" href="/ind-TB/Ps/121">121</a></li>
<li><a class="" href="/ind-TB/Ps/122">122</a></li>
<li><a class="" href="/ind-TB/Ps/123">123</a></li>
<li><a class="" href="/ind-TB/Ps/124">124</a></li>
<li><a class="" href="/ind-TB/Ps/125">125</a></li>
<li><a class="" href="/ind-TB/Ps/126">126</a></li>
<li><a class="" href="/ind-TB/Ps/127">127</a></li>
<li><a class="" href="/ind-TB/Ps/128">128</a></li>
<li><a class="" href="/ind-TB/Ps/129">129</a></li>
<li><a class="" href="/ind-TB/Ps/130">130</a></li>
<li><a class="" href="/ind-TB/Ps/131">131</a></li>
<li><a class="" href="/ind-TB/Ps/132">132</a></li>
<li><a class="" href="/ind-TB/Ps/133">133</a></li>
<li><a class="" href="/ind-TB/Ps/134">134</a></li>
<li><a class="" href="/ind-TB/Ps/135">135</a></li>
<li><a class="" href="/ind-TB/Ps/136">136</a></li>
<li><a class="" href="/ind-TB/Ps/137">137</a></li>
<li><a class="" href="/ind-TB/Ps/138">138</a></li>
<li><a class="" href="/ind-TB/Ps/139">139</a></li>
<li><a class="" href="/ind-TB/Ps/140">140</a></li>
<li><a class="" href="/ind-TB/Ps/141">141</a></li>
<li><a class="" href="/ind-TB/Ps/142">142</a></li>
<li><a class="" href="/ind-TB/Ps/143">143</a></li>
<li><a class="" href="/ind-TB/Ps/144">144</a></li>
<li><a class="" href="/ind-TB/Ps/145">145</a></li>
<li><a class="" href="/ind-TB/Ps/146">146</a></li>
<li><a class="" href="/ind-TB/Ps/147">147</a></li>
<li><a class="" href="/ind-TB/Ps/148">148</a></li>
<li><a class="" href="/ind-TB/Ps/149">149</a></li>
<li><a class="" href="/ind-TB/Ps/150">150</a></li>
</ul></li>
<li id="Prov"><a data-ajax="false" data-no-loading="" href="/ind-TB/Prov#Prov">Amsal <span class="icon-down-open-1"/></a>
<ul class="chapter hide"><li><a class="" href="/ind-TB/Prov/1">1</a></li>
<li><a class="" href="/ind-TB/Prov/2">2</a></li>
<li><a class="" href="/ind-TB/Prov/3">3</a></li>
<li><a class="" href="/ind-TB/Prov/4">4</a></li>
<li><a class="" href="/ind-TB/Prov/5">5</a></li>
<li><a class="" href="/ind-TB/Prov/6">6</a></li>
<li><a class="" href="/ind-TB/Prov/7">7</a></li>
<li><a class="" href="/ind-TB/Prov/8">8</a></li>
<li><a class="" href="/ind-TB/Prov/9">9</a></li>
<li><a class="" href="/ind-TB/Prov/10">10</a></li>
<li><a class="" href="/ind-TB/Prov/11">11</a></li>
<li><a class="" href="/ind-TB/Prov/12">12</a></li>
<li><a class="" href="/ind-TB/Prov/13">13</a></li>
<li><a class="" href="/ind-TB/Prov/14">14</a></li>
<li><a class="" href="/ind-TB/Prov/15">15</a></li>
<li><a class="" href="/ind-TB/Prov/16">16</a></li>
<li><a class="" href="/ind-TB/Prov/17">17</a></li>
<li><a class="" href="/ind-TB/Prov/18">18</a></li>
<li><a class="" href="/ind-TB/Prov/19">19</a></li>
<li><a class="" href="/ind-TB/Prov/20">20</a></li>
<li><a class="" href="/ind-TB/Prov/21">21</a></li>
<li><a class="" href="/ind-TB/Prov/22">22</a></li>
<li><a class="" href="/ind-TB/Prov/23">23</a></li>
<li><a class="" href="/ind-TB/Prov/24">24</a></li>
<li><a class="" href="/ind-TB/Prov/25">25</a></li>
<li><a class="" href="/ind-TB/Prov/26">26</a></li>
<li><a class="" href="/ind-TB/Prov/27">27</a></li>
<li><a class="" href="/ind-TB/Prov/28">28</a></li>
<li><a class="" href="/ind-TB/Prov/29">29</a></li>
<li><a class="" href="/ind-TB/Prov/30">30</a></li>
<li><a class="" href="/ind-TB/Prov/31">31</a></li>
</ul></li>
<li id="Eccl"><a data-ajax="false" data-no-loading="" href="/ind-TB/Eccl#Eccl">Pengkhotbah <span class="icon-down-open-1"/></a>
<ul class="chapter hide"><li><a class="" href="/ind-TB/Eccl/1">1</a></li>
<li><a class="" href="/ind-TB/Eccl/2">2</a></li>
<li><a class="" href="/ind-TB/Eccl/3">3</a></li>
<li><a class="" href="/ind-TB/Eccl/4">4</a></li>
<li><a class="" href="/ind-TB/Eccl/5">5</a></li>
<li><a class="" href="/ind-TB/Eccl/6">6</a></li>
<li><a class="" href="/ind-TB/Eccl/7">7</a></li>
<li><a class="" href="/ind-TB/Eccl/8">8</a></li>
<li><a class="" href="/ind-TB/Eccl/9">9</a></li>
<li><a class="" href="/ind-TB/Eccl/10">10</a></li>
<li><a class="" href="/ind-TB/Eccl/11">11</a></li>
<li><a class="" href="/ind-TB/Eccl/12">12</a></li>
</ul></li>
<li id="Song"><a data-ajax="false" data-no-loading="" href="/ind-TB/Song#Song">Kidung Agung <span class="icon-down-open-1"/></a>
<ul class="chapter hide"><li><a class="" href="/ind-TB/Song/1">1</a></li>
<li><a class="" href="/ind-TB/Song/2">2</a></li>
<li><a class="" href="/ind-TB/Song/3">3</a></li>
<li><a class="" href="/ind-TB/Song/4">4</a></li>
<li><a class="" href="/ind-TB/Song/5">5</a></li>
<li><a class="" href="/ind-TB/Song/6">6</a></li>
<li><a class="" href="/ind-TB/Song/7">7</a></li>
<li><a class="" href="/ind-TB/Song/8">8</a></li>
</ul></li>
<li id="Isa"><a data-ajax="false" data-no-loading="" href="/ind-TB/Isa#Isa">Yesaya <span class="icon-down-open-1"/></a>
<ul class="chapter hide"><li><a class="" href="/ind-TB/Isa/1">1</a></li>
<li><a class="" href="/ind-TB/Isa/2">2</a></li>
<li><a class="" href="/ind-TB/Isa/3">3</a></li>
<li><a class="" href="/ind-TB/Isa/4">4</a></li>
<li><a class="" href="/ind-TB/Isa/5">5</a></li>
<li><a class="" href="/ind-TB/Isa/6">6</a></li>
<li><a class="" href="/ind-TB/Isa/7">7</a></li>
<li><a class="" href="/ind-TB/Isa/8">8</a></li>
<li><a class="" href="/ind-TB/Isa/9">9</a></li>
<li><a class="" href="/ind-TB/Isa/10">10</a></li>
<li><a class="" href="/ind-TB/Isa/11">11</a></li>
<li><a class="" href="/ind-TB/Isa/12">12</a></li>
<li><a class="" href="/ind-TB/Isa/13">13</a></li>
<li><a class="" href="/ind-TB/Isa/14">14</a></li>
<li><a class="" href="/ind-TB/Isa/15">15</a></li>
<li><a class="" href="/ind-TB/Isa/16">16</a></li>
<li><a class="" href="/ind-TB/Isa/17">17</a></li>
<li><a class="" href="/ind-TB/Isa/18">18</a></li>
<li><a class="" href="/ind-TB/Isa/19">19</a></li>
<li><a class="" href="/ind-TB/Isa/20">20</a></li>
<li><a class="" href="/ind-TB/Isa/21">21</a></li>
<li><a class="" href="/ind-TB/Isa/22">22</a></li>
<li><a class="" href="/ind-TB/Isa/23">23</a></li>
<li><a class="" href="/ind-TB/Isa/24">24</a></li>
<li><a class="" href="/ind-TB/Isa/25">25</a></li>
<li><a class="" href="/ind-TB/Isa/26">26</a></li>
<li><a class="" href="/ind-TB/Isa/27">27</a></li>
<li><a class="" href="/ind-TB/Isa/28">28</a></li>
<li><a class="" href="/ind-TB/Isa/29">29</a></li>
<li><a class="" href="/ind-TB/Isa/30">30</a></li>
<li><a class="" href="/ind-TB/Isa/31">31</a></li>
<li><a class="" href="/ind-TB/Isa/32">32</a></li>
<li><a class="" href="/ind-TB/Isa/33">33</a></li>
<li><a class="" href="/ind-TB/Isa/34">34</a></li>
<li><a class="" href="/ind-TB/Isa/35">35</a></li>
<li><a class="" href="/ind-TB/Isa/36">36</a></li>
<li><a class="" href="/ind-TB/Isa/37">37</a></li>
<li><a class="" href="/ind-TB/Isa/38">38</a></li>
<li><a class="" href="/ind-TB/Isa/39">39</a></li>
<li><a class="" href="/ind-TB/Isa/40">40</a></li>
<li><a class="" href="/ind-TB/Isa/41">41</a></li>
<li><a class="" href="/ind-TB/Isa/42">42</a></li>
<li><a class="" href="/ind-TB/Isa/43">43</a></li>
<li><a class="" href="/ind-TB/Isa/44">44</a></li>
<li><a class="" href="/ind-TB/Isa/45">45</a></li>
<li><a class="" href="/ind-TB/Isa/46">46</a></li>
<li><a class="" href="/ind-TB/Isa/47">47</a></li>
<li><a class="" href="/ind-TB/Isa/48">48</a></li>
<li><a class="" href="/ind-TB/Isa/49">49</a></li>
<li><a class="" href="/ind-TB/Isa/50">50</a></li>
<li><a class="" href="/ind-TB/Isa/51">51</a></li>
<li><a class="" href="/ind-TB/Isa/52">52</a></li>
<li><a class="" href="/ind-TB/Isa/53">53</a></li>
<li><a class="" href="/ind-TB/Isa/54">54</a></li>
<li><a class="" href="/ind-TB/Isa/55">55</a></li>
<li><a class="" href="/ind-TB/Isa/56">56</a></li>
<li><a class="" href="/ind-TB/Isa/57">57</a></li>
<li><a class="" href="/ind-TB/Isa/58">58</a></li>
<li><a class="" href="/ind-TB/Isa/59">59</a></li>
<li><a class="" href="/ind-TB/Isa/60">60</a></li>
<li><a class="" href="/ind-TB/Isa/61">61</a></li>
<li><a class="" href="/ind-TB/Isa/62">62</a></li>
<li><a class="" href="/ind-TB/Isa/63">63</a></li>
<li><a class="" href="/ind-TB/Isa/64">64</a></li>
<li><a class="" href="/ind-TB/Isa/65">65</a></li>
<li><a class="" href="/ind-TB/Isa/66">66</a></li>
</ul></li>
<li id="Jer"><a data-ajax="false" data-no-loading="" href="/ind-TB/Jer#Jer">Yeremia <span class="icon-down-open-1"/></a>
<ul class="chapter hide"><li><a class="" href="/ind-TB/Jer/1">1</a></li>
<li><a class="" href="/ind-TB/Jer/2">2</a></li>
<li><a class="" href="/ind-TB/Jer/3">3</a></li>
<li><a class="" href="/ind-TB/Jer/4">4</a></li>
<li><a class="" href="/ind-TB/Jer/5">5</a></li>
<li><a class="" href="/ind-TB/Jer/6">6</a></li>
<li><a class="" href="/ind-TB/Jer/7">7</a></li>
<li><a class="" href="/ind-TB/Jer/8">8</a></li>
<li><a class="" href="/ind-TB/Jer/9">9</a></li>
<li><a class="" href="/ind-TB/Jer/10">10</a></li>
<li><a class="" href="/ind-TB/Jer/11">11</a></li>
<li><a class="" href="/ind-TB/Jer/12">12</a></li>
<li><a class="" href="/ind-TB/Jer/13">13</a></li>
<li><a class="" href="/ind-TB/Jer/14">14</a></li>
<li><a class="" href="/ind-TB/Jer/15">15</a></li>
<li><a class="" href="/ind-TB/Jer/16">16</a></li>
<li><a class="" href="/ind-TB/Jer/17">17</a></li>
<li><a class="" href="/ind-TB/Jer/18">18</a></li>
<li><a class="" href="/ind-TB/Jer/19">19</a></li>
<li><a class="" href="/ind-TB/Jer/20">20</a></li>
<li><a class="" href="/ind-TB/Jer/21">21</a></li>
<li><a class="" href="/ind-TB/Jer/22">22</a></li>
<li><a class="" href="/ind-TB/Jer/23">23</a></li>
<li><a class="" href="/ind-TB/Jer/24">24</a></li>
<li><a class="" href="/ind-TB/Jer/25">25</a></li>
<li><a class="" href="/ind-TB/Jer/26">26</a></li>
<li><a class="" href="/ind-TB/Jer/27">27</a></li>
<li><a class="" href="/ind-TB/Jer/28">28</a></li>
<li><a class="" href="/ind-TB/Jer/29">29</a></li>
<li><a class="" href="/ind-TB/Jer/30">30</a></li>
<li><a class="" href="/ind-TB/Jer/31">31</a></li>
<li><a class="" href="/ind-TB/Jer/32">32</a></li>
<li><a class="" href="/ind-TB/Jer/33">33</a></li>
<li><a class="" href="/ind-TB/Jer/34">34</a></li>
<li><a class="" href="/ind-TB/Jer/35">35</a></li>
<li><a class="" href="/ind-TB/Jer/36">36</a></li>
<li><a class="" href="/ind-TB/Jer/37">37</a></li>
<li><a class="" href="/ind-TB/Jer/38">38</a></li>
<li><a class="" href="/ind-TB/Jer/39">39</a></li>
<li><a class="" href="/ind-TB/Jer/40">40</a></li>
<li><a class="" href="/ind-TB/Jer/41">41</a></li>
<li><a class="" href="/ind-TB/Jer/42">42</a></li>
<li><a class="" href="/ind-TB/Jer/43">43</a></li>
<li><a class="" href="/ind-TB/Jer/44">44</a></li>
<li><a class="" href="/ind-TB/Jer/45">45</a></li>
<li><a class="" href="/ind-TB/Jer/46">46</a></li>
<li><a class="" href="/ind-TB/Jer/47">47</a></li>
<li><a class="" href="/ind-TB/Jer/48">48</a></li>
<li><a class="" href="/ind-TB/Jer/49">49</a></li>
<li><a class="" href="/ind-TB/Jer/50">50</a></li>
<li><a class="" href="/ind-TB/Jer/51">51</a></li>
<li><a class="" href="/ind-TB/Jer/52">52</a></li>
</ul></li>
<li id="Lam"><a data-ajax="false" data-no-loading="" href="/ind-TB/Lam#Lam">Ratapan <span class="icon-down-open-1"/></a>
<ul class="chapter hide"><li><a class="" href="/ind-TB/Lam/1">1</a></li>
<li><a class="" href="/ind-TB/Lam/2">2</a></li>
<li><a class="" href="/ind-TB/Lam/3">3</a></li>
<li><a class="" href="/ind-TB/Lam/4">4</a></li>
<li><a class="" href="/ind-TB/Lam/5">5</a></li>
</ul></li>
<li id="Ezek"><a data-ajax="false" data-no-loading="" href="/ind-TB/Ezek#Ezek">Yehezkiel <span class="icon-down-open-1"/></a>
<ul class="chapter hide"><li><a class="" href="/ind-TB/Ezek/1">1</a></li>
<li><a class="" href="/ind-TB/Ezek/2">2</a></li>
<li><a class="" href="/ind-TB/Ezek/3">3</a></li>
<li><a class="" href="/ind-TB/Ezek/4">4</a></li>
<li><a class="" href="/ind-TB/Ezek/5">5</a></li>
<li><a class="" href="/ind-TB/Ezek/6">6</a></li>
<li><a class="" href="/ind-TB/Ezek/7">7</a></li>
<li><a class="" href="/ind-TB/Ezek/8">8</a></li>
<li><a class="" href="/ind-TB/Ezek/9">9</a></li>
<li><a class="" href="/ind-TB/Ezek/10">10</a></li>
<li><a class="" href="/ind-TB/Ezek/11">11</a></li>
<li><a class="" href="/ind-TB/Ezek/12">12</a></li>
<li><a class="" href="/ind-TB/Ezek/13">13</a></li>
<li><a class="" href="/ind-TB/Ezek/14">14</a></li>
<li><a class="" href="/ind-TB/Ezek/15">15</a></li>
<li><a class="" href="/ind-TB/Ezek/16">16</a></li>
<li><a class="" href="/ind-TB/Ezek/17">17</a></li>
<li><a class="" href="/ind-TB/Ezek/18">18</a></li>
<li><a class="" href="/ind-TB/Ezek/19">19</a></li>
<li><a class="" href="/ind-TB/Ezek/20">20</a></li>
<li><a class="" href="/ind-TB/Ezek/21">21</a></li>
<li><a class="" href="/ind-TB/Ezek/22">22</a></li>
<li><a class="" href="/ind-TB/Ezek/23">23</a></li>
<li><a class="" href="/ind-TB/Ezek/24">24</a></li>
<li><a class="" href="/ind-TB/Ezek/25">25</a></li>
<li><a class="" href="/ind-TB/Ezek/26">26</a></li>
<li><a class="" href="/ind-TB/Ezek/27">27</a></li>
<li><a class="" href="/ind-TB/Ezek/28">28</a></li>
<li><a class="" href="/ind-TB/Ezek/29">29</a></li>
<li><a class="" href="/ind-TB/Ezek/30">30</a></li>
<li><a class="" href="/ind-TB/Ezek/31">31</a></li>
<li><a class="" href="/ind-TB/Ezek/32">32</a></li>
<li><a class="" href="/ind-TB/Ezek/33">33</a></li>
<li><a class="" href="/ind-TB/Ezek/34">34</a></li>
<li><a class="" href="/ind-TB/Ezek/35">35</a></li>
<li><a class="" href="/ind-TB/Ezek/36">36</a></li>
<li><a class="" href="/ind-TB/Ezek/37">37</a></li>
<li><a class="" href="/ind-TB/Ezek/38">38</a></li>
<li><a class="" href="/ind-TB/Ezek/39">39</a></li>
<li><a class="" href="/ind-TB/Ezek/40">40</a></li>
<li><a class="" href="/ind-TB/Ezek/41">41</a></li>
<li><a class="" href="/ind-TB/Ezek/42">42</a></li>
<li><a class="" href="/ind-TB/Ezek/43">43</a></li>
<li><a class="" href="/ind-TB/Ezek/44">44</a></li>
<li><a class="" href="/ind-TB/Ezek/45">45</a></li>
<li><a class="" href="/ind-TB/Ezek/46">46</a></li>
<li><a class="" href="/ind-TB/Ezek/47">47</a></li>
<li><a class="" href="/ind-TB/Ezek/48">48</a></li>
</ul></li>
<li id="Dan"><a data-ajax="false" data-no-loading="" href="/ind-TB/Dan#Dan">Daniel <span class="icon-down-open-1"/></a>
<ul class="chapter hide"><li><a class="" href="/ind-TB/Dan/1">1</a></li>
<li><a class="" href="/ind-TB/Dan/2">2</a></li>
<li><a class="" href="/ind-TB/Dan/3">3</a></li>
<li><a class="" href="/ind-TB/Dan/4">4</a></li>
<li><a class="" href="/ind-TB/Dan/5">5</a></li>
<li><a class="" href="/ind-TB/Dan/6">6</a></li>
<li><a class="" href="/ind-TB/Dan/7">7</a></li>
<li><a class="" href="/ind-TB/Dan/8">8</a></li>
<li><a class="" href="/ind-TB/Dan/9">9</a></li>
<li><a class="" href="/ind-TB/Dan/10">10</a></li>
<li><a class="" href="/ind-TB/Dan/11">11</a></li>
<li><a class="" href="/ind-TB/Dan/12">12</a></li>
</ul></li>
<li id="Hos"><a data-ajax="false" data-no-loading="" href="/ind-TB/Hos#Hos">Hosea <span class="icon-down-open-1"/></a>
<ul class="chapter hide"><li><a class="" href="/ind-TB/Hos/1">1</a></li>
<li><a class="" href="/ind-TB/Hos/2">2</a></li>
<li><a class="" href="/ind-TB/Hos/3">3</a></li>
<li><a class="" href="/ind-TB/Hos/4">4</a></li>
<li><a class="" href="/ind-TB/Hos/5">5</a></li>
<li><a class="" href="/ind-TB/Hos/6">6</a></li>
<li><a class="" href="/ind-TB/Hos/7">7</a></li>
<li><a class="" href="/ind-TB/Hos/8">8</a></li>
<li><a class="" href="/ind-TB/Hos/9">9</a></li>
<li><a class="" href="/ind-TB/Hos/10">10</a></li>
<li><a class="" href="/ind-TB/Hos/11">11</a></li>
<li><a class="" href="/ind-TB/Hos/12">12</a></li>
<li><a class="" href="/ind-TB/Hos/13">13</a></li>
<li><a class="" href="/ind-TB/Hos/14">14</a></li>
</ul></li>
<li id="Joel"><a data-ajax="false" data-no-loading="" href="/ind-TB/Joel#Joel">Yo&#195;&#171;l <span class="icon-down-open-1"/></a>
<ul class="chapter hide"><li><a class="" href="/ind-TB/Joel/1">1</a></li>
<li><a class="" href="/ind-TB/Joel/2">2</a></li>
<li><a class="" href="/ind-TB/Joel/3">3</a></li>
</ul></li>
<li id="Amos"><a data-ajax="false" data-no-loading="" href="/ind-TB/Amos#Amos">Amos <span class="icon-down-open-1"/></a>
<ul class="chapter hide"><li><a class="" href="/ind-TB/Amos/1">1</a></li>
<li><a class="" href="/ind-TB/Amos/2">2</a></li>
<li><a class="" href="/ind-TB/Amos/3">3</a></li>
<li><a class="" href="/ind-TB/Amos/4">4</a></li>
<li><a class="" href="/ind-TB/Amos/5">5</a></li>
<li><a class="" href="/ind-TB/Amos/6">6</a></li>
<li><a class="" href="/ind-TB/Amos/7">7</a></li>
<li><a class="" href="/ind-TB/Amos/8">8</a></li>
<li><a class="" href="/ind-TB/Amos/9">9</a></li>
</ul></li>
<li id="Obad"><a data-ajax="false" data-no-loading="" href="/ind-TB/Obad#Obad">Obaja <span class="icon-down-open-1"/></a>
<ul class="chapter hide"><li><a class="" href="/ind-TB/Obad/1">1</a></li>
</ul></li>
<li id="Jonah"><a data-ajax="false" data-no-loading="" href="/ind-TB/Jonah#Jonah">Yunus <span class="icon-down-open-1"/></a>
<ul class="chapter hide"><li><a class="" href="/ind-TB/Jonah/1">1</a></li>
<li><a class="" href="/ind-TB/Jonah/2">2</a></li>
<li><a class="" href="/ind-TB/Jonah/3">3</a></li>
<li><a class="" href="/ind-TB/Jonah/4">4</a></li>
</ul></li>
<li id="Mic"><a data-ajax="false" data-no-loading="" href="/ind-TB/Mic#Mic">Mikha <span class="icon-down-open-1"/></a>
<ul class="chapter hide"><li><a class="" href="/ind-TB/Mic/1">1</a></li>
<li><a class="" href="/ind-TB/Mic/2">2</a></li>
<li><a class="" href="/ind-TB/Mic/3">3</a></li>
<li><a class="" href="/ind-TB/Mic/4">4</a></li>
<li><a class="" href="/ind-TB/Mic/5">5</a></li>
<li><a class="" href="/ind-TB/Mic/6">6</a></li>
<li><a class="" href="/ind-TB/Mic/7">7</a></li>
</ul></li>
<li id="Nah"><a data-ajax="false" data-no-loading="" href="/ind-TB/Nah#Nah">Nahum <span class="icon-down-open-1"/></a>
<ul class="chapter hide"><li><a class="" href="/ind-TB/Nah/1">1</a></li>
<li><a class="" href="/ind-TB/Nah/2">2</a></li>
<li><a class="" href="/ind-TB/Nah/3">3</a></li>
</ul></li>
<li id="Hab"><a data-ajax="false" data-no-loading="" href="/ind-TB/Hab#Hab">Habakuk <span class="icon-down-open-1"/></a>
<ul class="chapter hide"><li><a class="" href="/ind-TB/Hab/1">1</a></li>
<li><a class="" href="/ind-TB/Hab/2">2</a></li>
<li><a class="" href="/ind-TB/Hab/3">3</a></li>
</ul></li>
<li id="Zeph"><a data-ajax="false" data-no-loading="" href="/ind-TB/Zeph#Zeph">Zefanya <span class="icon-down-open-1"/></a>
<ul class="chapter hide"><li><a class="" href="/ind-TB/Zeph/1">1</a></li>
<li><a class="" href="/ind-TB/Zeph/2">2</a></li>
<li><a class="" href="/ind-TB/Zeph/3">3</a></li>
</ul></li>
<li id="Hag"><a data-ajax="false" data-no-loading="" href="/ind-TB/Hag#Hag">Hagai <span class="icon-down-open-1"/></a>
<ul class="chapter hide"><li><a class="" href="/ind-TB/Hag/1">1</a></li>
<li><a class="" href="/ind-TB/Hag/2">2</a></li>
</ul></li>
<li id="Zech"><a data-ajax="false" data-no-loading="" href="/ind-TB/Zech#Zech">Zakharia <span class="icon-down-open-1"/></a>
<ul class="chapter hide"><li><a class="" href="/ind-TB/Zech/1">1</a></li>
<li><a class="" href="/ind-TB/Zech/2">2</a></li>
<li><a class="" href="/ind-TB/Zech/3">3</a></li>
<li><a class="" href="/ind-TB/Zech/4">4</a></li>
<li><a class="" href="/ind-TB/Zech/5">5</a></li>
<li><a class="" href="/ind-TB/Zech/6">6</a></li>
<li><a class="" href="/ind-TB/Zech/7">7</a></li>
<li><a class="" href="/ind-TB/Zech/8">8</a></li>
<li><a class="" href="/ind-TB/Zech/9">9</a></li>
<li><a class="" href="/ind-TB/Zech/10">10</a></li>
<li><a class="" href="/ind-TB/Zech/11">11</a></li>
<li><a class="" href="/ind-TB/Zech/12">12</a></li>
<li><a class="" href="/ind-TB/Zech/13">13</a></li>
<li><a class="" href="/ind-TB/Zech/14">14</a></li>
</ul></li>
<li id="Mal"><a data-ajax="false" data-no-loading="" href="/ind-TB/Mal#Mal">Maleakhi <span class="icon-down-open-1"/></a>
<ul class="chapter hide"><li><a class="" href="/ind-TB/Mal/1">1</a></li>
<li><a class="" href="/ind-TB/Mal/2">2</a></li>
<li><a class="" href="/ind-TB/Mal/3">3</a></li>
<li><a class="" href="/ind-TB/Mal/4">4</a></li>
</ul></li>
<li id="Matt"><a data-ajax="false" data-no-loading="" href="/ind-TB/Matt#Matt">Matius <span class="icon-down-open-1"/></a>
<ul class="chapter hide"><li><a class="" href="/ind-TB/Matt/1">1</a></li>
<li><a class="" href="/ind-TB/Matt/2">2</a></li>
<li><a class="" href="/ind-TB/Matt/3">3</a></li>
<li><a class="" href="/ind-TB/Matt/4">4</a></li>
<li><a class="" href="/ind-TB/Matt/5">5</a></li>
<li><a class="" href="/ind-TB/Matt/6">6</a></li>
<li><a class="" href="/ind-TB/Matt/7">7</a></li>
<li><a class="" href="/ind-TB/Matt/8">8</a></li>
<li><a class="" href="/ind-TB/Matt/9">9</a></li>
<li><a class="" href="/ind-TB/Matt/10">10</a></li>
<li><a class="" href="/ind-TB/Matt/11">11</a></li>
<li><a class="" href="/ind-TB/Matt/12">12</a></li>
<li><a class="" href="/ind-TB/Matt/13">13</a></li>
<li><a class="" href="/ind-TB/Matt/14">14</a></li>
<li><a class="" href="/ind-TB/Matt/15">15</a></li>
<li><a class="" href="/ind-TB/Matt/16">16</a></li>
<li><a class="" href="/ind-TB/Matt/17">17</a></li>
<li><a class="" href="/ind-TB/Matt/18">18</a></li>
<li><a class="" href="/ind-TB/Matt/19">19</a></li>
<li><a class="" href="/ind-TB/Matt/20">20</a></li>
<li><a class="" href="/ind-TB/Matt/21">21</a></li>
<li><a class="" href="/ind-TB/Matt/22">22</a></li>
<li><a class="" href="/ind-TB/Matt/23">23</a></li>
<li><a class="" href="/ind-TB/Matt/24">24</a></li>
<li><a class="" href="/ind-TB/Matt/25">25</a></li>
<li><a class="" href="/ind-TB/Matt/26">26</a></li>
<li><a class="" href="/ind-TB/Matt/27">27</a></li>
<li><a class="" href="/ind-TB/Matt/28">28</a></li>
</ul></li>
<li id="Mark"><a data-ajax="false" data-no-loading="" href="/ind-TB/Mark#Mark">Markus <span class="icon-down-open-1"/></a>
<ul class="chapter hide"><li><a class="" href="/ind-TB/Mark/1">1</a></li>
<li><a class="" href="/ind-TB/Mark/2">2</a></li>
<li><a class="" href="/ind-TB/Mark/3">3</a></li>
<li><a class="" href="/ind-TB/Mark/4">4</a></li>
<li><a class="" href="/ind-TB/Mark/5">5</a></li>
<li><a class="" href="/ind-TB/Mark/6">6</a></li>
<li><a class="" href="/ind-TB/Mark/7">7</a></li>
<li><a class="" href="/ind-TB/Mark/8">8</a></li>
<li><a class="" href="/ind-TB/Mark/9">9</a></li>
<li><a class="" href="/ind-TB/Mark/10">10</a></li>
<li><a class="" href="/ind-TB/Mark/11">11</a></li>
<li><a class="" href="/ind-TB/Mark/12">12</a></li>
<li><a class="" href="/ind-TB/Mark/13">13</a></li>
<li><a class="" href="/ind-TB/Mark/14">14</a></li>
<li><a class="" href="/ind-TB/Mark/15">15</a></li>
<li><a class="" href="/ind-TB/Mark/16">16</a></li>
</ul></li>
<li id="Luke"><a data-ajax="false" data-no-loading="" href="/ind-TB/Luke#Luke">Lukas <span class="icon-down-open-1"/></a>
<ul class="chapter hide"><li><a class="" href="/ind-TB/Luke/1">1</a></li>
<li><a class="" href="/ind-TB/Luke/2">2</a></li>
<li><a class="" href="/ind-TB/Luke/3">3</a></li>
<li><a class="" href="/ind-TB/Luke/4">4</a></li>
<li><a class="" href="/ind-TB/Luke/5">5</a></li>
<li><a class="" href="/ind-TB/Luke/6">6</a></li>
<li><a class="" href="/ind-TB/Luke/7">7</a></li>
<li><a class="" href="/ind-TB/Luke/8">8</a></li>
<li><a class="" href="/ind-TB/Luke/9">9</a></li>
<li><a class="" href="/ind-TB/Luke/10">10</a></li>
<li><a class="" href="/ind-TB/Luke/11">11</a></li>
<li><a class="" href="/ind-TB/Luke/12">12</a></li>
<li><a class="" href="/ind-TB/Luke/13">13</a></li>
<li><a class="" href="/ind-TB/Luke/14">14</a></li>
<li><a class="" href="/ind-TB/Luke/15">15</a></li>
<li><a class="" href="/ind-TB/Luke/16">16</a></li>
<li><a class="" href="/ind-TB/Luke/17">17</a></li>
<li><a class="" href="/ind-TB/Luke/18">18</a></li>
<li><a class="" href="/ind-TB/Luke/19">19</a></li>
<li><a class="" href="/ind-TB/Luke/20">20</a></li>
<li><a class="" href="/ind-TB/Luke/21">21</a></li>
<li><a class="" href="/ind-TB/Luke/22">22</a></li>
<li><a class="" href="/ind-TB/Luke/23">23</a></li>
<li><a class="" href="/ind-TB/Luke/24">24</a></li>
</ul></li>
<li id="John"><a data-ajax="false" data-no-loading="" href="/ind-TB/John#John">Yohanes <span class="icon-down-open-1"/></a>
<ul class="chapter hide"><li><a class="" href="/ind-TB/John/1">1</a></li>
<li><a class="" href="/ind-TB/John/2">2</a></li>
<li><a class="" href="/ind-TB/John/3">3</a></li>
<li><a class="" href="/ind-TB/John/4">4</a></li>
<li><a class="" href="/ind-TB/John/5">5</a></li>
<li><a class="" href="/ind-TB/John/6">6</a></li>
<li><a class="" href="/ind-TB/John/7">7</a></li>
<li><a class="" href="/ind-TB/John/8">8</a></li>
<li><a class="" href="/ind-TB/John/9">9</a></li>
<li><a class="" href="/ind-TB/John/10">10</a></li>
<li><a class="" href="/ind-TB/John/11">11</a></li>
<li><a class="" href="/ind-TB/John/12">12</a></li>
<li><a class="" href="/ind-TB/John/13">13</a></li>
<li><a class="" href="/ind-TB/John/14">14</a></li>
<li><a class="" href="/ind-TB/John/15">15</a></li>
<li><a class="" href="/ind-TB/John/16">16</a></li>
<li><a class="" href="/ind-TB/John/17">17</a></li>
<li><a class="" href="/ind-TB/John/18">18</a></li>
<li><a class="" href="/ind-TB/John/19">19</a></li>
<li><a class="" href="/ind-TB/John/20">20</a></li>
<li><a class="" href="/ind-TB/John/21">21</a></li>
</ul></li>
<li id="Acts"><a data-ajax="false" data-no-loading="" href="/ind-TB/Acts#Acts">Kisah Para Rasul <span class="icon-down-open-1"/></a>
<ul class="chapter hide"><li><a class="" href="/ind-TB/Acts/1">1</a></li>
<li><a class="" href="/ind-TB/Acts/2">2</a></li>
<li><a class="" href="/ind-TB/Acts/3">3</a></li>
<li><a class="" href="/ind-TB/Acts/4">4</a></li>
<li><a class="" href="/ind-TB/Acts/5">5</a></li>
<li><a class="" href="/ind-TB/Acts/6">6</a></li>
<li><a class="" href="/ind-TB/Acts/7">7</a></li>
<li><a class="" href="/ind-TB/Acts/8">8</a></li>
<li><a class="" href="/ind-TB/Acts/9">9</a></li>
<li><a class="" href="/ind-TB/Acts/10">10</a></li>
<li><a class="" href="/ind-TB/Acts/11">11</a></li>
<li><a class="" href="/ind-TB/Acts/12">12</a></li>
<li><a class="" href="/ind-TB/Acts/13">13</a></li>
<li><a class="" href="/ind-TB/Acts/14">14</a></li>
<li><a class="" href="/ind-TB/Acts/15">15</a></li>
<li><a class="" href="/ind-TB/Acts/16">16</a></li>
<li><a class="" href="/ind-TB/Acts/17">17</a></li>
<li><a class="" href="/ind-TB/Acts/18">18</a></li>
<li><a class="" href="/ind-TB/Acts/19">19</a></li>
<li><a class="" href="/ind-TB/Acts/20">20</a></li>
<li><a class="" href="/ind-TB/Acts/21">21</a></li>
<li><a class="" href="/ind-TB/Acts/22">22</a></li>
<li><a class="" href="/ind-TB/Acts/23">23</a></li>
<li><a class="" href="/ind-TB/Acts/24">24</a></li>
<li><a class="" href="/ind-TB/Acts/25">25</a></li>
<li><a class="" href="/ind-TB/Acts/26">26</a></li>
<li><a class="" href="/ind-TB/Acts/27">27</a></li>
<li><a class="" href="/ind-TB/Acts/28">28</a></li>
</ul></li>
<li id="Rom"><a data-ajax="false" data-no-loading="" href="/ind-TB/Rom#Rom">Roma <span class="icon-down-open-1"/></a>
<ul class="chapter hide"><li><a class="" href="/ind-TB/Rom/1">1</a></li>
<li><a class="" href="/ind-TB/Rom/2">2</a></li>
<li><a class="" href="/ind-TB/Rom/3">3</a></li>
<li><a class="" href="/ind-TB/Rom/4">4</a></li>
<li><a class="" href="/ind-TB/Rom/5">5</a></li>
<li><a class="" href="/ind-TB/Rom/6">6</a></li>
<li><a class="" href="/ind-TB/Rom/7">7</a></li>
<li><a class="" href="/ind-TB/Rom/8">8</a></li>
<li><a class="" href="/ind-TB/Rom/9">9</a></li>
<li><a class="" href="/ind-TB/Rom/10">10</a></li>
<li><a class="" href="/ind-TB/Rom/11">11</a></li>
<li><a class="" href="/ind-TB/Rom/12">12</a></li>
<li><a class="" href="/ind-TB/Rom/13">13</a></li>
<li><a class="" href="/ind-TB/Rom/14">14</a></li>
<li><a class="" href="/ind-TB/Rom/15">15</a></li>
<li><a class="" href="/ind-TB/Rom/16">16</a></li>
</ul></li>
<li id="1Cor"><a data-ajax="false" data-no-loading="" href="/ind-TB/1Cor#1Cor">1 Korintus <span class="icon-down-open-1"/></a>
<ul class="chapter hide"><li><a class="" href="/ind-TB/1Cor/1">1</a></li>
<li><a class="" href="/ind-TB/1Cor/2">2</a></li>
<li><a class="" href="/ind-TB/1Cor/3">3</a></li>
<li><a class="" href="/ind-TB/1Cor/4">4</a></li>
<li><a class="" href="/ind-TB/1Cor/5">5</a></li>
<li><a class="" href="/ind-TB/1Cor/6">6</a></li>
<li><a class="" href="/ind-TB/1Cor/7">7</a></li>
<li><a class="" href="/ind-TB/1Cor/8">8</a></li>
<li><a class="" href="/ind-TB/1Cor/9">9</a></li>
<li><a class="" href="/ind-TB/1Cor/10">10</a></li>
<li><a class="" href="/ind-TB/1Cor/11">11</a></li>
<li><a class="" href="/ind-TB/1Cor/12">12</a></li>
<li><a class="" href="/ind-TB/1Cor/13">13</a></li>
<li><a class="" href="/ind-TB/1Cor/14">14</a></li>
<li><a class="" href="/ind-TB/1Cor/15">15</a></li>
<li><a class="" href="/ind-TB/1Cor/16">16</a></li>
</ul></li>
<li id="2Cor"><a data-ajax="false" data-no-loading="" href="/ind-TB/2Cor#2Cor">2 Korintus <span class="icon-down-open-1"/></a>
<ul class="chapter hide"><li><a class="" href="/ind-TB/2Cor/1">1</a></li>
<li><a class="" href="/ind-TB/2Cor/2">2</a></li>
<li><a class="" href="/ind-TB/2Cor/3">3</a></li>
<li><a class="" href="/ind-TB/2Cor/4">4</a></li>
<li><a class="" href="/ind-TB/2Cor/5">5</a></li>
<li><a class="" href="/ind-TB/2Cor/6">6</a></li>
<li><a class="" href="/ind-TB/2Cor/7">7</a></li>
<li><a class="" href="/ind-TB/2Cor/8">8</a></li>
<li><a class="" href="/ind-TB/2Cor/9">9</a></li>
<li><a class="" href="/ind-TB/2Cor/10">10</a></li>
<li><a class="" href="/ind-TB/2Cor/11">11</a></li>
<li><a class="" href="/ind-TB/2Cor/12">12</a></li>
<li><a class="" href="/ind-TB/2Cor/13">13</a></li>
</ul></li>
<li id="Gal"><a data-ajax="false" data-no-loading="" href="/ind-TB/Gal#Gal">Galatia <span class="icon-down-open-1"/></a>
<ul class="chapter hide"><li><a class="" href="/ind-TB/Gal/1">1</a></li>
<li><a class="" href="/ind-TB/Gal/2">2</a></li>
<li><a class="" href="/ind-TB/Gal/3">3</a></li>
<li><a class="" href="/ind-TB/Gal/4">4</a></li>
<li><a class="" href="/ind-TB/Gal/5">5</a></li>
<li><a class="" href="/ind-TB/Gal/6">6</a></li>
</ul></li>
<li id="Eph"><a data-ajax="false" data-no-loading="" href="/ind-TB/Eph#Eph">Ef <span class="icon-down-open-1"/></a>
<ul class="chapter hide"><li><a class="" href="/ind-TB/Eph/1">1</a></li>
<li><a class="" href="/ind-TB/Eph/2">2</a></li>
<li><a class="" href="/ind-TB/Eph/3">3</a></li>
<li><a class="" href="/ind-TB/Eph/4">4</a></li>
<li><a class="" href="/ind-TB/Eph/5">5</a></li>
<li><a class="" href="/ind-TB/Eph/6">6</a></li>
</ul></li>
<li id="Phil"><a data-ajax="false" data-no-loading="" href="/ind-TB/Phil#Phil">Filipi <span class="icon-down-open-1"/></a>
<ul class="chapter hide"><li><a class="" href="/ind-TB/Phil/1">1</a></li>
<li><a class="" href="/ind-TB/Phil/2">2</a></li>
<li><a class="" href="/ind-TB/Phil/3">3</a></li>
<li><a class="" href="/ind-TB/Phil/4">4</a></li>
</ul></li>
<li id="Col"><a data-ajax="false" data-no-loading="" href="/ind-TB/Col#Col">Kolose <span class="icon-down-open-1"/></a>
<ul class="chapter hide"><li><a class="" href="/ind-TB/Col/1">1</a></li>
<li><a class="" href="/ind-TB/Col/2">2</a></li>
<li><a class="" href="/ind-TB/Col/3">3</a></li>
<li><a class="" href="/ind-TB/Col/4">4</a></li>
</ul></li>
<li id="1Thess"><a data-ajax="false" data-no-loading="" href="/ind-TB/1Thess#1Thess">1 Tesalonika <span class="icon-down-open-1"/></a>
<ul class="chapter hide"><li><a class="" href="/ind-TB/1Thess/1">1</a></li>
<li><a class="" href="/ind-TB/1Thess/2">2</a></li>
<li><a class="" href="/ind-TB/1Thess/3">3</a></li>
<li><a class="" href="/ind-TB/1Thess/4">4</a></li>
<li><a class="" href="/ind-TB/1Thess/5">5</a></li>
</ul></li>
<li id="2Thess"><a data-ajax="false" data-no-loading="" href="/ind-TB/2Thess#2Thess">2 Tesalonika <span class="icon-down-open-1"/></a>
<ul class="chapter hide"><li><a class="" href="/ind-TB/2Thess/1">1</a></li>
<li><a class="" href="/ind-TB/2Thess/2">2</a></li>
<li><a class="" href="/ind-TB/2Thess/3">3</a></li>
</ul></li>
<li id="1Tim"><a data-ajax="false" data-no-loading="" href="/ind-TB/1Tim#1Tim">1 Timotius <span class="icon-down-open-1"/></a>
<ul class="chapter hide"><li><a class="" href="/ind-TB/1Tim/1">1</a></li>
<li><a class="" href="/ind-TB/1Tim/2">2</a></li>
<li><a class="" href="/ind-TB/1Tim/3">3</a></li>
<li><a class="" href="/ind-TB/1Tim/4">4</a></li>
<li><a class="" href="/ind-TB/1Tim/5">5</a></li>
<li><a class="" href="/ind-TB/1Tim/6">6</a></li>
</ul></li>
<li id="2Tim"><a data-ajax="false" data-no-loading="" href="/ind-TB/2Tim#2Tim">2 Timotius <span class="icon-down-open-1"/></a>
<ul class="chapter hide"><li><a class="" href="/ind-TB/2Tim/1">1</a></li>
<li><a class="" href="/ind-TB/2Tim/2">2</a></li>
<li><a class="" href="/ind-TB/2Tim/3">3</a></li>
<li><a class="" href="/ind-TB/2Tim/4">4</a></li>
</ul></li>
<li id="Titus"><a data-ajax="false" data-no-loading="" href="/ind-TB/Titus#Titus">Titus <span class="icon-down-open-1"/></a>
<ul class="chapter hide"><li><a class="" href="/ind-TB/Titus/1">1</a></li>
<li><a class="" href="/ind-TB/Titus/2">2</a></li>
<li><a class="" href="/ind-TB/Titus/3">3</a></li>
</ul></li>
<li id="Phlm"><a data-ajax="false" data-no-loading="" href="/ind-TB/Phlm#Phlm">Filemon <span class="icon-down-open-1"/></a>
<ul class="chapter hide"><li><a class="" href="/ind-TB/Phlm/1">1</a></li>
</ul></li>
<li id="Heb"><a data-ajax="false" data-no-loading="" href="/ind-TB/Heb#Heb">Ibrani <span class="icon-down-open-1"/></a>
<ul class="chapter hide"><li><a class="" href="/ind-TB/Heb/1">1</a></li>
<li><a class="" href="/ind-TB/Heb/2">2</a></li>
<li><a class="" href="/ind-TB/Heb/3">3</a></li>
<li><a class="" href="/ind-TB/Heb/4">4</a></li>
<li><a class="" href="/ind-TB/Heb/5">5</a></li>
<li><a class="" href="/ind-TB/Heb/6">6</a></li>
<li><a class="" href="/ind-TB/Heb/7">7</a></li>
<li><a class="" href="/ind-TB/Heb/8">8</a></li>
<li><a class="" href="/ind-TB/Heb/9">9</a></li>
<li><a class="" href="/ind-TB/Heb/10">10</a></li>
<li><a class="" href="/ind-TB/Heb/11">11</a></li>
<li><a class="" href="/ind-TB/Heb/12">12</a></li>
<li><a class="" href="/ind-TB/Heb/13">13</a></li>
</ul></li>
<li id="Jas"><a data-ajax="false" data-no-loading="" href="/ind-TB/Jas#Jas">Yakobus <span class="icon-down-open-1"/></a>
<ul class="chapter hide"><li><a class="" href="/ind-TB/Jas/1">1</a></li>
<li><a class="" href="/ind-TB/Jas/2">2</a></li>
<li><a class="" href="/ind-TB/Jas/3">3</a></li>
<li><a class="" href="/ind-TB/Jas/4">4</a></li>
<li><a class="" href="/ind-TB/Jas/5">5</a></li>
</ul></li>
<li id="1Pet"><a data-ajax="false" data-no-loading="" href="/ind-TB/1Pet#1Pet">1 Petrus <span class="icon-down-open-1"/></a>
<ul class="chapter hide"><li><a class="" href="/ind-TB/1Pet/1">1</a></li>
<li><a class="" href="/ind-TB/1Pet/2">2</a></li>
<li><a class="" href="/ind-TB/1Pet/3">3</a></li>
<li><a class="" href="/ind-TB/1Pet/4">4</a></li>
<li><a class="" href="/ind-TB/1Pet/5">5</a></li>
</ul></li>
<li id="2Pet"><a data-ajax="false" data-no-loading="" href="/ind-TB/2Pet#2Pet">2 Petrus <span class="icon-down-open-1"/></a>
<ul class="chapter hide"><li><a class="" href="/ind-TB/2Pet/1">1</a></li>
<li><a class="" href="/ind-TB/2Pet/2">2</a></li>
<li><a class="" href="/ind-TB/2Pet/3">3</a></li>
</ul></li>
<li id="1John"><a data-ajax="false" data-no-loading="" href="/ind-TB/1John#1John">1 Yohanes <span class="icon-down-open-1"/></a>
<ul class="chapter hide"><li><a class="" href="/ind-TB/1John/1">1</a></li>
<li><a class="" href="/ind-TB/1John/2">2</a></li>
<li><a class="" href="/ind-TB/1John/3">3</a></li>
<li><a class="" href="/ind-TB/1John/4">4</a></li>
<li><a class="" href="/ind-TB/1John/5">5</a></li>
</ul></li>
<li id="2John"><a data-ajax="false" data-no-loading="" href="/ind-TB/2John#2John">2 Yohanes <span class="icon-down-open-1"/></a>
<ul class="chapter hide"><li><a class="" href="/ind-TB/2John/1">1</a></li>
</ul></li>
<li id="3John"><a data-ajax="false" data-no-loading="" href="/ind-TB/3John#3John">3 Yohanes <span class="icon-down-open-1"/></a>
<ul class="chapter hide"><li><a class="" href="/ind-TB/3John/1">1</a></li>
</ul></li>
<li id="Jude"><a data-ajax="false" data-no-loading="" href="/ind-TB/Jude#Jude">Yudas <span class="icon-down-open-1"/></a>
<ul class="chapter hide"><li><a class="" href="/ind-TB/Jude/1">1</a></li>
</ul></li>
<li id="Rev"><a data-ajax="false" data-no-loading="" href="/ind-TB/Rev#Rev">Wahyu <span class="icon-down-open-1"/></a>
<ul class="chapter hide"><li><a class="" href="/ind-TB/Rev/1">1</a></li>
<li><a class="" href="/ind-TB/Rev/2">2</a></li>
<li><a class="" href="/ind-TB/Rev/3">3</a></li>
<li><a class="" href="/ind-TB/Rev/4">4</a></li>
<li><a class="" href="/ind-TB/Rev/5">5</a></li>
<li><a class="" href="/ind-TB/Rev/6">6</a></li>
<li><a class="" href="/ind-TB/Rev/7">7</a></li>
<li><a class="" href="/ind-TB/Rev/8">8</a></li>
<li><a class="" href="/ind-TB/Rev/9">9</a></li>
<li><a class="" href="/ind-TB/Rev/10">10</a></li>
<li><a class="" href="/ind-TB/Rev/11">11</a></li>
<li><a class="" href="/ind-TB/Rev/12">12</a></li>
<li><a class="" href="/ind-TB/Rev/13">13</a></li>
<li><a class="" href="/ind-TB/Rev/14">14</a></li>
<li><a class="" href="/ind-TB/Rev/15">15</a></li>
<li><a class="" href="/ind-TB/Rev/16">16</a></li>
<li><a class="" href="/ind-TB/Rev/17">17</a></li>
<li><a class="" href="/ind-TB/Rev/18">18</a></li>
<li><a class="" href="/ind-TB/Rev/19">19</a></li>
<li><a class="" href="/ind-TB/Rev/20">20</a></li>
<li><a class="" href="/ind-TB/Rev/21">21</a></li>
<li><a class="" href="/ind-TB/Rev/22">22</a></li>
</ul></li>
</ul></div>
</div>
<script src="//ajax.googleapis.com/ajax/libs/jquery/1.7.1/jquery.min.js"/><script><![CDATA[window.jQuery||document.write('<script src="/javascripts/libraries/jquery-1.7.1.min.js"><\/script>')]]></script><script src="/javascripts/libraries/underscore-min.js"/><script src="/i18n-include/uistrings-i18n-en.js"/><script src="/javascripts/ABS.common.js"/><script src="//d2ue49q0mum86x.cloudfront.net/include/sa.c.js"/><script src="/javascripts/ABS.verseSelector.js"/><script src="/javascripts/mobile/ABS.m.js"/><script src="/javascripts/mobile/libraries/jquery.mobile.custom.min.js"/><!-- end scripts--><!-- Debugger - remove for production --><!-- <script src="https://getfirebug.com/firebug-lite.js"></script> --><!-- Google Analytics Tracking Code --><script><![CDATA[var _gaq=_gaq||[];_gaq.push(['_setAccount','UA-2342140-34']);_gaq.push(['_setAllowLinker',true]);_gaq.push(['_setAllowHash',false]);_gaq.push(['_trackPageview']);_gaq.push(['_trackPageLoadTime']);_gaq.push(['t2._setAccount','UA-2342140-14']);_gaq.push(['t2._setDomainName','none']);_gaq.push(['t2._setAllowLinker',true]);_gaq.push(['t2._setAllowHash',false]);_gaq.push(['t2._trackPageview']);_gaq.push(['t2._trackPageLoadTime']);_gaq.push(['t3._setAccount','UA-2342140-17']);_gaq.push(['t3._setDomainName','none']);_gaq.push(['t3._setAllowLinker',true]);_gaq.push(['t3._setAllowHash',false]);_gaq.push(['t3._trackPageview']);_gaq.push(['t3._trackPageLoadTime']);(function(){var ga=document.createElement('script');ga.type='text/javascript';ga.async=true;ga.src=('https:'==document.location.protocol?'https://ssl':'http://www')+'.google-analytics.com/ga.js';var s=document.getElementsByTagName('script')[0];s.parentNode.insertBefore(ga,s);})();]]></script></body>
</html>
